Item ID,Created Time,Last Modified Time,Item Name,Sales Description,Selling Price,Sales Account,Is Returnable Item,Brand,Manufacturer,Package Weight,Package Length,Package Width,Package Height,Dimension Unit,Weight Unit,Is Receivable Service,Tax Name,Tax Percentage,Tax Type,Purchase Tax Name,Purchase Tax Percentage,Purchase Tax Type,Product Type,Source,Reference ID,Last Sync Time,Status,Unit,Unit Name,SKU,UPC,EAN,ISBN,Part Number,Purchase Price,Purchase Account,Purchase Description,Inventory Account,Inventory Valuation Method,Reorder Level,Preferred Vendor,Location Name,Opening Stock,Opening Stock Value,Stock On Hand,Is Combo Product,Item Type,Sellable,Purchasable,Track Inventory,Product Name,Item Description,AttributeName1,AttributeType1,AttributeName2,AttributeType2,AttributeName3,AttributeType3,AttributeOption1,AttributeOptionData1,AttributeOption2,AttributeOptionData2,AttributeOption3,AttributeOptionData3,Category Name,Parent Category,CUSTOMER TYPE
4516918000000119477,2023-09-25 07:48:50,2026-07-23 12:31:21,FAN-2,"16"" Mist Fan W Remote-1x1",IQD 120000,Sales,true,GEEPAS,,0,0,0,0,cm,kg,,,,,,,,goods,2,,,Active,pcs,Pieces,GF21160,6294015534863,,,GF21160,IQD 82856,Cost of Goods Sold,"16"" Mist Fan W Remote-1x1",Inventory Asset,fifo,,Western International LLC,ERB,34,IQD 82856,8,false,Inventory,true,true,true,FAN-2,"16"" Mist Fan W Remote-1x1",,,,,,,,,,,,,Discontinued,LHH,
4516918000000119490,2023-09-25 07:48:51,2025-11-15 13:05:05,IRON-1,Cordless/CordedSteam Iron/Cermic Sole-1x6,IQD 39000,Sales,true,GEEPAS,,0,0,0,0,cm,kg,,,,,,,,goods,2,,,Active,pcs,Pieces,GSI24015,6294015517927,,,GSI24015,IQD 30092,Cost of Goods Sold,Cordless/CordedSteam Iron/Cermic Sole-1x6,Inventory Asset,fifo,,Western International LLC,ERB,3,IQD 30092,0,false,Inventory,true,true,true,IRON-1,Cordless/CordedSteam Iron/Cermic Sole-1x6,,,,,,,,,,,,,Discontinued,LHH,
4516918000000119503,2023-09-25 07:48:51,2026-08-11 11:51:51,IRON-4,Ceramic Steam Iron/480mLTank/3000W-1x8,IQD 49000,Sales,true,GEEPAS,,0,0,0,0,cm,kg,,,,,,,,goods,2,,,Active,pcs,Pieces,GSI24025,6294015533101,,,GSI24025,IQD 22376,Cost of Goods Sold,Ceramic Steam Iron/480mLTank/3000W-1x8,Inventory Asset,fifo,,Western International LLC,ERB,3,IQD 21585,354,false,Inventory,true,true,true,IRON-4,Ceramic Steam Iron/480mLTank/3000W-1x8,,,,,,,,,,,,,Active,ELC,
4516918000000119516,2023-09-25 07:48:51,2026-08-11 11:51:51,GARMENT STEAMER-1,Garment Steamer/SS NozlePanel/1.5L/2000W,IQD 79000,Sales,true,GEEPAS,,0,0,0,0,cm,kg,,,,,,,,goods,2,,,Active,pcs,Pieces,GGS25022,6294016353265,,,GGS25022,IQD 37746,Cost of Goods Sold,Garment Steamer/SS NozlePanel/1.5L/2000W,Inventory Asset,fifo,,Western International LLC,ERB,141,IQD 34425,632,false,Inventory,true,true,true,GARMENT STEAMER-1,Garment Steamer/SS NozlePanel/1.5L/2000W,,,,,,,,,,,,,Active,ELC,
4516918000000119529,2023-09-25 07:48:51,2025-11-15 13:05:14,VACUUM CLEANER-1,Wet&Dry&Blow S/S Vacuum Cleaner/23L/2400W,IQD 52500,Sales,true,GEEPAS,,0,0,0,0,cm,kg,,,,,,,,goods,2,,,Active,pcs,Pieces,GVC19011,6294015508659,,,GVC19011,IQD 76260,Cost of Goods Sold,Wet&Dry&Blow S/S Vacuum Cleaner/23L/2400W,Inventory Asset,fifo,,Western International LLC,ERB,3,IQD 76260,1,false,Inventory,true,true,true,VACUUM CLEANER-1,Wet&Dry&Blow S/S Vacuum Cleaner/23L/2400W,,,,,,,,,,,,,Discontinued,LHH,
4516918000000119542,2023-09-25 07:48:51,2026-08-10 13:33:53,VACUUM CLEANER-3,Rechargeable Handheld Vaccum Cleaner/Low Noise-1x8,IQD 60000,Sales,true,GEEPAS,,0,0,0,0,cm,kg,,,,,,,,goods,2,,,Active,pcs,Pieces,GVC19015UK,6294015510096,,,GVC19015UK,IQD 37185,Cost of Goods Sold,Rechargeable Handheld Vaccum Cleaner/Low Noise-1x8,Inventory Asset,fifo,,Western International LLC,ERB,22,IQD 37185,13,false,Inventory,true,true,true,VACUUM CLEANER-3,Rechargeable Handheld Vaccum Cleaner/Low Noise-1x8,,,,,,,,,,,,,Clearance,LHH,
4516918000000119555,2023-09-25 07:48:51,2026-08-10 13:33:53,VACUUM CLEANER-4,2In1 Stick& Handheld Vacuum Cleaner/600W-1x6,IQD 89000,Sales,true,GEEPAS,,0,0,0,0,cm,kg,,,,,,,,goods,2,,,Active,pcs,Pieces,GVC2596,6294015506242,,,GVC2596,IQD 41186,Cost of Goods Sold,2In1 Stick& Handheld Vacuum Cleaner/600W-1x6,Inventory Asset,fifo,,Western International LLC,ERB,166,IQD 39675,285,false,Inventory,true,true,true,VACUUM CLEANER-4,2In1 Stick& Handheld Vacuum Cleaner/600W-1x6,,,,,,,,,,,,,Active,ELC,
4516918000000119568,2023-09-25 07:48:51,2026-08-10 13:33:53,VACUUM CLEANER-5,Vacuum Cleanr/3L/Spd Cntrl/Low Noise-1x2,IQD 139000,Sales,true,GEEPAS,,0,0,0,0,cm,kg,,,,,,,,goods,2,,,Active,pcs,Pieces,GVC19023,6294015530988,,,GVC19023,IQD 66691,Cost of Goods Sold,Vacuum Cleanr/3L/Spd Cntrl/Low Noise-1x2,Inventory Asset,fifo,,Western International LLC,ERB,19,IQD 62790,111,false,Inventory,true,true,true,VACUUM CLEANER-5,Vacuum Cleanr/3L/Spd Cntrl/Low Noise-1x2,,,,,,,,,,,,,Active,ELC,
4516918000000119581,2023-09-25 07:48:51,2026-08-10 11:07:53,VACUUM CLEANER-6,Vacuum Cleaner/Dust Capacity 1.5L-1x1,IQD 66000,Sales,true,GEEPAS,,0,0,0,0,cm,kg,,,,,,,,goods,2,,,Active,pcs,Pieces,GVC2594,6294015506051,,,GVC2594,IQD 38926.50431,Cost of Goods Sold,Vacuum Cleaner/Dust Capacity 1.5L-1x1,Inventory Asset,fifo,,Western International LLC,ERB,216,IQD 37045,15,false,Inventory,true,true,true,VACUUM CLEANER-6,Vacuum Cleaner/Dust Capacity 1.5L-1x1,,,,,,,,,,,,,Active,ELC,
4516918000000119594,2023-09-25 07:48:51,2025-11-15 13:05:14,WATER DISPENSER-1,Bottom Load Water Disp/Hot/Cold/Norm-1x1,IQD 208500,Sales,true,GEEPAS,,0,0,0,0,cm,kg,,,,,,,,goods,2,,,Active,pcs,Pieces,GWD17021,6294015519426,,,GWD17021,IQD 188325,Cost of Goods Sold,Bottom Load Water Disp/Hot/Cold/Norm-1x1,Inventory Asset,fifo,,Western International LLC,,,,0,false,Inventory,true,true,true,WATER DISPENSER-1,Bottom Load Water Disp/Hot/Cold/Norm-1x1,,,,,,,,,,,,,Discontinued,LHH,
4516918000000119607,2023-09-25 07:48:52,2026-04-30 08:02:27,HUMIDIFIER-1,Ultrasonic Humidifier/2.6Lcpcty/9Hrs-1x8,IQD 37500,Sales,true,GEEPAS,,0,0,0,0,cm,kg,,,,,,,,goods,2,,,Active,pcs,Pieces,GUH2484,6294015505498,,,GUH2484,IQD 24158,Cost of Goods Sold,Ultrasonic Humidifier/2.6Lcpcty/9Hrs-1x8,Inventory Asset,fifo,,Western International LLC,ERB,1,IQD 24158,2,false,Inventory,true,true,true,HUMIDIFIER-1,Ultrasonic Humidifier/2.6Lcpcty/9Hrs-1x8,,,,,,,,,,,,,Discontinued,LHH,
4516918000000119620,2023-09-25 07:48:52,2026-06-11 14:21:34,JUICE EXTRACTOR-1,Citrus Juicer/Cut& Squeeze/Dual Sqezr-1x6,IQD 45000,Sales,true,GEEPAS,,0,0,0,0,cm,kg,,,,,,,,goods,2,,,Active,pcs,Pieces,GCJ5347,6294010880835,,,GCJ5347,IQD 30080,Cost of Goods Sold,Citrus Juicer/Cut& Squeeze/Dual Sqezr-1x6,Inventory Asset,fifo,,Western International LLC,ERB,5,IQD 30080,3,false,Inventory,true,true,true,JUICE EXTRACTOR-1,Citrus Juicer/Cut& Squeeze/Dual Sqezr-1x6,,,,,,,,,,,,,Clearance,LHH,
4516918000000119633,2023-09-25 07:48:52,2026-08-10 13:33:53,JUICE EXTRACTOR-2,Citrus Juicer/1.0L Plstc cup/25W,IQD 26000,Sales,true,GEEPAS,,0,0,0,0,cm,kg,,,,,,,,goods,2,,,Active,pcs,Pieces,GCJ9900,6294015504361,,,GCJ9900,IQD 12068,Cost of Goods Sold,Citrus Juicer/1.0L Plstc cup/25W,Inventory Asset,fifo,,Western International LLC,ERB,43,IQD 10065,136,false,Inventory,true,true,true,JUICE EXTRACTOR-2,Citrus Juicer/1.0L Plstc cup/25W,,,,,,,,,,,,,Active,ELC,
4516918000000119646,2023-09-25 07:48:52,2025-11-15 13:04:59,COFFEE MAKER-1,Turkish Coffee Maker 4cups Capacity-1x12,IQD 40500,Sales,true,GEEPAS,,0,0,0,0,cm,kg,,,,,,,,goods,2,,,Active,pcs,Pieces,GCM41515,6294015533378,,,GCM41515,IQD 33783,Cost of Goods Sold,Turkish Coffee Maker 4cups Capacity-1x12,Inventory Asset,fifo,,Western International LLC,ERB,1,IQD 33783,0,false,Inventory,true,true,true,COFFEE MAKER-1,Turkish Coffee Maker 4cups Capacity-1x12,,,,,,,,,,,,,Discontinued,LHH,
4516918000000119659,2023-09-25 07:48:52,2026-08-10 11:18:17,COFFEE MAKER-3,Capsule Coffee Maker/0.65L WaterTank-1x2,IQD 155000,Sales,true,GEEPAS,,0,0,0,0,cm,kg,,,,,,,,goods,2,,,Active,pcs,Pieces,GCM41509,6294015530087,,,GCM41509,IQD 92430,Cost of Goods Sold,Capsule Coffee Maker/0.65L WaterTank-1x2,Inventory Asset,fifo,,Western International LLC,ERB,44,IQD 92430,21,false,Inventory,true,true,true,COFFEE MAKER-3,Capsule Coffee Maker/0.65L WaterTank-1x2,,,,,,,,,,,,,Clearance,LHH,
4516918000000119672,2023-09-25 07:48:52,2026-08-10 13:39:03,COFFEE MAKER-4,Turkish Coffee Maker SS/0.8L-1x40,IQD 22000,Sales,true,GEEPAS,,0,0,0,0,cm,kg,,,,,,,,goods,2,,,Active,pcs,Pieces,GK38050,6294015534115,,,GK38050,IQD 8940,Cost of Goods Sold,Turkish Coffee Maker SS/0.8L-1x40,Inventory Asset,fifo,,Western International LLC,ERB,88,IQD 9495,97,false,Inventory,true,true,true,COFFEE MAKER-4,Turkish Coffee Maker SS/0.8L-1x40,,,,,,,,,,,,,Active,ELC,
4516918000000119685,2023-09-25 07:48:52,2026-08-10 13:33:53,BLENDER-1,Blender 3-In-1 /400W-1x4,IQD 59000,Sales,true,GEEPAS,,0,0,0,0,cm,kg,,,,,,,,goods,2,,,Active,pcs,Pieces,GSB44034,6294015531695,,,GSB44034,IQD 27231,Cost of Goods Sold,Blender 3-In-1 /400W-1x4,Inventory Asset,fifo,,Western International LLC,ERB,4,IQD 29865,31,false,Inventory,true,true,true,BLENDER-1,Blender 3-In-1 /400W-1x4,,,,,,,,,,,,,Active,ELC,
4516918000000119698,2023-09-25 07:48:52,2026-07-28 12:50:24,BLENDER-2,2 in1 Electric Blender with GlassJar-1x4,IQD 60000,Sales,true,GEEPAS,,0,0,0,0,cm,kg,,,,,,,,goods,2,,,Active,pcs,Pieces,GSB1603,6294001701286,,,GSB1603,IQD 36195,Cost of Goods Sold,2 in1 Electric Blender with GlassJar-1x4,Inventory Asset,fifo,,Western International LLC,,,,2,false,Inventory,true,true,true,BLENDER-2,2 in1 Electric Blender with GlassJar-1x4,,,,,,,,,,,,,Clearance,LHH,
4516918000000119711,2023-09-25 07:48:53,2026-06-23 21:57:50,HAND BLENDER-1,Hand Blender/2Spd/Plastic stick/200W,IQD 16000,Sales,true,GEEPAS,,0,0,0,0,cm,kg,,,,,,,,goods,2,,,Active,pcs,Pieces,GHB43039UK,6294015529807,,,GHB43039UK,IQD 8669,Cost of Goods Sold,Hand Blender/2Spd/Plastic stick/200W,Inventory Asset,fifo,,Western International LLC,ERB,256,IQD 8669,10,false,Inventory,true,true,true,HAND BLENDER-1,Hand Blender/2Spd/Plastic stick/200W,,,,,,,,,,,,,Discontinued,LHH,
4516918000000119724,2023-09-25 07:48:53,2026-08-10 13:33:53,HAND BLENDER-2,Hand Blender/1Spd/Plas Stick/SS Blade-1x16,IQD 24000,Sales,true,GEEPAS,,0,0,0,0,cm,kg,,,,,,,,goods,2,,,Active,pcs,Pieces,GHB6143,6294015502107,,,GHB6143,IQD 11253.65444,Cost of Goods Sold,Hand Blender/1Spd/Plas Stick/SS Blade-1x16,Inventory Asset,fifo,,Western International LLC,ERB,7,IQD 10110,182,false,Inventory,true,true,true,HAND BLENDER-2,Hand Blender/1Spd/Plas Stick/SS Blade-1x16,,,,,,,,,,,,,Active,ELC,
4516918000000119737,2023-09-25 07:48:53,2025-11-15 13:04:59,COFFEE GRINDER-1,Coffee Grinder/SS Blade/50G-1x12,IQD 19500,Sales,true,GEEPAS,,0,0,0,0,cm,kg,,,,,,,,goods,2,,,Active,pcs,Pieces,GCG41012,6294015517965,,,GCG41012,IQD 13983,Cost of Goods Sold,Coffee Grinder/SS Blade/50G-1x12,Inventory Asset,fifo,,Western International LLC,ERB,86,IQD 13983,2,false,Inventory,true,true,true,COFFEE GRINDER-1,Coffee Grinder/SS Blade/50G-1x12,,,,,,,,,,,,,Discontinued,LHH,
4516918000000119750,2023-09-25 07:48:53,2026-02-05 09:32:42,CHOPPER-1,Rech.Mini Choppr/2Blade-SS/300Ml/USB-1x24,IQD 18000,Sales,true,GEEPAS,,0,0,0,0,cm,kg,,,,,,,,goods,2,,,Active,pcs,Pieces,GMC42022,6294015532180,,,GMC42022,IQD 11371,Cost of Goods Sold,Rech.Mini Choppr/2Blade-SS/300Ml/USB-1x24,Inventory Asset,fifo,,Western International LLC,ERB,93,IQD 11371,7,false,Inventory,true,true,true,CHOPPER-1,Rech.Mini Choppr/2Blade-SS/300Ml/USB-1x24,,,,,,,,,,,,,Discontinued,LHH,
4516918000000119763,2023-09-25 07:48:53,2025-11-15 13:05:01,ELECTRIC KETTLE-1,Double Layer Electric Kettle/1.2L-1x16,IQD 28500,Sales,true,GEEPAS,,0,0,0,0,cm,kg,,,,,,,,goods,2,,,Active,pcs,Pieces,GK38012,6294015507430,,,GK38012,IQD 18585,Cost of Goods Sold,Double Layer Electric Kettle/1.2L-1x16,Inventory Asset,fifo,,Western International LLC,ERB,2,IQD 18585,0,false,Inventory,true,true,true,ELECTRIC KETTLE-1,Double Layer Electric Kettle/1.2L-1x16,,,,,,,,,,,,,Discontinued,LHH,
4516918000000119776,2023-09-25 07:48:53,2026-05-11 21:22:33,ELECTRIC KETTLE-2,1.8L Kettle SS -1x12,IQD 22500,Sales,true,GEEPAS,,0,0,0,0,cm,kg,,,,,,,,goods,2,,,Active,pcs,Pieces,GK38042,6294016353258,,,GK38042,IQD 10293.8325,Cost of Goods Sold,1.8L Kettle SS -1x12,Inventory Asset,fifo,,Western International LLC,ERB,2,IQD 9570,15,false,Inventory,true,true,true,ELECTRIC KETTLE-2,1.8L Kettle SS -1x12,,,,,,,,,,,,,Active,ELC,
4516918000000119789,2023-09-25 07:48:53,2026-06-01 14:27:13,ELECTRIC KETTLE-3,1.8L Kettle SS/1500W/AutoCutoff-1x12,IQD 15000,Sales,true,GEEPAS,,0,0,0,0,cm,kg,,,,,,,,goods,2,,,Active,pcs,Pieces,GK38053,6294015535099,,,GK38053,IQD 12750,Cost of Goods Sold,1.8L Kettle SS/1500W/AutoCutoff-1x12,Inventory Asset,fifo,,Western International LLC,ERB,2,IQD 12750,0,false,Inventory,true,true,true,ELECTRIC KETTLE-3,1.8L Kettle SS/1500W/AutoCutoff-1x12,,,,,,,,,,,,,Clearance,LHH,
4516918000000119802,2023-09-25 07:48:53,2026-08-11 11:51:51,ELECTRIC KETTLE-5,1.8L GlassKettle/W Temp Level -1x12,IQD 29000,Sales,true,GEEPAS,,0,0,0,0,cm,kg,,,,,,,,goods,2,,,Active,pcs,Pieces,GK9901,6294015504675,,,GK9901,IQD 12422.64699,Cost of Goods Sold,1.8L GlassKettle/W Temp Level -1x12,Inventory Asset,fifo,,Western International LLC,ERB,86,IQD 11265,203,false,Inventory,true,true,true,ELECTRIC KETTLE-5,1.8L GlassKettle/W Temp Level -1x12,,,,,,,,,,,,,Active,ELC,
4516918000000119815,2023-09-25 07:48:54,2025-11-15 13:05:01,ELECTRIC KETTLE-7,1.7L Plastic Kettle/Water Gauge-1x8,IQD 18000,Sales,true,GEEPAS,,0,0,0,0,cm,kg,,,,,,,,goods,2,,,Active,pcs,Pieces,GK38029UK,6294016353395,,,GK38029UK,IQD 9903,Cost of Goods Sold,1.7L Plastic Kettle/Water Gauge-1x8,Inventory Asset,fifo,,Western International LLC,ERB,48,IQD 9903,3,false,Inventory,true,true,true,ELECTRIC KETTLE-7,1.7L Plastic Kettle/Water Gauge-1x8,,,,,,,,,,,,,Discontinued,LHH,
4516918000000119828,2023-09-25 07:48:54,2026-08-09 11:44:24,GRILL MAKER-1,Grill Maker/ SS/Nonstck Grill Surface-1x4,IQD 55000,Sales,true,GEEPAS,,0,0,0,0,cm,kg,,,,,,,,goods,2,,,Active,pcs,Pieces,GGM5394,6294010882013,,,GGM5394,IQD 28780,Cost of Goods Sold,Grill Maker/ SS/Nonstck Grill Surface-1x4,Inventory Asset,fifo,,Western International LLC,ERB,27,IQD 28460,1,false,Inventory,true,true,true,GRILL MAKER-1,Grill Maker/ SS/Nonstck Grill Surface-1x4,,,,,,,,,,,,,Clearance,LHH,
4516918000000119841,2023-09-25 07:48:54,2025-11-15 13:05:03,GRILL MAKER-2,Mulifunction Grill Maker/Detachable cooking Plate-1x3,IQD 36000,Sales,true,GEEPAS,,0,0,0,0,cm,kg,,,,,,,,goods,2,,,Active,pcs,Pieces,GGM5458,6294010887629,,,GGM5458,IQD 56205,Cost of Goods Sold,Mulifunction Grill Maker/Detachable cooking Plate-1x3,Inventory Asset,fifo,,Western International LLC,ERB,11,IQD 56205,1,false,Inventory,true,true,true,GRILL MAKER-2,Mulifunction Grill Maker/Detachable cooking Plate-1x3,,,,,,,,,,,,,Discontinued,LHH,
4516918000000119854,2023-09-25 07:48:54,2026-08-10 13:33:53,GRILL MAKER-3,2 Slize Grill Maker 750 W /Non stick Cooking Plate,IQD 29000,Sales,true,GEEPAS,,0,0,0,0,cm,kg,,,,,,,,goods,2,,,Active,pcs,Pieces,GGM6001,6294015500721,,,GGM6001,IQD 12891.13836,Cost of Goods Sold,2 Slize Grill Maker 750 W /Non stick Cooking Plate,Inventory Asset,fifo,,Western International LLC,ERB,10,IQD 11295,442,false,Inventory,true,true,true,GRILL MAKER-3,2 Slize Grill Maker 750 W /Non stick Cooking Plate,,,,,,,,,,,,,Active,ELC,
4516918000000119867,2023-09-25 07:48:54,2025-11-15 13:04:58,BREAD TOASTER-1,2 Slice Bread Toaster/crumb tray-1x6,IQD 25500,Sales,true,GEEPAS,,0,0,0,0,cm,kg,,,,,,,,goods,2,,,Active,pcs,Pieces,GBT36515,6294015522778,,,GBT36515,IQD 15570,Cost of Goods Sold,2 Slice Bread Toaster/crumb tray-1x6,Inventory Asset,fifo,,Western International LLC,ERB,6,IQD 15570,0,false,Inventory,true,true,true,BREAD TOASTER-1,2 Slice Bread Toaster/crumb tray-1x6,,,,,,,,,,,,,Discontinued,LHH,
4516918000000119880,2023-09-25 07:48:54,2025-12-11 22:33:53,BREAD TOASTER-2,2Slice Bread Toaster/Crumbtray/7 settnig-1x4,IQD 19500,Sales,true,GEEPAS,,0,0,0,0,cm,kg,,,,,,,,goods,2,,,Active,pcs,Pieces,GBT36536,6294015530407,,,GBT36536,IQD 30780,Cost of Goods Sold,2Slice Bread Toaster/Crumbtray/7 settnig-1x4,Inventory Asset,fifo,,Western International LLC,ERB,2,IQD 30780,1,false,Inventory,true,true,true,BREAD TOASTER-2,2Slice Bread Toaster/Crumbtray/7 settnig-1x4,,,,,,,,,,,,,Discontinued,LHH,
4516918000000119893,2023-09-25 07:48:54,2026-06-23 21:51:19,DEEP FRYER-1,Deep Fryer/1.5 L/Non stick Coating-1x2,IQD 31500,Sales,true,GEEPAS,,0,0,0,0,cm,kg,,,,,,,,goods,2,,,Active,pcs,Pieces,GDF36016,6294015530476,,,GDF36016,IQD 38745,Cost of Goods Sold,Deep Fryer/1.5 L/Non stick Coating-1x2,Inventory Asset,fifo,,Western International LLC,ERB,7,IQD 38745,4,false,Inventory,true,true,true,DEEP FRYER-1,Deep Fryer/1.5 L/Non stick Coating-1x2,,,,,,,,,,,,,Discontinued,LHH,
4516918000000119906,2023-09-25 07:48:54,2026-05-16 13:50:09,AIR FRYER-1,Air Fryer/8L/Oil Free/Timer /1700W-1x1,IQD 132000,Sales,true,GEEPAS,,0,0,0,0,cm,kg,,,,,,,,goods,2,,,Active,pcs,Pieces,GAF37520,6294015531046,,,GAF37520,IQD 93300,Cost of Goods Sold,Air Fryer/8L/Oil Free/Timer /1700W-1x1,Inventory Asset,fifo,,Western International LLC,ERB,2,IQD 93300,1,false,Inventory,true,true,true,AIR FRYER-1,Air Fryer/8L/Oil Free/Timer /1700W-1x1,,,,,,,,,,,,,Discontinued,LHH,
4516918000000119919,2023-09-25 07:48:54,2025-11-15 13:04:57,AIR FRYER-2,Air Fryer /Oil Free/4.2L/Cool&Touch-1x2,IQD 88500,Sales,true,GEEPAS,,0,0,0,0,cm,kg,,,,,,,,goods,2,,,Active,pcs,Pieces,GAF37517,6294016354989,,,GAF37517,IQD 71295,Cost of Goods Sold,Air Fryer /Oil Free/4.2L/Cool&Touch-1x2,Inventory Asset,fifo,,Western International LLC,ERB,2,IQD 71295,2,false,Inventory,true,true,true,AIR FRYER-2,Air Fryer /Oil Free/4.2L/Cool&Touch-1x2,,,,,,,,,,,,,Discontinued,LHH,
4516918000000119932,2023-09-25 07:48:55,2026-08-09 08:33:51,TRIMMER-1,Stubble Trimmer-1x24,IQD 16000,Sales,true,GEEPAS,,0,0,0,0,cm,kg,,,,,,,,goods,2,,,Active,pcs,Pieces,GTR56011,6294015508703,,,GTR56011,IQD 7101,Cost of Goods Sold,Stubble Trimmer-1x24,Inventory Asset,fifo,,Western International LLC,ERB,210,IQD 9465,5,false,Inventory,true,true,true,TRIMMER-1,Stubble Trimmer-1x24,,,,,,,,,,,,,Active,ELC,
4516918000000119945,2023-09-25 07:48:55,2026-08-10 13:39:03,TRIMMER-2,Rechargeable Trimmer/USB charge cable-1x20,IQD 18000,Sales,true,GEEPAS,,0,0,0,0,cm,kg,,,,,,,,goods,2,,,Active,pcs,Pieces,GTR56024,6294015517798,,,GTR56024,IQD 7578,Cost of Goods Sold,Rechargeable Trimmer/USB charge cable-1x20,Inventory Asset,fifo,,Western International LLC,ERB,193,IQD 6000,134,false,Inventory,true,true,true,TRIMMER-2,Rechargeable Trimmer/USB charge cable-1x20,,,,,,,,,,,,,Active,ELC,
4516918000000119958,2023-09-25 07:48:55,2026-01-23 19:05:58,TRIMMER-3,Rechargeable Hair Clipper/USB Charge/LED Display- 1x24,IQD 24000,Sales,true,GEEPAS,,0,0,0,0,cm,kg,,,,,,,,goods,2,,,Active,pcs,Pieces,GTR56028,6294015534382,,,GTR56028,IQD 15765,Cost of Goods Sold,Rechargeable Hair Clipper/USB Charge/LED Display- 1x24,Inventory Asset,fifo,,Western International LLC,ERB,1,IQD 15765,0,false,Inventory,true,true,true,TRIMMER-3,Rechargeable Hair Clipper/USB Charge/LED Display- 1x24,,,,,,,,,,,,,Discontinued,LHH,
4516918000000119971,2023-09-25 07:48:55,2025-11-15 13:05:13,TRIMMER-4,Rechargeable Hair Trimmer&Body groomr/600mah-1x24,IQD 18000,Sales,true,GEEPAS,,0,0,0,0,cm,kg,,,,,,,,goods,2,,,Active,pcs,Pieces,GTR56037,6294015535730,,,GTR56037,IQD 11926,Cost of Goods Sold,Rechargeable Hair Trimmer&Body groomr/600mah-1x24,Inventory Asset,fifo,,Western International LLC,ERB,6,IQD 11926,0,false,Inventory,true,true,true,TRIMMER-4,Rechargeable Hair Trimmer&Body groomr/600mah-1x24,,,,,,,,,,,,,Discontinued,LHH,
4516918000000119984,2023-09-25 07:48:55,2025-11-15 13:05:13,TRIMMER-5,Recharable Hair and Beard Trimmer/45Mins-1x20,IQD 19500,Sales,true,GEEPAS,,0,0,0,0,cm,kg,,,,,,,,goods,2,,,Active,pcs,Pieces,GTR56047,6294015541496,,,GTR56047,IQD 12477,Cost of Goods Sold,Recharable Hair and Beard Trimmer/45Mins-1x20,Inventory Asset,fifo,,Western International LLC,ERB,2,IQD 12477,0,false,Inventory,true,true,true,TRIMMER-5,Recharable Hair and Beard Trimmer/45Mins-1x20,,,,,,,,,,,,,Discontinued,LHH,
4516918000000119997,2023-09-25 07:48:55,2025-12-20 09:00:11,TRIMMER-7,AC Hair Clipper/Ceramic Blade-1x20,IQD 16500,Sales,true,GEEPAS,,0,0,0,0,cm,kg,,,,,,,,goods,2,,,Active,pcs,Pieces,GTR8654,6294010889111,,,GTR8654,IQD 10130,Cost of Goods Sold,AC Hair Clipper/Ceramic Blade-1x20,Inventory Asset,fifo,,Western International LLC,ERB,8,IQD 10130,0,false,Inventory,true,true,true,TRIMMER-7,AC Hair Clipper/Ceramic Blade-1x20,,,,,,,,,,,,,Discontinued,LHH,
4516918000000120010,2023-09-25 07:48:55,2026-03-07 11:09:26,TRIMMER-8,Rechargeable Shaver-1x40,IQD 13500,Sales,true,GEEPAS,,0,0,0,0,cm,kg,,,,,,,,goods,2,,,Active,pcs,Pieces,GSR8695,6294015501261,,,GSR8695,IQD 8785,Cost of Goods Sold,Rechargeable Shaver-1x40,Inventory Asset,fifo,,Western International LLC,ERB,3,IQD 8785,0,false,Inventory,true,true,true,TRIMMER-8,Rechargeable Shaver-1x40,,,,,,,,,,,,,Clearance,LHH,
4516918000000120023,2023-09-25 07:48:55,2026-08-10 13:39:03,TRIMMER-9,Ear& Nose Trimmer-1x200,IQD 8500,Sales,true,GEEPAS,,0,0,0,0,cm,kg,,,,,,,,goods,2,,,Active,pcs,Pieces,GNT8651,6294010889081,,,GNT8651,IQD 2991,Cost of Goods Sold,Ear& Nose Trimmer-1x200,Inventory Asset,fifo,,Western International LLC,ERB,31,IQD 3225,292,false,Inventory,true,true,true,TRIMMER-9,Ear& Nose Trimmer-1x200,,,,,,,,,,,,,Active,ELC,
4516918000000120036,2023-09-25 07:48:56,2026-08-11 11:51:51,MENS SHAVER-1,Rechargeable Men's Shaver/Water Proof/LED Display-1x24,IQD 28000,Sales,true,GEEPAS,,0,0,0,0,cm,kg,,,,,,,,goods,2,,,Active,pcs,Pieces,GSR57501,6294015534146,,,GSR57501,IQD 11432.92764,Cost of Goods Sold,Rechargeable Men's Shaver/Water Proof/LED Display-1x24,Inventory Asset,fifo,,Western International LLC,ERB,66,IQD 13905,105,false,Inventory,true,true,true,MENS SHAVER-1,Rechargeable Men's Shaver/Water Proof/LED Display-1x24,,,,,,,,,,,,,Active,ELC,
4516918000000120049,2023-09-25 07:48:56,2026-04-30 08:40:12,LADIES EPILATOR-1,Rechargeable Ladys Shaver-1x20,IQD 13500,Sales,true,GEEPAS,,0,0,0,0,cm,kg,,,,,,,,goods,2,,,Active,pcs,Pieces,GLS8678,6294010889562,,,GLS8678,IQD 13823,Cost of Goods Sold,Rechargeable Ladys Shaver-1x20,Inventory Asset,fifo,,Western International LLC,ERB,4,IQD 13823,1,false,Inventory,true,true,true,LADIES EPILATOR-1,Rechargeable Ladys Shaver-1x20,,,,,,,,,,,,,Clearance,LHH,
4516918000000120062,2023-09-25 07:48:56,2026-08-10 08:59:13,LADIES EPILATOR-2,SatinTouch Epil-2/Watrproof/Protector Cap-1x24,IQD 24000,Sales,true,GEEPAS,,0,0,0,0,cm,kg,,,,,,,,goods,2,,,Active,pcs,Pieces,GLE86034,6294015511871,,,GLE86034,IQD 13395,Cost of Goods Sold,SatinTouch Epil-2/Watrproof/Protector Cap-1x24,Inventory Asset,fifo,,Western International LLC,ERB,86,IQD 13395,14,false,Inventory,true,true,true,LADIES EPILATOR-2,SatinTouch Epil-2/Watrproof/Protector Cap-1x24,,,,,,,,,,,,,Clearance,LHH,
4516918000000120075,2023-09-25 07:48:56,2025-11-15 13:05:07,LADIES EPILATOR-3,Light Lady Shaver/Sharp Blade/USB-1x100,IQD 13500,Sales,true,GEEPAS,,0,0,0,0,cm,kg,,,,,,,,goods,2,,,Active,pcs,Pieces,GLS86039,6294016354811,,,GLS86039,IQD 7402,Cost of Goods Sold,Light Lady Shaver/Sharp Blade/USB-1x100,Inventory Asset,fifo,,Western International LLC,ERB,2,IQD 7402,0,false,Inventory,true,true,true,LADIES EPILATOR-3,Light Lady Shaver/Sharp Blade/USB-1x100,,,,,,,,,,,,,Discontinued,LHH,
4516918000000120088,2023-09-25 07:48:56,2025-11-15 13:05:07,LADIES EPILATOR-4,Rechargeable Lady Shaver/4Floatng Head/USB-1x40,IQD 24000,Sales,true,GEEPAS,,0,0,0,0,cm,kg,,,,,,,,goods,2,,,Active,pcs,Pieces,GLS86042,6294016354842,,,GLS86042,IQD 15830,Cost of Goods Sold,Rechargeable Lady Shaver/4Floatng Head/USB-1x40,Inventory Asset,fifo,,Western International LLC,ERB,4,IQD 15830,0,false,Inventory,true,true,true,LADIES EPILATOR-4,Rechargeable Lady Shaver/4Floatng Head/USB-1x40,,,,,,,,,,,,,Discontinued,LHH,
4516918000000120101,2023-09-25 07:48:56,2026-02-28 14:57:34,LADIES EPILATOR-5,4 In 1 Lady's Grooming Set-1x60,IQD 22500,Sales,true,GEEPAS,,0,0,0,0,cm,kg,,,,,,,,goods,2,,,Active,pcs,Pieces,GLS86058,6294015534313,,,GLS86058,IQD 13101,Cost of Goods Sold,4 In 1 Lady's Grooming Set-1x60,Inventory Asset,fifo,,Western International LLC,ERB,3,IQD 13101,0,false,Inventory,true,true,true,LADIES EPILATOR-5,4 In 1 Lady's Grooming Set-1x60,,,,,,,,,,,,,Clearance,LHH,
4516918000000120114,2023-09-25 07:48:56,2026-08-11 11:51:51,LADIES EPILATOR-6,Rechargeable Ladies Epilator Set-1x24,IQD 26000,Sales,true,GEEPAS,,0,0,0,0,cm,kg,,,,,,,,goods,2,,,Active,pcs,Pieces,GLS8690,6294015501216,,,GLS8690,IQD 11740.44051,Cost of Goods Sold,Rechargeable Ladies Epilator Set-1x24,Inventory Asset,fifo,,Western International LLC,ERB,115,IQD 13260,172,false,Inventory,true,true,true,LADIES EPILATOR-6,Rechargeable Ladies Epilator Set-1x24,,,,,,,,,,,,,Active,ELC,
4516918000000120127,2023-09-25 07:48:56,2026-08-10 13:33:53,HAIR STRAIGHTENER-1,Digital Hair Straghtnr/Ceramic/Lock 50W-1x10,IQD 37000,Sales,true,GEEPAS,,0,0,0,0,cm,kg,,,,,,,,goods,2,,,Active,pcs,Pieces,GHS86003,6294015506983,,,GHS86003,IQD 16147.36533,Cost of Goods Sold,Digital Hair Straghtnr/Ceramic/Lock 50W-1x10,Inventory Asset,fifo,,Western International LLC,ERB,2,IQD 18300,212,false,Inventory,true,true,true,HAIR STRAIGHTENER-1,Digital Hair Straghtnr/Ceramic/Lock 50W-1x10,,,,,,,,,,,,,Active,ELC,
4516918000000120140,2023-09-25 07:48:57,2026-08-10 13:33:53,HAIR STRAIGHTENER-2,Hair Straightener/Ceramic/230Deg tem 55W-1x10,IQD 33000,Sales,true,GEEPAS,,0,0,0,0,cm,kg,,,,,,,,goods,2,,,Active,pcs,Pieces,GHS86048,6294015531558,,,GHS86048,IQD 23700,Cost of Goods Sold,Hair Straightener/Ceramic/230Deg tem 55W-1x10,Inventory Asset,fifo,,Western International LLC,ERB,6,IQD 23700,1,false,Inventory,true,true,true,HAIR STRAIGHTENER-2,Hair Straightener/Ceramic/230Deg tem 55W-1x10,,,,,,,,,,,,,Discontinued,LHH,
4516918000000120153,2023-09-25 07:48:57,2026-04-14 08:22:30,HAIR STRAIGHTENER-3,Rechargeable Hair Straghtnr/Ceramic Plats/USB-1x30,IQD 34500,Sales,true,GEEPAS,,0,0,0,0,cm,kg,,,,,,,,goods,2,,,Active,pcs,Pieces,GHS86057,6294015532142,,,GHS86057,IQD 22136,Cost of Goods Sold,Rechargeable Hair Straghtnr/Ceramic Plats/USB-1x30,Inventory Asset,fifo,,Western International LLC,ERB,5,IQD 22136,7,false,Inventory,true,true,true,HAIR STRAIGHTENER-3,Rechargeable Hair Straghtnr/Ceramic Plats/USB-1x30,,,,,,,,,,,,,Discontinued,LHH,
4516918000000120166,2023-09-25 07:48:57,2026-06-03 15:26:57,HAIR STYLER-2,Hair Styler 1100W -1x12,IQD 28500,Sales,true,GEEPAS,,0,0,0,0,cm,kg,,,,,,,,goods,2,,,Active,pcs,Pieces,GH86064,6294015542318,,,GH86064,IQD 15750,Cost of Goods Sold,Hair Styler 1100W -1x12,Inventory Asset,fifo,,Western International LLC,ERB,5,IQD 15750,12,false,Inventory,true,true,true,HAIR STYLER-2,Hair Styler 1100W -1x12,,,,,,,,,,,,,Discontinued,LHH,
4516918000000120179,2023-09-25 07:48:57,2026-02-14 11:02:03,HAIR DRYER-1,Hair Dryer/Light Wght/Ionic/2000w/2Spd-3Heat/Coolshot,IQD 22500,Sales,true,GEEPAS,,0,0,0,0,cm,kg,,,,,,,,goods,2,,,Active,pcs,Pieces,GHD86018,6294015509519,,,GHD86018,IQD 15495,Cost of Goods Sold,Hair Dryer/Light Wght/Ionic/2000w/2Spd-3Heat/Coolshot,Inventory Asset,fifo,,Western International LLC,ERB,23,IQD 15495,0,false,Inventory,true,true,true,HAIR DRYER-1,Hair Dryer/Light Wght/Ionic/2000w/2Spd-3Heat/Coolshot,,,,,,,,,,,,,Clearance,LHH,
4516918000000120192,2023-09-25 07:48:57,2026-08-10 13:33:53,HAIR DRYER-2,Mini Hair Dryer/2Spd/1600W-1x24,IQD 22000,Sales,true,GEEPAS,,0,0,0,0,cm,kg,,,,,,,,goods,2,,,Active,pcs,Pieces,GH8642,6294010888978,,,GH8642,IQD 10235.2089,Cost of Goods Sold,Mini Hair Dryer/2Spd/1600W-1x24,Inventory Asset,fifo,,Western International LLC,ERB,3,IQD 10131,172,false,Inventory,true,true,true,HAIR DRYER-2,Mini Hair Dryer/2Spd/1600W-1x24,,,,,,,,,,,,,Active,ELC,
4516918000000120205,2023-09-25 07:48:57,2026-08-11 09:38:24,HAIR DRYER-3,Hair Dryer/2Spd/3Heat/2200W-1x12,IQD 29000,Sales,true,GEEPAS,,0,0,0,0,cm,kg,,,,,,,,goods,2,,,Active,pcs,Pieces,GH8643,6294010888985,,,GH8643,IQD 14199,Cost of Goods Sold,Hair Dryer/2Spd/3Heat/2200W-1x12,Inventory Asset,fifo,,Western International LLC,ERB,133,IQD 12255,108,false,Inventory,true,true,true,HAIR DRYER-3,Hair Dryer/2Spd/3Heat/2200W-1x12,,,,,,,,,,,,,Active,ELC,
4516918000000120218,2023-09-25 07:48:57,2025-11-15 13:05:08,MASSAGER-1,5in1infrared BodyMassgr/5dfrnt heads-1x16,IQD 31500,Sales,true,GEEPAS,,0,0,0,0,cm,kg,,,,,,,,goods,2,,,Active,pcs,Pieces,GM86038,6294015519792,,,GM86038,IQD 20525,Cost of Goods Sold,5in1infrared BodyMassgr/5dfrnt heads-1x16,Inventory Asset,fifo,,Western International LLC,ERB,3,IQD 20525,0,false,Inventory,true,true,true,MASSAGER-1,5in1infrared BodyMassgr/5dfrnt heads-1x16,,,,,,,,,,,,,Discontinued,LHH,
4516918000000120231,2023-09-25 07:48:57,2026-06-11 14:21:34,2.1 PROFESSIONAL SPEAKER SYSTEM-1,2.1Ch Multimdia Spkr/Usb/Sd/Fm/Rmt/Bt-1x6,IQD 30000,Sales,true,GEEPAS,,0,0,0,0,cm,kg,,,,,,,,goods,2,,,Active,pcs,Pieces,GMS8516,6294010888398,,,GMS8516,IQD 40050,Cost of Goods Sold,2.1Ch Multimdia Spkr/Usb/Sd/Fm/Rmt/Bt-1x6,Inventory Asset,fifo,,Western International LLC,ERB,30,IQD 40050,5,false,Inventory,true,true,true,2.1 PROFESSIONAL SPEAKER SYSTEM-1,2.1Ch Multimdia Spkr/Usb/Sd/Fm/Rmt/Bt-1x6,,,,,,,,,,,,,Clearance,LHH,
4516918000000120244,2023-09-25 07:48:58,2025-11-15 13:04:57,2.1 PROFESSIONAL SPEAKER SYSTEM-2,2.1 HomeThtr/Spkr/USB/SD/BT/Mc/Fm/Rmt-2x1,IQD 198000,Sales,true,GEEPAS,,0,0,0,0,cm,kg,,,,,,,,goods,2,,,Active,pcs,Pieces,GMS11151,6294015531633,,,GMS11151,IQD 137730,Cost of Goods Sold,2.1 HomeThtr/Spkr/USB/SD/BT/Mc/Fm/Rmt-2x1,Inventory Asset,fifo,,Western International LLC,ERB,41,IQD 137730,0,false,Inventory,true,true,true,2.1 PROFESSIONAL SPEAKER SYSTEM-2,2.1 HomeThtr/Spkr/USB/SD/BT/Mc/Fm/Rmt-2x1,,,,,,,,,,,,,Discontinued,LHH,
4516918000000120257,2023-09-25 07:48:58,2025-11-16 12:26:12,PROFESSIONAL SPEAKER-1,Rech Port Spkr/Usb/Fm/Bt/Mic/Aux/LED-1x40,IQD 22500,Sales,true,GEEPAS,,0,0,0,0,cm,kg,,,,,,,,goods,2,,,Active,pcs,Pieces,GMS11156,6294015535181,,,GMS11156,IQD 14360,Cost of Goods Sold,Rech Port Spkr/Usb/Fm/Bt/Mic/Aux/LED-1x40,Inventory Asset,fifo,,Western International LLC,ERB,15,IQD 14360,0,false,Inventory,true,true,true,PROFESSIONAL SPEAKER-1,Rech Port Spkr/Usb/Fm/Bt/Mic/Aux/LED-1x40,,,,,,,,,,,,,Clearance,LHH,
4516918000000120270,2023-09-25 07:48:58,2025-11-15 13:05:01,EXTENSION SOCKET-1,3 Way Extension Socket/3M/13A-1X24,IQD 12000,Sales,true,GEEPAS,,0,0,0,0,cm,kg,,,,,,,,goods,2,,,Active,pcs,Pieces,GES58011,6294015507478,,,GES58011,IQD 7511,Cost of Goods Sold,3 Way Extension Socket/3M/13A-1X24,Inventory Asset,fifo,,Western International LLC,ERB,130,IQD 7511,0,false,Inventory,true,true,true,EXTENSION SOCKET-1,3 Way Extension Socket/3M/13A-1X24,,,,,,,,,,,,,Discontinued,LHH,
4516918000000120283,2023-09-25 07:48:58,2025-11-15 13:05:01,EXTENSION SOCKET-2,5Way Extension Socket/3M/13A-1X24,IQD 15000,Sales,true,GEEPAS,,0,0,0,0,cm,kg,,,,,,,,goods,2,,,Active,pcs,Pieces,GES58013,6294015507492,,,GES58013,IQD 8643,Cost of Goods Sold,5Way Extension Socket/3M/13A-1X24,Inventory Asset,fifo,,Western International LLC,ERB,132,IQD 8643,0,false,Inventory,true,true,true,EXTENSION SOCKET-2,5Way Extension Socket/3M/13A-1X24,,,,,,,,,,,,,Discontinued,LHH,
4516918000000120296,2023-09-25 07:48:58,2025-11-15 13:05:02,FLASH LIGHT-1,Rechargeable LED flashlight/15Hrs/AlminReflctr-1x50,IQD 10500,Sales,true,GEEPAS,,0,0,0,0,cm,kg,,,,,,,,goods,2,,,Active,pcs,Pieces,GFL4687,6294015504989,,,GFL4687,IQD 6660,Cost of Goods Sold,Rechargeable LED flashlight/15Hrs/AlminReflctr-1x50,Inventory Asset,fifo,,Western International LLC,ERB,94,IQD 6660,0,false,Inventory,true,true,true,FLASH LIGHT-1,Rechargeable LED flashlight/15Hrs/AlminReflctr-1x50,,,,,,,,,,,,,Discontinued,LHH,
4516918000000120929,2023-09-25 08:01:14,2026-05-06 11:49:42,FAN-1,"16"" Stand fan/ 3 speed control-1x2 ",IQD 25500,Sales,true,KRYPTON,,0,0,0,0,cm,kg,,,,,,,,goods,2,,,Active,pcs,Pieces,KNF6153,6294015630640,,,KNF6153,IQD 28635,Cost of Goods Sold,"16"" Stand fan/ 3 speed control-1x2 ",Inventory Asset,fifo,,Western International LLC,ERB,12,IQD 28635,0,false,Inventory,true,true,true,FAN-1,"16"" Stand fan/ 3 speed control-1x2 ",,,,,,,,,,,,,Clearance,LHH,
4516918000000120942,2023-09-25 08:01:14,2026-08-10 11:26:33,IRON-2,Steam Iron/ceramic Sole plate-1x10,IQD 29000,Sales,true,KRYPTON,,0,0,0,0,cm,kg,,,,,,,,goods,2,,,Active,pcs,Pieces,KNSI6237,6294015632217,,,KNSI6237,IQD 13122,Cost of Goods Sold,Steam Iron/ceramic Sole plate-1x10,Inventory Asset,fifo,,Western International LLC,ERB,10,IQD 12390,143,false,Inventory,true,true,true,IRON-2,Steam Iron/ceramic Sole plate-1x10,,,,,,,,,,,,,Active,ELC,
4516918000000120955,2023-09-25 08:01:14,2026-02-14 10:48:21,IRON-3,Steam Iron/easy-slide/NS Coating/2000W-1X10,IQD 18000,Sales,true,KRYPTON,,0,0,0,0,cm,kg,,,,,,,,goods,2,,,Active,pcs,Pieces,KNSI6053,6294015605372,,,KNSI6053,IQD 13388,Cost of Goods Sold,Steam Iron/easy-slide/NS Coating/2000W-1X10,Inventory Asset,fifo,,Western International LLC,ERB,65,IQD 13388,0,false,Inventory,true,true,true,IRON-3,Steam Iron/easy-slide/NS Coating/2000W-1X10,,,,,,,,,,,,,Discontinued,LHH,
4516918000000120968,2023-09-25 08:01:14,2026-02-05 09:39:04,VACUUM CLEANER-2,Vacuum Cleaner/1.5L Dust Capacity/2200W,IQD 57000,Sales,true,KRYPTON,,0,0,0,0,cm,kg,,,,,,,,goods,2,,,Active,pcs,Pieces,KNVC6181,6294015631487,,,KNVC6181,IQD 40470,Cost of Goods Sold,Vacuum Cleaner/1.5L Dust Capacity/2200W,Inventory Asset,fifo,,Western International LLC,ERB,2,IQD 40470,4,false,Inventory,true,true,true,VACUUM CLEANER-2,Vacuum Cleaner/1.5L Dust Capacity/2200W,,,,,,,,,,,,,Discontinued,LHH,
4516918000000120981,2023-09-25 08:01:15,2026-04-12 10:47:25,WATER DISPENSER-2,Water Dispenser-1x1,IQD 55500,Sales,true,KRYPTON,,0,0,0,0,cm,kg,,,,,,,,goods,2,,,Active,pcs,Pieces,KNWD6380,6294015634891,,,KNWD6380,IQD 35363,Cost of Goods Sold,Water Dispenser-1x1,Inventory Asset,fifo,,Western International LLC,ERB,9,IQD 35363,5,false,Inventory,true,true,true,WATER DISPENSER-2,Water Dispenser-1x1,,,,,,,,,,,,,Clearance,LHH,
4516918000000120994,2023-09-25 08:01:15,2025-11-15 13:04:59,BUG KILLER-1,Electric Bug Killer/Steel Body/32W-1X10,IQD 30000,Sales,true,KRYPTON,,0,0,0,0,cm,kg,,,,,,,,goods,2,,,Active,pcs,Pieces,KNBK5071,6294015605037,,,KNBK5071,IQD 19470,Cost of Goods Sold,Electric Bug Killer/Steel Body/32W-1X10,Inventory Asset,fifo,,Western International LLC,ERB,5,IQD 19470,0,false,Inventory,true,true,true,BUG KILLER-1,Electric Bug Killer/Steel Body/32W-1X10,,,,,,,,,,,,,Discontinued,LHH,
4516918000000121007,2023-09-25 08:01:15,2025-11-15 13:05:05,JUICE EXTRACTOR-3,Juice Extractor/SS Blade/600W-1X6,IQD 31500,Sales,true,KRYPTON,,0,0,0,0,cm,kg,,,,,,,,goods,2,,,Active,pcs,Pieces,KNJE6302,6294015633764,,,KNJE6302,IQD 34920,Cost of Goods Sold,Juice Extractor/SS Blade/600W-1X6,Inventory Asset,fifo,,Western International LLC,ERB,2,IQD 34920,0,false,Inventory,true,true,true,JUICE EXTRACTOR-3,Juice Extractor/SS Blade/600W-1X6,,,,,,,,,,,,,Discontinued,LHH,
4516918000000121020,2023-09-25 08:01:15,2026-08-10 13:33:53,COFFEE MAKER-2,600 W Turkish Coffee Maker-1x12,IQD 34000,Sales,true,KRYPTON,,0,0,0,0,cm,kg,,,,,,,,goods,2,,,Active,pcs,Pieces,KNCM6322,6294015634105,,,KNCM6322,IQD 13638,Cost of Goods Sold,600 W Turkish Coffee Maker-1x12,Inventory Asset,fifo,,Western International LLC,ERB,141,IQD 27210,26,false,Inventory,true,true,true,COFFEE MAKER-2,600 W Turkish Coffee Maker-1x12,,,,,,,,,,,,,Active,ELC,
4516918000000121033,2023-09-25 08:01:15,2025-11-15 13:04:58,BLENDER-3,3In1 Plastic Blender/Unbreakable/400W,IQD 22500,Sales,true,KRYPTON,,0,0,0,0,cm,kg,,,,,,,,goods,2,,,Active,pcs,Pieces,KNB6291,6294015633511,,,KNB6291,IQD 28995,Cost of Goods Sold,3In1 Plastic Blender/Unbreakable/400W,Inventory Asset,fifo,,Western International LLC,ERB,1,IQD 28995,1,false,Inventory,true,true,true,BLENDER-3,3In1 Plastic Blender/Unbreakable/400W,,,,,,,,,,,,,Discontinued,LHH,
4516918000000121046,2023-09-25 08:01:15,2025-11-15 13:04:58,BLENDER-4,Single Blendr/Unbreakable Pc Jar/1.5L-1x6,IQD 31500,Sales,true,KRYPTON,,0,0,0,0,cm,kg,,,,,,,,goods,2,,,Active,pcs,Pieces,KNB6211,6294015631913,,,KNB6211,IQD 21174,Cost of Goods Sold,Single Blendr/Unbreakable Pc Jar/1.5L-1x6,Inventory Asset,fifo,,Western International LLC,ERB,3,IQD 21174,0,false,Inventory,true,true,true,BLENDER-4,Single Blendr/Unbreakable Pc Jar/1.5L-1x6,,,,,,,,,,,,,Discontinued,LHH,
4516918000000121059,2023-09-25 08:01:15,2025-11-15 13:04:58,BLENDER-5,2In1Blnder/Plastic Jar/SS Blade/2 Speed/1.5L-1X4,IQD 25500,Sales,true,KRYPTON,,0,0,0,0,cm,kg,,,,,,,,goods,2,,,Active,pcs,Pieces,KNB6125,6294015629989,,,KNB6125,IQD 24836,Cost of Goods Sold,2In1Blnder/Plastic Jar/SS Blade/2 Speed/1.5L-1X4,Inventory Asset,fifo,,Western International LLC,ERB,23,IQD 24836,0,false,Inventory,true,true,true,BLENDER-5,2In1Blnder/Plastic Jar/SS Blade/2 Speed/1.5L-1X4,,,,,,,,,,,,,Discontinued,LHH,
4516918000000121072,2023-09-25 08:01:15,2026-08-09 11:44:58,HAND BLENDER-3,Hand Blender/2Speed/Det Stick/SS Blade-1X8,IQD 37000,Sales,true,KRYPTON,,0,0,0,0,cm,kg,,,,,,,,goods,2,,,Active,pcs,Pieces,KNHB6079,6294015605778,,,KNHB6079,IQD 19677,Cost of Goods Sold,Hand Blender/2Speed/Det Stick/SS Blade-1X8,Inventory Asset,fifo,,Western International LLC,ERB,5,IQD 22597,2,false,Inventory,true,true,true,HAND BLENDER-3,Hand Blender/2Speed/Det Stick/SS Blade-1X8,,,,,,,,,,,,,Discontinued,LHH,
4516918000000121085,2023-09-25 08:01:16,2025-11-15 13:05:04,HAND MIXER-1,Hand Mixer With Bowl/2.3L/7 Speed-1x8,IQD 21000,Sales,true,KRYPTON,,0,0,0,0,cm,kg,,,,,,,,goods,2,,,Active,pcs,Pieces,KNSM6102,6294015606119,,,KNSM6102,IQD 16275,Cost of Goods Sold,Hand Mixer With Bowl/2.3L/7 Speed-1x8,Inventory Asset,fifo,,Western International LLC,ERB,6,IQD 16275,0,false,Inventory,true,true,true,HAND MIXER-1,Hand Mixer With Bowl/2.3L/7 Speed-1x8,,,,,,,,,,,,,Discontinued,LHH,
4516918000000121098,2023-09-25 08:01:16,2026-03-29 14:09:06,GRINDER-1,2In1 Mixr Grndr/1.5&.5L Jar/Ind/550W-1x4,IQD 54000,Sales,true,KRYPTON,,0,0,0,0,cm,kg,,,,,,,,goods,2,,,Active,pcs,Pieces,KNB5311,6294015630565,,,KNB5311,IQD 42383,Cost of Goods Sold,2In1 Mixr Grndr/1.5&.5L Jar/Ind/550W-1x4,Inventory Asset,fifo,,Western International LLC,ERB,3,IQD 42383,0,false,Inventory,true,true,true,GRINDER-1,2In1 Mixr Grndr/1.5&.5L Jar/Ind/550W-1x4,,,,,,,,,,,,,Clearance,LHH,
4516918000000121111,2023-09-25 08:01:16,2026-02-14 10:39:20,COFFEE GRINDER-2,ELECTRIC COFFEE GRINDER 200W-1x24,IQD 18000,Sales,true,KRYPTON,,0,0,0,0,cm,kg,,,,,,,,goods,2,,,Active,pcs,Pieces,KNCG6201,6294015631746,,,KNCG6201,IQD 10185,Cost of Goods Sold,ELECTRIC COFFEE GRINDER 200W-1x24,Inventory Asset,fifo,,Western International LLC,ERB,4,IQD 10185,1,false,Inventory,true,true,true,COFFEE GRINDER-2,ELECTRIC COFFEE GRINDER 200W-1x24,,,,,,,,,,,,,Clearance,LHH,
4516918000000121124,2023-09-25 08:01:16,2025-11-15 13:05:01,ELECTRIC KETTLE-4,1.8L SS Water Kettle 1X12/1500W,IQD 15000,Sales,true,KRYPTON,,0,0,0,0,cm,kg,,,,,,,,goods,2,,,Active,pcs,Pieces,KNK6009,6294015604375,,,KNK6009,IQD 10230,Cost of Goods Sold,1.8L SS Water Kettle 1X12/1500W,Inventory Asset,fifo,,Western International LLC,ERB,7,IQD 10230,0,false,Inventory,true,true,true,ELECTRIC KETTLE-4,1.8L SS Water Kettle 1X12/1500W,,,,,,,,,,,,,Discontinued,LHH,
4516918000000121137,2023-09-25 08:01:16,2025-11-15 13:05:01,ELECTRIC KETTLE-6,Glass Kettle/1.7L-1x8,IQD 21000,Sales,true,KRYPTON,,0,0,0,0,cm,kg,,,,,,,,goods,2,,,Active,pcs,Pieces,KNK5276,6294015633726,,,KNK5276,IQD 13780,Cost of Goods Sold,Glass Kettle/1.7L-1x8,Inventory Asset,fifo,,Western International LLC,ERB,11,IQD 13780,0,false,Inventory,true,true,true,ELECTRIC KETTLE-6,Glass Kettle/1.7L-1x8,,,,,,,,,,,,,Discontinued,LHH,
4516918000000121150,2023-09-25 08:01:16,2026-07-09 20:30:28,CREPE MAKER-1,Electric Crepe Maker-1X6,IQD 38000,Sales,true,KRYPTON,,0,0,0,0,cm,kg,,,,,,,,goods,2,,,Active,pcs,Pieces,KNCM6387,6294015635058,,,KNCM6387,IQD 21615,Cost of Goods Sold,Electric Crepe Maker-1X6,Inventory Asset,fifo,,Western International LLC,ERB,202,IQD 21615,17,false,Inventory,true,true,true,CREPE MAKER-1,Electric Crepe Maker-1X6,,,,,,,,,,,,,Clearance,LHH,
4516918000000121163,2023-09-25 08:01:16,2025-11-15 13:04:57,AIR FRYER-3,Air Fryer/3.5L-1x2,IQD 58500,Sales,true,KRYPTON,,0,0,0,0,cm,kg,,,,,,,,goods,2,,,Active,pcs,Pieces,KNAF6340,6294015634310,,,KNAF6340,IQD 50865,Cost of Goods Sold,Air Fryer/3.5L-1x2,Inventory Asset,fifo,,Western International LLC,ERB,2,IQD 50865,1,false,Inventory,true,true,true,AIR FRYER-3,Air Fryer/3.5L-1x2,,,,,,,,,,,,,Discontinued,LHH,
4516918000000121176,2023-09-25 08:01:16,2025-11-15 13:04:57,AIR FRYER-4,Air Fryer/6L-1x2,IQD 51000,Sales,true,KRYPTON,,0,0,0,0,cm,kg,,,,,,,,goods,2,,,Active,pcs,Pieces,KNAF6358,6294015634518,,,KNAF6358,IQD 61905,Cost of Goods Sold,Air Fryer/6L-1x2,Inventory Asset,fifo,,Western International LLC,ERB,2,IQD 61905,0,false,Inventory,true,true,true,AIR FRYER-4,Air Fryer/6L-1x2,,,,,,,,,,,,,Discontinued,LHH,
4516918000000121189,2023-09-25 08:01:16,2025-11-15 13:05:11,PRESSURE COOKER-1,Electric Pressure Cooker/6L-1x2,IQD 94500,Sales,true,KRYPTON,,0,0,0,0,cm,kg,,,,,,,,goods,2,,,Active,pcs,Pieces,KNPC6304,6294015633788,,,KNPC6304,IQD 61612,Cost of Goods Sold,Electric Pressure Cooker/6L-1x2,Inventory Asset,fifo,,Western International LLC,ERB,4,IQD 61612,0,false,Inventory,true,true,true,PRESSURE COOKER-1,Electric Pressure Cooker/6L-1x2,,,,,,,,,,,,,Discontinued,LHH,
4516918000000121202,2023-09-25 08:01:17,2026-02-14 13:16:25,MEAT GRINDER-1,Meat Grinder/SSblade/1kg Capacity/1200W,IQD 24000,Sales,true,KRYPTON,,0,0,0,0,cm,kg,,,,,,,,goods,2,,,Active,pcs,Pieces,KNMG6080,6294015605785,,,KNMG6080,IQD 33270,Cost of Goods Sold,Meat Grinder/SSblade/1kg Capacity/1200W,Inventory Asset,fifo,,Western International LLC,ERB,4,IQD 33270,0,false,Inventory,true,true,true,MEAT GRINDER-1,Meat Grinder/SSblade/1kg Capacity/1200W,,,,,,,,,,,,,Discontinued,LHH,
4516918000000121215,2023-09-25 08:01:17,2025-11-15 13:05:08,MEAT GRINDER-2,Meat Grinder/SS Blade/1800W,IQD 73500,Sales,true,KRYPTON,,0,0,0,0,cm,kg,,,,,,,,goods,2,,,Active,pcs,Pieces,KNMG6248,6294015632705,,,KNMG6248,IQD 54450,Cost of Goods Sold,Meat Grinder/SS Blade/1800W,Inventory Asset,fifo,,Western International LLC,ERB,4,IQD 54450,1,false,Inventory,true,true,true,MEAT GRINDER-2,Meat Grinder/SS Blade/1800W,,,,,,,,,,,,,Discontinued,LHH,
4516918000000121228,2023-09-25 08:01:17,2026-04-14 08:22:30,MEAT GRINDER-3,Meat Grinder/SS Blade/2000W,IQD 58500,Sales,true,KRYPTON,,0,0,0,0,cm,kg,,,,,,,,goods,2,,,Active,pcs,Pieces,KNMG6249,6294015632712,,,KNMG6249,IQD 40875,Cost of Goods Sold,Meat Grinder/SS Blade/2000W,Inventory Asset,fifo,,Western International LLC,ERB,6,IQD 40875,5,false,Inventory,true,true,true,MEAT GRINDER-3,Meat Grinder/SS Blade/2000W,,,,,,,,,,,,,Clearance,LHH,
4516918000000121241,2023-09-25 08:01:17,2026-05-12 12:36:52,OVEN-1,Microwave Oven 20L/Timer Control-1X1,IQD 98000,Sales,true,KRYPTON,,0,0,0,0,cm,kg,,,,,,,,goods,2,,,Active,pcs,Pieces,KNMO6196,6294015631579,,,KNMO6196,IQD 62685,Cost of Goods Sold,Microwave Oven 20L/Timer Control-1X1,Inventory Asset,fifo,,Western International LLC,ERB,4,IQD 62685,9,false,Inventory,true,true,true,OVEN-1,Microwave Oven 20L/Timer Control-1X1,,,,,,,,,,,,,Clearance,LHH,
4516918000000121254,2023-09-25 08:01:17,2026-08-08 10:08:38,OVEN-2,Electric Oven/45L/Rotisserie/2000W/60min timer/6control/SS,IQD 168000,Sales,true,KRYPTON,,0,0,0,0,cm,kg,,,,,,,,goods,2,,,Active,pcs,Pieces,KNO6246,6294015632644,,,KNO6246,IQD 78301,Cost of Goods Sold,Electric Oven/45L/Rotisserie/2000W/60min timer/6control/SS,Inventory Asset,fifo,,Western International LLC,ERB,1,IQD 76320,8,false,Inventory,true,true,true,OVEN-2,Electric Oven/45L/Rotisserie/2000W/60min timer/6control/SS,,,,,,,,,,,,,Active,ELC,
4516918000000121267,2023-09-25 08:01:17,2025-11-15 13:05:10,OVEN-3,Elect Oven/Rotisserie/Convection Fan/60L/2000W/SS,IQD 94500,Sales,true,KRYPTON,,0,0,0,0,cm,kg,,,,,,,,goods,2,,,Active,pcs,Pieces,KNO5322,6294015631999,,,KNO5322,IQD 111930,Cost of Goods Sold,Elect Oven/Rotisserie/Convection Fan/60L/2000W/SS,Inventory Asset,fifo,,Western International LLC,ERB,4,IQD 111930,0,false,Inventory,true,true,true,OVEN-3,Elect Oven/Rotisserie/Convection Fan/60L/2000W/SS,,,,,,,,,,,,,Discontinued,LHH,
4516918000000121280,2023-09-25 08:01:17,2026-08-10 11:18:17,KITCHEN SCALE-1,Digital Kitchen Scale-1x20,IQD 18000,Sales,true,KRYPTON,,0,0,0,0,cm,kg,,,,,,,,goods,2,,,Active,pcs,Pieces,KNBS5402,6294015633399,,,KNBS5402,IQD 7022,Cost of Goods Sold,Digital Kitchen Scale-1x20,Inventory Asset,fifo,,Western International LLC,ERB,202,IQD 7305,26,false,Inventory,true,true,true,KITCHEN SCALE-1,Digital Kitchen Scale-1x20,,,,,,,,,,,,,Active,ELC,
4516918000000121293,2023-09-25 08:01:17,2026-07-20 14:50:38,POPCORN MAKER-1,Popcorn  Maker-1X12,IQD 25000,Sales,true,KRYPTON,,0,0,0,0,cm,kg,,,,,,,,goods,2,,,Active,pcs,Pieces,KNPM6301,6294015633757,,,KNPM6301,IQD 14892.51779,Cost of Goods Sold,Popcorn  Maker-1X12,Inventory Asset,fifo,,Western International LLC,ERB,196,IQD 15543,5,false,Inventory,true,true,true,POPCORN MAKER-1,Popcorn  Maker-1X12,,,,,,,,,,,,,Active,ELC,
4516918000000121306,2023-09-25 08:01:18,2026-06-23 21:57:50,TRIMMER-6,Rechargeable stubble trimmer USB charger-1x24,IQD 12000,Sales,true,KRYPTON,,0,0,0,0,cm,kg,,,,,,,,goods,2,,,Active,pcs,Pieces,KNTR6093,6294015608434,,,KNTR6093,IQD 9240,Cost of Goods Sold,Rechargeable stubble trimmer USB charger-1x24,Inventory Asset,fifo,,Western International LLC,ERB,38,IQD 9240,1,false,Inventory,true,true,true,TRIMMER-6,Rechargeable stubble trimmer USB charger-1x24,,,,,,,,,,,,,Discontinued,LHH,
4516918000000121319,2023-09-25 08:01:18,2026-07-13 13:45:29,GROOMING KIT-1,2In1 Hair Clipper&Shaver Set/USB-1x24,IQD 28000,Sales,true,KRYPTON,,0,0,0,0,cm,kg,,,,,,,,goods,2,,,Active,pcs,Pieces,KNTR5302,6294015631951,,,KNTR5302,IQD 15255,Cost of Goods Sold,2In1 Hair Clipper&Shaver Set/USB-1x24,Inventory Asset,fifo,,Western International LLC,ERB,148,IQD 15255,11,false,Inventory,true,true,true,GROOMING KIT-1,2In1 Hair Clipper&Shaver Set/USB-1x24,,,,,,,,,,,,,Clearance,LHH,
4516918000000121332,2023-09-25 08:01:18,2025-11-15 13:05:03,HAIR CURLER-1,Hair Curler/Ceramic Coating/25W-1X30,IQD 15000,Sales,true,KRYPTON,,0,0,0,0,cm,kg,,,,,,,,goods,2,,,Active,pcs,Pieces,KNH5360,6294015631692,,,KNH5360,IQD 7440,Cost of Goods Sold,Hair Curler/Ceramic Coating/25W-1X30,Inventory Asset,fifo,,Western International LLC,ERB,2,IQD 7440,4,false,Inventory,true,true,true,HAIR CURLER-1,Hair Curler/Ceramic Coating/25W-1X30,,,,,,,,,,,,,Discontinued,LHH,
4516918000000121345,2023-09-25 08:01:18,2025-11-15 13:05:03,HAIR STYLER-1,HAIR STYLER-1X10,IQD 22500,Sales,true,KRYPTON,,0,0,0,0,cm,kg,,,,,,,,goods,2,,,Active,pcs,Pieces,KNH6028,6294015604658,,,KNH6028,IQD 15000,Cost of Goods Sold,HAIR STYLER-1X10,Inventory Asset,fifo,,Western International LLC,ERB,4,IQD 15000,0,false,Inventory,true,true,true,HAIR STYLER-1,HAIR STYLER-1X10,,,,,,,,,,,,,Discontinued,LHH,
4516918000000121358,2023-09-25 08:01:18,2026-02-15 10:51:27,TRIMMER-10,Eyebrow Trimmer-1x24,IQD 13500,Sales,true,KRYPTON,,0,0,0,0,cm,kg,,,,,,,,goods,2,,,Active,pcs,Pieces,KNET6315,6294015634020,,,KNET6315,IQD 6432,Cost of Goods Sold,Eyebrow Trimmer-1x24,Inventory Asset,fifo,,Western International LLC,ERB,2,IQD 6432,0,false,Inventory,true,true,true,TRIMMER-10,Eyebrow Trimmer-1x24,,,,,,,,,,,,,Clearance,LHH,
4516918000000121371,2023-09-25 08:01:18,2026-01-23 19:05:58,MASSAGER-2,Rechargeable 6 in1 Massager-1x16,IQD 38000,Sales,true,KRYPTON,,0,0,0,0,cm,kg,,,,,,,,goods,2,,,Active,pcs,Pieces,KNM6275,6294015633061,,,KNM6275,IQD 22845,Cost of Goods Sold,Rechargeable 6 in1 Massager-1x16,Inventory Asset,fifo,,Western International LLC,ERB,3,IQD 22845,2,false,Inventory,true,true,true,MASSAGER-2,Rechargeable 6 in1 Massager-1x16,,,,,,,,,,,,,Discontinued,LHH,
4516918000000121384,2023-09-25 08:01:18,2026-02-07 07:29:57,FACIAL-1,Facial Sauna Wit Inhealer/2Temp-1x24,IQD 22500,Sales,true,KRYPTON,,0,0,0,0,cm,kg,,,,,,,,goods,2,,,Active,pcs,Pieces,KNFS6236,6294015632200,,,KNFS6236,IQD 14437,Cost of Goods Sold,Facial Sauna Wit Inhealer/2Temp-1x24,Inventory Asset,fifo,,Western International LLC,ERB,5,IQD 14437,4,false,Inventory,true,true,true,FACIAL-1,Facial Sauna Wit Inhealer/2Temp-1x24,,,,,,,,,,,,,Discontinued,LHH,
4516918000000121397,2023-09-25 08:01:18,2026-02-19 14:31:47,FACIAL-2,Facial Steamer-1x20,IQD 21000,Sales,true,KRYPTON,,0,0,0,0,cm,kg,,,,,,,,goods,2,,,Active,pcs,Pieces,KNFS6327,6294015634167,,,KNFS6327,IQD 12760,Cost of Goods Sold,Facial Steamer-1x20,Inventory Asset,fifo,,Western International LLC,ERB,7,IQD 12760,0,false,Inventory,true,true,true,FACIAL-2,Facial Steamer-1x20,,,,,,,,,,,,,Discontinued,LHH,
4516918000000121410,2023-09-25 08:01:18,2026-08-10 11:18:17,PERSONAL SCALE-1,Elec Personal Scale/5MMTempGlass/150Kg-1x6,IQD 15000,Sales,true,KRYPTON,,0,0,0,0,cm,kg,,,,,,,,goods,2,,,Active,pcs,Pieces,KNBS5115,6294015606270,,,KNBS5115,IQD 6619,Cost of Goods Sold,Elec Personal Scale/5MMTempGlass/150Kg-1x6,Inventory Asset,fifo,,Western International LLC,ERB,4,IQD 8310,37,false,Inventory,true,true,true,PERSONAL SCALE-1,Elec Personal Scale/5MMTempGlass/150Kg-1x6,,,,,,,,,,,,,Active,ELC,
4516918000000121423,2023-09-25 08:01:18,2025-11-15 13:05:11,PERSONAL SCALE-2,Elec Bath Scale/6MMTemprdGlass/180Kg-1X6,IQD 15000,Sales,true,KRYPTON,,0,0,0,0,cm,kg,,,,,,,,goods,2,,,Active,pcs,Pieces,KNBS5086,6294015605389,,,KNBS5086,IQD 9705,Cost of Goods Sold,Elec Bath Scale/6MMTemprdGlass/180Kg-1X6,Inventory Asset,fifo,,Western International LLC,ERB,2,IQD 9705,0,false,Inventory,true,true,true,PERSONAL SCALE-2,Elec Bath Scale/6MMTemprdGlass/180Kg-1X6,,,,,,,,,,,,,Discontinued,LHH,
4516918000000121436,2023-09-25 08:01:19,2026-01-23 19:05:58,PERSONAL SCALE-3,Smart Scale-1x8,IQD 22500,Sales,true,KRYPTON,,0,0,0,0,cm,kg,,,,,,,,goods,2,,,Active,pcs,Pieces,KNBS5401,6294015633382,,,KNBS5401,IQD 13597,Cost of Goods Sold,Smart Scale-1x8,Inventory Asset,fifo,,Western International LLC,ERB,6,IQD 13597,0,false,Inventory,true,true,true,PERSONAL SCALE-3,Smart Scale-1x8,,,,,,,,,,,,,Discontinued,LHH,
4516918000000121449,2023-09-25 08:01:19,2026-04-30 08:02:27,PERSONAL SCALE-4,Mechanical Scale-1x10,IQD 15000,Sales,true,KRYPTON,,0,0,0,0,cm,kg,,,,,,,,goods,2,,,Active,pcs,Pieces,KNBS5114,6294015606263,,,KNBS5114,IQD 7815,Cost of Goods Sold,Mechanical Scale-1x10,Inventory Asset,fifo,,Western International LLC,ERB,192,IQD 7815,4,false,Inventory,true,true,true,PERSONAL SCALE-4,Mechanical Scale-1x10,,,,,,,,,,,,,Clearance,LHH,
4516918000000121462,2023-09-25 08:01:19,2026-08-10 11:07:53,SOUND BAR-1,SOUND BAR-1x2,IQD 172000,Sales,true,KRYPTON,,0,0,0,0,cm,kg,,,,,,,,goods,2,,,Active,pcs,Pieces,KNMS5417,6294015633634,,,KNMS5417,IQD 73685,Cost of Goods Sold,SOUND BAR-1x2,Inventory Asset,fifo,,Western International LLC,ERB,35,IQD 76620,50,false,Inventory,true,true,true,SOUND BAR-1,SOUND BAR-1x2,,,,,,,,,,,,,Active,ELC,
4516918000000121475,2023-09-25 08:01:19,2026-08-12 11:12:09,SOUND BAR-2,Wireles Sound Bar/USB/Tf/Aux/Bt/Hldr-1x25,IQD 31500,Sales,true,KRYPTON,,0,0,0,0,cm,kg,,,,,,,,goods,2,,,Active,pcs,Pieces,KNMS5391,6294015633085,,,KNMS5391,IQD 27525,Cost of Goods Sold,Wireles Sound Bar/USB/Tf/Aux/Bt/Hldr-1x25,Inventory Asset,fifo,,Western International LLC,ERB,24,IQD 27525,5,false,Inventory,true,true,true,SOUND BAR-2,Wireles Sound Bar/USB/Tf/Aux/Bt/Hldr-1x25,,,,,,,,,,,,,Discontinued,LHH,
4516918000000121488,2023-09-25 08:01:19,2026-08-09 11:45:59,5.1 CH HOME THEATER SYSTEM-1,5.1 Speaker/Usb/Sd/Fm/Rmt-1x1,IQD 158000,Sales,true,KRYPTON,,0,0,0,0,cm,kg,,,,,,,,goods,2,,,Active,pcs,Pieces,KNMS6083,6294015605815,,,KNMS6083,IQD 95707,Cost of Goods Sold,5.1 Speaker/Usb/Sd/Fm/Rmt-1x1,Inventory Asset,fifo,,Western International LLC,ERB,3,IQD 104085,0,false,Inventory,true,true,true,5.1 CH HOME THEATER SYSTEM-1,5.1 Speaker/Usb/Sd/Fm/Rmt-1x1,,,,,,,,,,,,,Discontinued,LHH,
4516918000000121501,2023-09-25 08:01:19,2026-02-14 10:39:20,PROFESSIONAL SPEAKER-2,Rech.Prof Speaker BT/Usb/Aux/Fm/Remote-1x4,IQD 55500,Sales,true,KRYPTON,,0,0,0,0,cm,kg,,,,,,,,goods,2,,,Active,pcs,Pieces,KNMS5398,6294015633177,,,KNMS5398,IQD 42720,Cost of Goods Sold,Rech.Prof Speaker BT/Usb/Aux/Fm/Remote-1x4,Inventory Asset,fifo,,Western International LLC,ERB,3,IQD 42720,0,false,Inventory,true,true,true,PROFESSIONAL SPEAKER-2,Rech.Prof Speaker BT/Usb/Aux/Fm/Remote-1x4,,,,,,,,,,,,,Clearance,LHH,
4516918000000121514,2023-09-25 08:01:19,2025-11-15 13:05:11,PROFESSIONAL SPEAKER-3,Portable&Rech Prof Speaker/usb/fm/bt/mic/Rmt-1X1,IQD 97500,Sales,true,KRYPTON,,0,0,0,0,cm,kg,,,,,,,,goods,2,,,Active,pcs,Pieces,KNMS5196,6294015634754,,,KNMS5196,IQD 73680,Cost of Goods Sold,Portable&Rech Prof Speaker/usb/fm/bt/mic/Rmt-1X1,Inventory Asset,fifo,,Western International LLC,ERB,3,IQD 73680,0,false,Inventory,true,true,true,PROFESSIONAL SPEAKER-3,Portable&Rech Prof Speaker/usb/fm/bt/mic/Rmt-1X1,,,,,,,,,,,,,Discontinued,LHH,
4516918000000123398,2023-09-25 08:20:45,2026-07-22 09:20:54,PAN-1,Non Stick Fry Pan 22CM 1X12,IQD 11500,Sales,true,DELCASA,,0,0,0,0,cm,kg,,,,,,,,goods,2,,,Active,pcs,Pieces,DC1102,6294016301013,,,DC1102,IQD 5046.463064,Cost of Goods Sold,Non Stick Fry Pan 22CM 1X12,Inventory Asset,fifo,,Western International LLC,ERB,3,IQD 4710,7,false,Inventory,true,true,true,PAN-1,Non Stick Fry Pan 22CM 1X12,,,,,,,,,,,,,Active,ELC,
4516918000000123411,2023-09-25 08:20:45,2025-11-15 13:05:10,PAN-2,Non Stick Fry Pan 24CM 1X12,IQD 14250,Sales,true,DELCASA,,0,0,0,0,cm,kg,,,,,,,,goods,2,,,Active,pcs,Pieces,DC1103,6294016301020,,,DC1103,IQD 6330,Cost of Goods Sold,Non Stick Fry Pan 24CM 1X12,Inventory Asset,fifo,,Western International LLC,ERB,82,IQD 6330,0,false,Inventory,true,true,true,PAN-2,Non Stick Fry Pan 24CM 1X12,,,,,,,,,,,,,Discontinued,LHH,
4516918000000123424,2023-09-25 08:20:45,2026-03-25 13:00:27,PAN-3,Non Stick Fry Pan 26CM 1X12,IQD 15500,Sales,true,DELCASA,,0,0,0,0,cm,kg,,,,,,,,goods,2,,,Active,pcs,Pieces,DC1104,6294016301037,,,DC1104,IQD 5790,Cost of Goods Sold,Non Stick Fry Pan 26CM 1X12,Inventory Asset,fifo,,Western International LLC,ERB,7,IQD 5790,1,false,Inventory,true,true,true,PAN-3,Non Stick Fry Pan 26CM 1X12,,,,,,,,,,,,,Discontinued,LHH,
4516918000000123437,2023-09-25 08:20:45,2026-07-27 08:34:29,PAN-4,Non Stick Fry Pan 28CM 1X12,IQD 19250,Sales,true,DELCASA,,0,0,0,0,cm,kg,,,,,,,,goods,2,,,Active,pcs,Pieces,DC1105,6294016301044,,,DC1105,IQD 8478.567503,Cost of Goods Sold,Non Stick Fry Pan 28CM 1X12,Inventory Asset,fifo,,Western International LLC,ERB,167,IQD 7755,41,false,Inventory,true,true,true,PAN-4,Non Stick Fry Pan 28CM 1X12,,,,,,,,,,,,,Active,ELC,
4516918000000123450,2023-09-25 08:20:45,2025-11-15 13:05:10,PAN-5,22CM Granite CoatedSmart Frypan/Lid 1X6,IQD 18250,Sales,true,ROYALFORD,,0,0,0,0,cm,kg,,,,,,,,goods,2,,,Active,pcs,Pieces,RF9951,6294016414874,,,RF9951,IQD 11795,Cost of Goods Sold,22CM Granite CoatedSmart Frypan/Lid 1X6,Inventory Asset,fifo,,Western International LLC,ERB,2,IQD 11795,0,false,Inventory,true,true,true,PAN-5,22CM Granite CoatedSmart Frypan/Lid 1X6,,,,,,,,,,,,,Discontinued,LHH,
4516918000000123463,2023-09-25 08:20:45,2026-01-23 19:05:58,PAN-6,24CM Granite CoatedSmart Frypan/Lid 1X6,IQD 20250,Sales,true,ROYALFORD,,0,0,0,0,cm,kg,,,,,,,,goods,2,,,Active,pcs,Pieces,RF9952,6294016414881,,,RF9952,IQD 13039,Cost of Goods Sold,24CM Granite CoatedSmart Frypan/Lid 1X6,Inventory Asset,fifo,,Western International LLC,ERB,6,IQD 13039,0,false,Inventory,true,true,true,PAN-6,24CM Granite CoatedSmart Frypan/Lid 1X6,,,,,,,,,,,,,Discontinued,LHH,
4516918000000123476,2023-09-25 08:20:45,2025-11-15 13:05:10,PAN-7,Double Grill  Pan 32cm 1X10,IQD 37000,Sales,true,ROYALFORD,,0,0,0,0,cm,kg,,,,,,,,goods,2,,,Active,pcs,Pieces,RF5515,6294009940557,,,RF5515,IQD 23950,Cost of Goods Sold,Double Grill  Pan 32cm 1X10,Inventory Asset,fifo,,Western International LLC,ERB,1,IQD 23950,0,false,Inventory,true,true,true,PAN-7,Double Grill  Pan 32cm 1X10,,,,,,,,,,,,,Discontinued,LHH,
4516918000000123489,2023-09-25 08:20:46,2025-11-15 13:05:10,PAN-8,24CM/3MM Marbile Grill Pan 1X12,IQD 18000,Sales,true,ROYALFORD,,0,0,0,0,cm,kg,,,,,,,,goods,2,,,Active,pcs,Pieces,RF8382,6294016408019,,,RF8382,IQD 11575,Cost of Goods Sold,24CM/3MM Marbile Grill Pan 1X12,Inventory Asset,fifo,,Western International LLC,ERB,5,IQD 11575,0,false,Inventory,true,true,true,PAN-8,24CM/3MM Marbile Grill Pan 1X12,,,,,,,,,,,,,Discontinued,LHH,
4516918000000123502,2023-09-25 08:20:46,2026-04-14 08:28:30,PAN-9,9Pc Granite Coated Alu. Cookware Set 1X2,IQD 99750,Sales,true,DELCASA,,0,0,0,0,cm,kg,,,,,,,,goods,2,,,Active,pcs,Pieces,DC1577,6294016305769,,,DC1577,IQD 65100,Cost of Goods Sold,9Pc Granite Coated Alu. Cookware Set 1X2,Inventory Asset,fifo,,Western International LLC,ERB,3,IQD 65100,1,false,Inventory,true,true,true,PAN-9,9Pc Granite Coated Alu. Cookware Set 1X2,,,,,,,,,,,,,Discontinued,LHH,
4516918000000123515,2023-09-25 08:20:46,2025-11-30 13:34:34,PAN-10,Sauce Pan W/Lid-16CM  1X16,IQD 16000,Sales,true,ROYALFORD,,0,0,0,0,cm,kg,,,,,,,,goods,2,,,Active,pcs,Pieces,RF2960,6294009924434,,,RF2960,IQD 10454,Cost of Goods Sold,Sauce Pan W/Lid-16CM  1X16,Inventory Asset,fifo,,Western International LLC,ERB,3,IQD 10454,0,false,Inventory,true,true,true,PAN-10,Sauce Pan W/Lid-16CM  1X16,,,,,,,,,,,,,Clearance,LHH,
4516918000000123528,2023-09-25 08:20:46,2025-11-15 13:05:10,PAN-11,Sauce Pan W/Lid-20CM 1X12,IQD 21250,Sales,true,ROYALFORD,,0,0,0,0,cm,kg,,,,,,,,goods,2,,,Active,pcs,Pieces,RF2962,6294009924458,,,RF2962,IQD 13809,Cost of Goods Sold,Sauce Pan W/Lid-20CM 1X12,Inventory Asset,fifo,,Western International LLC,ERB,6,IQD 13809,0,false,Inventory,true,true,true,PAN-11,Sauce Pan W/Lid-20CM 1X12,,,,,,,,,,,,,Discontinued,LHH,
4516918000000123541,2023-09-25 08:20:46,2026-02-22 13:24:33,PAN-12,18CM Nonstick Mini Kadai With SS Lid1X24,IQD 11250,Sales,true,ROYALFORD,,0,0,0,0,cm,kg,,,,,,,,goods,2,,,Active,pcs,Pieces,RF10005,6294016415529,,,RF10005,IQD 6398,Cost of Goods Sold,18CM Nonstick Mini Kadai With SS Lid1X24,Inventory Asset,fifo,,Western International LLC,ERB,1,IQD 6398,0,false,Inventory,true,true,true,PAN-12,18CM Nonstick Mini Kadai With SS Lid1X24,,,,,,,,,,,,,Clearance,LHH,
4516918000000123554,2023-09-25 08:20:46,2025-11-15 13:05:10,PAN-13,Wokpan /Lid 26CM 1X6,IQD 21500,Sales,true,ROYALFORD,,0,0,0,0,cm,kg,,,,,,,,goods,2,,,Active,pcs,Pieces,RF2948,6294009924311,,,RF2948,IQD 13860,Cost of Goods Sold,Wokpan /Lid 26CM 1X6,Inventory Asset,fifo,,Western International LLC,ERB,2,IQD 13860,0,false,Inventory,true,true,true,PAN-13,Wokpan /Lid 26CM 1X6,,,,,,,,,,,,,Discontinued,LHH,
4516918000000123567,2023-09-25 08:20:46,2025-11-15 13:05:10,PAN-14,23CM S/S Casserole 1X12,IQD 17000,Sales,true,ROYALFORD,,0,0,0,0,cm,kg,,,,,,,,goods,2,,,Active,pcs,Pieces,RF9975,6294016415130,,,RF9975,IQD 11005,Cost of Goods Sold,23CM S/S Casserole 1X12,Inventory Asset,fifo,,Western International LLC,ERB,1,IQD 11005,0,false,Inventory,true,true,true,PAN-14,23CM S/S Casserole 1X12,,,,,,,,,,,,,Discontinued,LHH,
4516918000000123580,2023-09-25 08:20:46,2025-12-10 15:47:55,CASSEROLE-1,26CM Non Stick Aluminum Casserole 1x6,IQD 27000,Sales,true,DELCASA,,0,0,0,0,cm,kg,,,,,,,,goods,2,,,Active,pcs,Pieces,DC1573,6294016305721,,,DC1573,IQD 17505,Cost of Goods Sold,26CM Non Stick Aluminum Casserole 1x6,Inventory Asset,fifo,,Western International LLC,ERB,3,IQD 17505,0,false,Inventory,true,true,true,CASSEROLE-1,26CM Non Stick Aluminum Casserole 1x6,,,,,,,,,,,,,Clearance,LHH,
4516918000000123593,2023-09-25 08:20:46,2025-11-15 13:04:44,CASSEROLE-2,28CM Non Stick Aluminum Casserole 1x6,IQD 31000,Sales,true,DELCASA,,0,0,0,0,cm,kg,,,,,,,,goods,2,,,Active,pcs,Pieces,DC1574,6294016305738,,,DC1574,IQD 20235,Cost of Goods Sold,28CM Non Stick Aluminum Casserole 1x6,Inventory Asset,fifo,,Western International LLC,ERB,4,IQD 20235,0,false,Inventory,true,true,true,CASSEROLE-2,28CM Non Stick Aluminum Casserole 1x6,,,,,,,,,,,,,Clearance,LHH,
4516918000000123606,2023-09-25 08:20:47,2026-05-10 12:24:53,CASSEROLE-3,30CM Non Stick Aluminum Casserole 1x6,IQD 39000,Sales,true,DELCASA,,0,0,0,0,cm,kg,,,,,,,,goods,2,,,Active,pcs,Pieces,DC1575,6294016305745,,,DC1575,IQD 24901.78474,Cost of Goods Sold,30CM Non Stick Aluminum Casserole 1x6,Inventory Asset,fifo,,Western International LLC,ERB,1,IQD 22935,6,false,Inventory,true,true,true,CASSEROLE-3,30CM Non Stick Aluminum Casserole 1x6,,,,,,,,,,,,,Active,ELC,
4516918000000123619,2023-09-25 08:20:47,2026-06-21 11:44:19,CASSEROLE-4,32CM Non Stick Aluminum Casserole 1x6,IQD 41000,Sales,true,DELCASA,,0,0,0,0,cm,kg,,,,,,,,goods,2,,,Active,pcs,Pieces,DC1576,6294016305752,,,DC1576,IQD 25887.46013,Cost of Goods Sold,32CM Non Stick Aluminum Casserole 1x6,Inventory Asset,fifo,,Western International LLC,ERB,3,IQD 25500,19,false,Inventory,true,true,true,CASSEROLE-4,32CM Non Stick Aluminum Casserole 1x6,,,,,,,,,,,,,Active,ELC,
4516918000000123632,2023-09-25 08:20:47,2025-11-15 13:04:59,CASSEROLE-5,26CM NS Alum. Frypan+ Glass Lid 1X12,IQD 19250,Sales,true,DELCASA,,0,0,0,0,cm,kg,,,,,,,,goods,2,,,Active,pcs,Pieces,DC1579,6294016305783,,,DC1579,IQD 10125,Cost of Goods Sold,26CM NS Alum. Frypan+ Glass Lid 1X12,Inventory Asset,fifo,,Western International LLC,ERB,4,IQD 10125,0,false,Inventory,true,true,true,CASSEROLE-5,26CM NS Alum. Frypan+ Glass Lid 1X12,,,,,,,,,,,,,Discontinued,LHH,
4516918000000123645,2023-09-25 08:20:47,2026-01-23 19:05:58,COFFEE WARMER-5,300ML N/S Coffee Warmer(7.5 CM) 1X24,IQD 6750,Sales,true,ROYALFORD,,0,0,0,0,cm,kg,,,,,,,,goods,2,,,Active,pcs,Pieces,RF1138-CP6.5,6294009905174,,,RF1138-CP6.5,IQD 3179,Cost of Goods Sold,300ML N/S Coffee Warmer(7.5 CM) 1X24,Inventory Asset,fifo,,Western International LLC,ERB,3,IQD 3179,0,false,Inventory,true,true,true,COFFEE WARMER-5,300ML N/S Coffee Warmer(7.5 CM) 1X24,,,,,,,,,,,,,Discontinued,LHH,
4516918000000123658,2023-09-25 08:20:47,2025-11-15 13:04:59,COFFEE WARMER-1,430ML N/S Coffee Warmer(8.5 CM) 1X24,IQD 7250,Sales,true,ROYALFORD,,0,0,0,0,cm,kg,,,,,,,,goods,2,,,Active,pcs,Pieces,RF1139-CP7.5,6294009905181,,,RF1139-CP7.5,IQD 3293,Cost of Goods Sold,430ML N/S Coffee Warmer(8.5 CM) 1X24,Inventory Asset,fifo,,Western International LLC,,,,0,false,Inventory,true,true,true,COFFEE WARMER-1,430ML N/S Coffee Warmer(8.5 CM) 1X24,,,,,,,,,,,,,Discontinued,LHH,
4516918000000123671,2023-09-25 08:20:47,2026-08-09 15:51:44,COFFEE WARMER-2,900ML Coffee Warmer 1X24,IQD 9500,Sales,true,DELCASA,,0,0,0,0,cm,kg,,,,,,,,goods,2,,,Active,pcs,Pieces,DC2478,6294016314792,,,DC2478,IQD 4219.025315,Cost of Goods Sold,900ML Coffee Warmer 1X24,Inventory Asset,fifo,,Western International LLC,ERB,11,IQD 4545,76,false,Inventory,true,true,true,COFFEE WARMER-2,900ML Coffee Warmer 1X24,,,,,,,,,,,,,Active,ELC,
4516918000000123684,2023-09-25 08:20:47,2026-08-01 09:11:03,COFFEE WARMER-3,450ML Coffee Warmer 1X24,IQD 7250,Sales,true,DELCASA,,0,0,0,0,cm,kg,,,,,,,,goods,2,,,Active,pcs,Pieces,DC2476,6294016314778,,,DC2476,IQD 3162.098908,Cost of Goods Sold,450ML Coffee Warmer 1X24,Inventory Asset,fifo,,Western International LLC,ERB,68,IQD 3185,15,false,Inventory,true,true,true,COFFEE WARMER-3,450ML Coffee Warmer 1X24,,,,,,,,,,,,,Active,ELC,
4516918000000123697,2023-09-25 08:20:47,2025-11-15 13:05:00,COFFEE WARMER-4,700ML Coffee Warmer 1X18,IQD 9000,Sales,true,DELCASA,,0,0,0,0,cm,kg,,,,,,,,goods,2,,,Active,pcs,Pieces,DC2477,6294016314785,,,DC2477,IQD 3882,Cost of Goods Sold,700ML Coffee Warmer 1X18,Inventory Asset,fifo,,Western International LLC,ERB,85,IQD 3882,0,false,Inventory,true,true,true,COFFEE WARMER-4,700ML Coffee Warmer 1X18,,,,,,,,,,,,,Discontinued,LHH,
4516918000000123710,2023-09-25 08:20:47,2025-11-15 13:05:05,KETTLE-1,2Ltr S/S Whistling Kettle 1x12,IQD 17250,Sales,true,ROYALFORD,,0,0,0,0,cm,kg,,,,,,,,goods,2,,,Active,pcs,Pieces,RF6770,6294020003415,,,RF6770,IQD 8610,Cost of Goods Sold,2Ltr S/S Whistling Kettle 1x12,Inventory Asset,fifo,,Western International LLC,ERB,2,IQD 8610,0,false,Inventory,true,true,true,KETTLE-1,2Ltr S/S Whistling Kettle 1x12,,,,,,,,,,,,,Discontinued,LHH,
4516918000000123723,2023-09-25 08:20:48,2026-08-12 10:19:17,KETTLE-2,5.0Ltr S/Steel Whistling Kettle 1x12,IQD 23750,Sales,true,ROYALFORD,,0,0,0,0,cm,kg,,,,,,,,goods,2,,,Active,pcs,Pieces,RF9843,6294016411965,,,RF9843,IQD 15449,Cost of Goods Sold,5.0Ltr S/Steel Whistling Kettle 1x12,Inventory Asset,fifo,,Western International LLC,ERB,52,IQD 15449,7,false,Inventory,true,true,true,KETTLE-2,5.0Ltr S/Steel Whistling Kettle 1x12,,,,,,,,,,,,,Discontinued,LHH,
4516918000000123736,2023-09-25 08:20:48,2026-06-28 10:40:46,KETTLE-3,3.0L SS Marb.Design Whistling kettle1X12,IQD 25750,Sales,true,ROYALFORD,,0,0,0,0,cm,kg,,,,,,,,goods,2,,,Active,pcs,Pieces,RF9668,6294016410210,,,RF9668,IQD 16714,Cost of Goods Sold,3.0L SS Marb.Design Whistling kettle1X12,Inventory Asset,fifo,,Western International LLC,ERB,46,IQD 16714,0,false,Inventory,true,true,true,KETTLE-3,3.0L SS Marb.Design Whistling kettle1X12,,,,,,,,,,,,,Discontinued,LHH,
4516918000000123749,2023-09-25 08:20:48,2025-11-15 13:05:06,KETTLE-4,950ML Glass Tea Pot / S/S Strainer 1x24,IQD 14500,Sales,true,ROYALFORD,,0,0,0,0,cm,kg,,,,,,,,goods,2,,,Active,pcs,Pieces,RF8264,6294020018358,,,RF8264,IQD 6976,Cost of Goods Sold,950ML Glass Tea Pot / S/S Strainer 1x24,Inventory Asset,fifo,,Western International LLC,ERB,2,IQD 6976,0,false,Inventory,true,true,true,KETTLE-4,950ML Glass Tea Pot / S/S Strainer 1x24,,,,,,,,,,,,,Discontinued,LHH,
4516918000000123762,2023-09-25 08:20:48,2026-04-30 08:08:01,KETTLE-5,1600ML S/S Tea Pot 1X12,IQD 18000,Sales,true,ROYALFORD,,0,0,0,0,cm,kg,,,,,,,,goods,2,,,Active,pcs,Pieces,RF9574,6294016409276,,,RF9574,IQD 11617,Cost of Goods Sold,1600ML S/S Tea Pot 1X12,Inventory Asset,fifo,,Western International LLC,ERB,3,IQD 11617,3,false,Inventory,true,true,true,KETTLE-5,1600ML S/S Tea Pot 1X12,,,,,,,,,,,,,Discontinued,LHH,
4516918000000123775,2023-09-25 08:20:48,2025-11-15 13:05:09,MUGS-1,Ceramic Mug-12 Oz 1X48,IQD 3250,Sales,true,ROYALFORD,,0,0,0,0,cm,kg,,,,,,,,goods,2,,,Active,pcs,Pieces,RF1747-M10,6294009911359,,,RF1747-M10,IQD 1304,Cost of Goods Sold,Ceramic Mug-12 Oz 1X48,Inventory Asset,fifo,,Western International LLC,ERB,117,IQD 1304,0,false,Inventory,true,true,true,MUGS-1,Ceramic Mug-12 Oz 1X48,,,,,,,,,,,,,Discontinued,LHH,
4516918000000123788,2023-09-25 08:20:48,2026-04-14 08:28:30,MUGS-2,Ceramic Mug10 Oz 1X48,IQD 3000,Sales,true,ROYALFORD,,0,0,0,0,cm,kg,,,,,,,,goods,2,,,Active,pcs,Pieces,RF1748-M9,6294009911366,,,RF1748-M9,IQD 1248,Cost of Goods Sold,Ceramic Mug10 Oz 1X48,Inventory Asset,fifo,,Western International LLC,ERB,158,IQD 1248,6,false,Inventory,true,true,true,MUGS-2,Ceramic Mug10 Oz 1X48,,,,,,,,,,,,,Discontinued,LHH,
4516918000000123801,2023-09-25 08:20:48,2026-04-14 08:28:30,MUGS-3,Ceramic Mug-11 Oz  1X48,IQD 3000,Sales,true,ROYALFORD,,0,0,0,0,cm,kg,,,,,,,,goods,2,,,Active,pcs,Pieces,RF1750-M10,6294009911380,,,RF1750-M10,IQD 1222,Cost of Goods Sold,Ceramic Mug-11 Oz  1X48,Inventory Asset,fifo,,Western International LLC,ERB,137,IQD 1222,3,false,Inventory,true,true,true,MUGS-3,Ceramic Mug-11 Oz  1X48,,,,,,,,,,,,,Discontinued,LHH,
4516918000000123814,2023-09-25 08:20:48,2026-04-14 08:28:30,MUGS-4,10Oz Mug With Fruits Decal1X48,IQD 2750,Sales,true,ROYALFORD,,0,0,0,0,cm,kg,,,,,,,,goods,2,,,Active,pcs,Pieces,RF2918-FB,6294009923475,,,RF2918-FB,IQD 1366,Cost of Goods Sold,10Oz Mug With Fruits Decal1X48,Inventory Asset,fifo,,Western International LLC,ERB,143,IQD 1366,28,false,Inventory,true,true,true,MUGS-4,10Oz Mug With Fruits Decal1X48,,,,,,,,,,,,,Clearance,LHH,
4516918000000123827,2023-09-25 08:20:49,2025-11-15 13:05:09,MUGS-5,12 Oz Mug1X48,IQD 2750,Sales,true,ROYALFORD,,0,0,0,0,cm,kg,,,,,,,,goods,2,,,Active,pcs,Pieces,RF2921-FB,6294009923505,,,RF2921-FB,IQD 1358,Cost of Goods Sold,12 Oz Mug1X48,Inventory Asset,fifo,,Western International LLC,ERB,13,IQD 1358,0,false,Inventory,true,true,true,MUGS-5,12 Oz Mug1X48,,,,,,,,,,,,,Discontinued,LHH,
4516918000000123840,2023-09-25 08:20:49,2025-11-15 13:05:14,MUGS-6,11Oz Mug/ Flower 1X48,IQD 0,Sales,true,ROYALFORD,,0,0,0,0,cm,kg,,,,,,,,goods,2,,,Active,pcs,Pieces,RF2963,6294009924465,,,RF2963,IQD 0,Cost of Goods Sold,11Oz Mug/ Flower 1X48,Inventory Asset,fifo,,Western International LLC,ERB,13,IQD 1,46,false,Inventory,true,true,true,MUGS-6,11Oz Mug/ Flower 1X48,,,,,,,,,,,,,Discontinued,LHH,
4516918000000123853,2023-09-25 08:20:49,2025-11-15 13:05:09,MUGS-7,9 OZ Mug (stone ware)/Red 1X48,IQD 3250,Sales,true,ROYALFORD,,0,0,0,0,cm,kg,,,,,,,,goods,2,,,Active,pcs,Pieces,RF5935,6294009944753,,,RF5935,IQD 1350,Cost of Goods Sold,9 OZ Mug (stone ware)/Red 1X48,Inventory Asset,fifo,,Western International LLC,ERB,121,IQD 1350,0,false,Inventory,true,true,true,MUGS-7,9 OZ Mug (stone ware)/Red 1X48,,,,,,,,,,,,,Discontinued,LHH,
4516918000000123866,2023-09-25 08:20:49,2025-11-15 13:05:10,MUGS-8,9 OZ Mug (stone ware)/Beige 1X48,IQD 3250,Sales,true,ROYALFORD,,0,0,0,0,cm,kg,,,,,,,,goods,2,,,Active,pcs,Pieces,RF5937,6294009944777,,,RF5937,IQD 1345,Cost of Goods Sold,9 OZ Mug (stone ware)/Beige 1X48,Inventory Asset,fifo,,Western International LLC,ERB,144,IQD 1345,0,false,Inventory,true,true,true,MUGS-8,9 OZ Mug (stone ware)/Beige 1X48,,,,,,,,,,,,,Discontinued,LHH,
4516918000000123879,2023-09-25 08:20:49,2026-08-09 15:51:44,GRATER-1,S/S Grater with ABS handle 1x72,IQD 4000,Sales,true,ROYALFORD,,0,0,0,0,cm,kg,,,,,,,,goods,2,,,Active,pcs,Pieces,RF8930,6294016402178,,,RF8930,IQD 1532.414093,Cost of Goods Sold,S/S Grater with ABS handle 1x72,Inventory Asset,fifo,,Western International LLC,ERB,4,IQD 1470,72,false,Inventory,true,true,true,GRATER-1,S/S Grater with ABS handle 1x72,,,,,,,,,,,,,Active,ELC,
4516918000000123892,2023-09-25 08:20:49,2026-08-10 12:35:32,GRATER-2,Stainless Steel 4 Side Grater 1X72,IQD 5750,Sales,true,ROYALFORD,,0,0,0,0,cm,kg,,,,,,,,goods,2,,,Active,pcs,Pieces,RF9865,6294016412184,,,RF9865,IQD 2615.326743,Cost of Goods Sold,Stainless Steel 4 Side Grater 1X72,Inventory Asset,fifo,,Western International LLC,ERB,4,IQD 2655,213,false,Inventory,true,true,true,GRATER-2,Stainless Steel 4 Side Grater 1X72,,,,,,,,,,,,,Active,ELC,
4516918000000123905,2023-09-25 08:20:49,2025-11-15 13:05:11,PIZZA CUTTER-1,3Pizza Cutter1X72,IQD 6250,Sales,true,ROYALFORD,,0,0,0,0,cm,kg,,,,,,,,goods,2,,,Active,pcs,Pieces,RF4643,6294009931807,,,RF4643,IQD 2520,Cost of Goods Sold,3Pizza Cutter1X72,Inventory Asset,fifo,,Western International LLC,ERB,60,IQD 2520,5,false,Inventory,true,true,true,PIZZA CUTTER-1,3Pizza Cutter1X72,,,,,,,,,,,,,Discontinued,LHH,
4516918000000123918,2023-09-25 08:20:49,2026-04-30 08:44:17,PIZZA CUTTER-2,MarbleDesigned ABS S/S Pizza Cutter 1X72,IQD 3750,Sales,true,ROYALFORD,,0,0,0,0,cm,kg,,,,,,,,goods,2,,,Active,pcs,Pieces,RF9546,6294016408996,,,RF9546,IQD 1675,Cost of Goods Sold,MarbleDesigned ABS S/S Pizza Cutter 1X72,Inventory Asset,fifo,,Western International LLC,ERB,102,IQD 1675,9,false,Inventory,true,true,true,PIZZA CUTTER-2,MarbleDesigned ABS S/S Pizza Cutter 1X72,,,,,,,,,,,,,Clearance,LHH,
4516918000000123931,2023-09-25 08:20:50,2026-08-09 15:51:44,PIZZA CUTTER-3,20.5X7.5CM S/Steel Pizza Cutter 1X72,IQD 3500,Sales,true,ROYALFORD,,0,0,0,0,cm,kg,,,,,,,,goods,2,,,Active,pcs,Pieces,RF9853,6294016412061,,,RF9853,IQD 1400.277487,Cost of Goods Sold,20.5X7.5CM S/Steel Pizza Cutter 1X72,Inventory Asset,fifo,,Western International LLC,ERB,40,IQD 1350,78,false,Inventory,true,true,true,PIZZA CUTTER-3,20.5X7.5CM S/Steel Pizza Cutter 1X72,,,,,,,,,,,,,Active,ELC,
4516918000000123944,2023-09-25 08:20:50,2026-08-10 10:26:37,WHISK-1,"10"" Whisk 1X144",IQD 4500,Sales,true,ROYALFORD,,0,0,0,0,cm,kg,,,,,,,,goods,2,,,Active,pcs,Pieces,RF5621,6294009941615,,,RF5621,IQD 1858.682433,Cost of Goods Sold,"10"" Whisk 1X144",Inventory Asset,fifo,,Western International LLC,ERB,131,IQD 1868,423,false,Inventory,true,true,true,WHISK-1,"10"" Whisk 1X144",,,,,,,,,,,,,Active,ELC,
4516918000000123957,2023-09-25 08:20:50,2026-07-04 13:07:02,WHISK-2,Nylon Whisk /Steel handle 1X144,IQD 3250,Sales,true,ROYALFORD,,0,0,0,0,cm,kg,,,,,,,,goods,2,,,Active,pcs,Pieces,RF9485,6294016407722,,,RF9485,IQD 1493,Cost of Goods Sold,Nylon Whisk /Steel handle 1X144,Inventory Asset,fifo,,Western International LLC,ERB,82,IQD 1493,32,false,Inventory,true,true,true,WHISK-2,Nylon Whisk /Steel handle 1X144,,,,,,,,,,,,,Discontinued,LHH,
4516918000000123970,2023-09-25 08:20:50,2025-11-15 13:05:14,WHISK-3,S/S whisk with ABS handle 1x72,IQD 3500,Sales,true,ROYALFORD,,0,0,0,0,cm,kg,,,,,,,,goods,2,,,Active,pcs,Pieces,RF8918,6294016402055,,,RF8918,IQD 1538,Cost of Goods Sold,S/S whisk with ABS handle 1x72,Inventory Asset,fifo,,Western International LLC,ERB,2,IQD 1538,0,false,Inventory,true,true,true,WHISK-3,S/S whisk with ABS handle 1x72,,,,,,,,,,,,,Discontinued,LHH,
4516918000000123983,2023-09-25 08:20:50,2026-08-09 15:51:44,SKIMMER-1,Nylon Skimmer with ABS handle 1X72,IQD 2750,Sales,true,ROYALFORD,,0,0,0,0,cm,kg,,,,,,,,goods,2,,,Active,pcs,Pieces,RF8907,6294016401942,,,RF8907,IQD 1352.559189,Cost of Goods Sold,Nylon Skimmer with ABS handle 1X72,Inventory Asset,fifo,,Western International LLC,ERB,4,IQD 1234,21,false,Inventory,true,true,true,SKIMMER-1,Nylon Skimmer with ABS handle 1X72,,,,,,,,,,,,,Active,ELC,
4516918000000123996,2023-09-25 08:20:50,2026-05-10 12:24:56,SKIMMER-2,Marble Designed Nylon Skimmer 1X72,IQD 4250,Sales,true,ROYALFORD,,0,0,0,0,cm,kg,,,,,,,,goods,2,,,Active,pcs,Pieces,RF9538,6294016408910,,,RF9538,IQD 1915.558889,Cost of Goods Sold,Marble Designed Nylon Skimmer 1X72,Inventory Asset,fifo,,Western International LLC,ERB,108,IQD 1882,20,false,Inventory,true,true,true,SKIMMER-2,Marble Designed Nylon Skimmer 1X72,,,,,,,,,,,,,Active,ELC,
4516918000000124009,2023-09-25 08:20:50,2026-07-30 15:24:28,SKIMMER-3,S/ Steel Skimmer  1X48,IQD 7500,Sales,true,ROYALFORD,,0,0,0,0,cm,kg,,,,,,,,goods,2,,,Active,pcs,Pieces,RF2063S,6294009914909,,,RF2063S,IQD 3102.975688,Cost of Goods Sold,S/ Steel Skimmer  1X48,Inventory Asset,fifo,,Western International LLC,ERB,126,IQD 3329,180,false,Inventory,true,true,true,SKIMMER-3,S/ Steel Skimmer  1X48,,,,,,,,,,,,,Active,ELC,
4516918000000124022,2023-09-25 08:20:50,2026-06-06 09:27:15,SPOON-1,Marble Desig.ABS S/S Ice Cream Spoon1X72,IQD 3750,Sales,true,ROYALFORD,,0,0,0,0,cm,kg,,,,,,,,goods,2,,,Active,pcs,Pieces,RF9548,6294016409016,,,RF9548,IQD 1685,Cost of Goods Sold,Marble Desig.ABS S/S Ice Cream Spoon1X72,Inventory Asset,fifo,,Western International LLC,ERB,109,IQD 1685,10,false,Inventory,true,true,true,SPOON-1,Marble Desig.ABS S/S Ice Cream Spoon1X72,,,,,,,,,,,,,Discontinued,LHH,
4516918000000124035,2023-09-25 08:20:50,2026-01-23 19:05:58,TONG-1,Marble Designed S/S Food Tong 1X144,IQD 5250,Sales,true,ROYALFORD,,0,0,0,0,cm,kg,,,,,,,,goods,2,,,Active,pcs,Pieces,RF9550,6294016409030,,,RF9550,IQD 2413,Cost of Goods Sold,Marble Designed S/S Food Tong 1X144,Inventory Asset,fifo,,Western International LLC,ERB,123,IQD 2413,0,false,Inventory,true,true,true,TONG-1,Marble Designed S/S Food Tong 1X144,,,,,,,,,,,,,Discontinued,LHH,
4516918000000124048,2023-09-25 08:20:50,2025-11-15 13:05:12,SPOON-2,20X4CM S/Steel Ice Cream Scoop 1X72,IQD 3250,Sales,true,ROYALFORD,,0,0,0,0,cm,kg,,,,,,,,goods,2,,,Active,pcs,Pieces,RF9856,6294016412092,,,RF9856,IQD 1391,Cost of Goods Sold,20X4CM S/Steel Ice Cream Scoop 1X72,Inventory Asset,fifo,,Western International LLC,ERB,42,IQD 1391,0,false,Inventory,true,true,true,SPOON-2,20X4CM S/Steel Ice Cream Scoop 1X72,,,,,,,,,,,,,Discontinued,LHH,
4516918000000124061,2023-09-25 08:20:51,2025-11-15 13:05:13,SPOON-3,Slotted Spoon 1X48,IQD 6000,Sales,true,ROYALFORD,,0,0,0,0,cm,kg,,,,,,,,goods,2,,,Active,pcs,Pieces,RF2764-SP,6294009922461,,,RF2764-SP,IQD 2295,Cost of Goods Sold,Slotted Spoon 1X48,Inventory Asset,fifo,,Western International LLC,ERB,35,IQD 2295,6,false,Inventory,true,true,true,SPOON-3,Slotted Spoon 1X48,,,,,,,,,,,,,Discontinued,LHH,
4516918000000124074,2023-09-25 08:20:51,2025-11-15 13:05:13,SPOON-4,Marble Designed Nylon Serving Spoon1X72,IQD 4000,Sales,true,ROYALFORD,,0,0,0,0,cm,kg,,,,,,,,goods,2,,,Active,pcs,Pieces,RF9542,6294016408958,,,RF9542,IQD 1800,Cost of Goods Sold,Marble Designed Nylon Serving Spoon1X72,Inventory Asset,fifo,,Western International LLC,ERB,126,IQD 1800,0,false,Inventory,true,true,true,SPOON-4,Marble Designed Nylon Serving Spoon1X72,,,,,,,,,,,,,Discontinued,LHH,
4516918000000124087,2023-09-25 08:20:51,2026-03-25 13:00:27,TURNER-1,Nylon Slotted Turner/Steel handle 1X144,IQD 3250,Sales,true,ROYALFORD,,0,0,0,0,cm,kg,,,,,,,,goods,2,,,Active,pcs,Pieces,RF9482,6294016407692,,,RF9482,IQD 1425,Cost of Goods Sold,Nylon Slotted Turner/Steel handle 1X144,Inventory Asset,fifo,,Western International LLC,ERB,166,IQD 1425,5,false,Inventory,true,true,true,TURNER-1,Nylon Slotted Turner/Steel handle 1X144,,,,,,,,,,,,,Discontinued,LHH,
4516918000000124100,2023-09-25 08:20:51,2026-07-22 09:20:54,TURNER-2,Nylon Slotted Turner/Steel handle 1X144,IQD 3250,Sales,true,ROYALFORD,,0,0,0,0,cm,kg,,,,,,,,goods,2,,,Active,pcs,Pieces,RF9483,6294016407708,,,RF9483,IQD 1275,Cost of Goods Sold,Nylon Slotted Turner/Steel handle 1X144,Inventory Asset,fifo,,Western International LLC,ERB,7,IQD 1275,2,false,Inventory,true,true,true,TURNER-2,Nylon Slotted Turner/Steel handle 1X144,,,,,,,,,,,,,Discontinued,LHH,
4516918000000124113,2023-09-25 08:20:51,2025-11-15 13:05:14,TURNER-3,Marble Designed Nylon Turner 1X72,IQD 4000,Sales,true,ROYALFORD,,0,0,0,0,cm,kg,,,,,,,,goods,2,,,Active,pcs,Pieces,RF9539,6294016408927,,,RF9539,IQD 1800,Cost of Goods Sold,Marble Designed Nylon Turner 1X72,Inventory Asset,fifo,,Western International LLC,ERB,113,IQD 1800,8,false,Inventory,true,true,true,TURNER-3,Marble Designed Nylon Turner 1X72,,,,,,,,,,,,,Discontinued,LHH,
4516918000000124126,2023-09-25 08:20:51,2025-11-15 13:05:08,LADLE-1,Marble Designed Nylon Soup Ladle 1X72,IQD 4000,Sales,true,ROYALFORD,,0,0,0,0,cm,kg,,,,,,,,goods,2,,,Active,pcs,Pieces,RF9537,6294016408903,,,RF9537,IQD 1800,Cost of Goods Sold,Marble Designed Nylon Soup Ladle 1X72,Inventory Asset,fifo,,Western International LLC,ERB,108,IQD 1800,0,false,Inventory,true,true,true,LADLE-1,Marble Designed Nylon Soup Ladle 1X72,,,,,,,,,,,,,Discontinued,LHH,
4516918000000124139,2023-09-25 08:20:51,2026-08-10 10:26:37,PEELER-1,Peeler W/Ss Tube Handle 1X144,IQD 3250,Sales,true,ROYALFORD,,0,0,0,0,cm,kg,,,,,,,,goods,2,,,Active,pcs,Pieces,RF1188-FP,6294009905679,,,RF1188-FP,IQD 1217.578262,Cost of Goods Sold,Peeler W/Ss Tube Handle 1X144,Inventory Asset,fifo,,Western International LLC,ERB,127,IQD 1263,332,false,Inventory,true,true,true,PEELER-1,Peeler W/Ss Tube Handle 1X144,,,,,,,,,,,,,Active,ELC,
4516918000000124152,2023-09-25 08:20:51,2026-08-09 13:12:00,PEELER-2,Triangle Peeler W/Ss Tube1X144,IQD 3750,Sales,true,ROYALFORD,,0,0,0,0,cm,kg,,,,,,,,goods,2,,,Active,pcs,Pieces,RF1189-TP,6294009905686,,,RF1189-TP,IQD 1464.564638,Cost of Goods Sold,Triangle Peeler W/Ss Tube1X144,Inventory Asset,fifo,,Western International LLC,ERB,72,IQD 1544,227,false,Inventory,true,true,true,PEELER-2,Triangle Peeler W/Ss Tube1X144,,,,,,,,,,,,,Active,ELC,
4516918000000124165,2023-09-25 08:20:51,2026-08-09 15:51:44,PEELER-3,Y-Peeler 1X72,IQD 4750,Sales,true,ROYALFORD,,0,0,0,0,cm,kg,,,,,,,,goods,2,,,Active,pcs,Pieces,RF4644,6294009931814,,,RF4644,IQD 1750.97722,Cost of Goods Sold,Y-Peeler 1X72,Inventory Asset,fifo,,Western International LLC,ERB,59,IQD 1843,127,false,Inventory,true,true,true,PEELER-3,Y-Peeler 1X72,,,,,,,,,,,,,Active,ELC,
4516918000000124178,2023-09-25 08:20:52,2026-08-09 15:51:44,PEELER-4,S/S Peeler with ABS handle 1x72,IQD 3000,Sales,true,ROYALFORD,,0,0,0,0,cm,kg,,,,,,,,goods,2,,,Active,pcs,Pieces,RF8923,6294016402109,,,RF8923,IQD 1206.090524,Cost of Goods Sold,S/S Peeler with ABS handle 1x72,Inventory Asset,fifo,,Western International LLC,ERB,83,IQD 1097,36,false,Inventory,true,true,true,PEELER-4,S/S Peeler with ABS handle 1x72,,,,,,,,,,,,,Active,ELC,
4516918000000124191,2023-09-25 08:20:52,2026-08-09 15:51:44,STRAINER-1,7.2 Cm S/S Tea Strainer 1X144,IQD 4500,Sales,true,ROYALFORD,,0,0,0,0,cm,kg,,,,,,,,goods,2,,,Active,pcs,Pieces,RF5925,6294009944654,,,RF5925,IQD 1767.490844,Cost of Goods Sold,7.2 Cm S/S Tea Strainer 1X144,Inventory Asset,fifo,,Western International LLC,ERB,2,IQD 1753,39,false,Inventory,true,true,true,STRAINER-1,7.2 Cm S/S Tea Strainer 1X144,,,,,,,,,,,,,Active,ELC,
4516918000000124204,2023-09-25 08:20:52,2026-07-23 12:51:08,KNIFE-1,"Utility Knife 5.5"" 1X144",IQD 6750,Sales,true,ROYALFORD,,0,0,0,0,cm,kg,,,,,,,,goods,2,,,Active,pcs,Pieces,RF1804-UK,6294009912240,,,RF1804-UK,IQD 2998.177717,Cost of Goods Sold,"Utility Knife 5.5"" 1X144",Inventory Asset,fifo,,Western International LLC,ERB,246,IQD 3060,39,false,Inventory,true,true,true,KNIFE-1,"Utility Knife 5.5"" 1X144",,,,,,,,,,,,,Active,ELC,
4516918000000124217,2023-09-25 08:20:52,2025-11-15 13:05:07,KNIFE-2,"5"" Marble Designed Utility Knife 1X72",IQD 3750,Sales,true,ROYALFORD,,0,0,0,0,cm,kg,,,,,,,,goods,2,,,Active,pcs,Pieces,RF9534,6294016408873,,,RF9534,IQD 1455,Cost of Goods Sold,"5"" Marble Designed Utility Knife 1X72",Inventory Asset,fifo,,Western International LLC,ERB,39,IQD 1455,0,false,Inventory,true,true,true,KNIFE-2,"5"" Marble Designed Utility Knife 1X72",,,,,,,,,,,,,Discontinued,LHH,
4516918000000124230,2023-09-25 08:20:52,2026-04-30 08:44:17,KNIFE-3,Fruit Knife / Teeth/Gray 1X50,IQD 8750,Sales,true,ROYALFORD,,0,0,0,0,cm,kg,,,,,,,,goods,2,,,Active,pcs,Pieces,RF4137GRY,6294016413655,,,RF4137GRY,IQD 4050,Cost of Goods Sold,Fruit Knife / Teeth/Gray 1X50,Inventory Asset,fifo,,Western International LLC,ERB,5,IQD 4050,7,false,Inventory,true,true,true,KNIFE-3,Fruit Knife / Teeth/Gray 1X50,,,,,,,,,,,,,Discontinued,LHH,
4516918000000124243,2023-09-25 08:20:52,2026-06-06 09:27:15,KNIFE-4,12Pc Fruit Knives with wooden hand 1X50,IQD 10500,Sales,true,ROYALFORD,,0,0,0,0,cm,kg,,,,,,,,goods,2,,,Active,pcs,Pieces,RF9487,6294016407746,,,RF9487,IQD 4500,Cost of Goods Sold,12Pc Fruit Knives with wooden hand 1X50,Inventory Asset,fifo,,Western International LLC,ERB,124,IQD 4500,3,false,Inventory,true,true,true,KNIFE-4,12Pc Fruit Knives with wooden hand 1X50,,,,,,,,,,,,,Discontinued,LHH,
4516918000000124256,2023-09-25 08:20:52,2026-04-14 08:28:30,KNIFE-5,5Pc knife set +Wooden cutting board1X36,IQD 9750,Sales,true,DELCASA,,0,0,0,0,cm,kg,,,,,,,,goods,2,,,Active,pcs,Pieces,DC1670,6294016306698,,,DC1670,IQD 4680,Cost of Goods Sold,5Pc knife set +Wooden cutting board1X36,Inventory Asset,fifo,,Western International LLC,ERB,175,IQD 4680,17,false,Inventory,true,true,true,KNIFE-5,5Pc knife set +Wooden cutting board1X36,,,,,,,,,,,,,Discontinued,LHH,
4516918000000124269,2023-09-25 08:20:52,2026-07-30 15:24:28,APRON-1,Water Proof Apron 1x120,IQD 2750,Sales,true,ROYALFORD,,0,0,0,0,cm,kg,,,,,,,,goods,2,,,Active,pcs,Pieces,RF6201,6294009947419,,,RF6201,IQD 1153.164872,Cost of Goods Sold,Water Proof Apron 1x120,Inventory Asset,fifo,,Western International LLC,ERB,468,IQD 1217,24,false,Inventory,true,true,true,APRON-1,Water Proof Apron 1x120,,,,,,,,,,,,,Active,ELC,
4516918000000124282,2023-09-25 08:20:52,2025-11-15 13:04:58,APRON-2,Apron 1x300,IQD 2750,Sales,true,DELCASA,,0,0,0,0,cm,kg,,,,,,,,goods,2,,,Active,pcs,Pieces,DC1590,6294016305899,,,DC1590,IQD 1155,Cost of Goods Sold,Apron 1x300,Inventory Asset,fifo,,Western International LLC,ERB,7,IQD 1155,7,false,Inventory,true,true,true,APRON-2,Apron 1x300,,,,,,,,,,,,,Discontinued,LHH,
4516918000000124295,2023-09-25 08:20:53,2026-08-10 10:26:37,KITCHEN TOOLS-1,5Pc Bamboo Kitchen Tool 1x60,IQD 6500,Sales,true,ROYALFORD,,0,0,0,0,cm,kg,,,,,,,,goods,2,,,Active,pcs,Pieces,RF7289,6294020008601,,,RF7289,IQD 2498.461096,Cost of Goods Sold,5Pc Bamboo Kitchen Tool 1x60,Inventory Asset,fifo,,Western International LLC,ERB,444,IQD 2644,183,false,Inventory,true,true,true,KITCHEN TOOLS-1,5Pc Bamboo Kitchen Tool 1x60,,,,,,,,,,,,,Active,ELC,
4516918000000124308,2023-09-25 08:20:53,2026-08-02 09:45:41,KITCHEN TOOLS-2,4Pc Carbonizd Bamboo Kitchn Tools 1X50,IQD 7250,Sales,true,ROYALFORD,,0,0,0,0,cm,kg,,,,,,,,goods,2,,,Active,pcs,Pieces,RF8687,6294020022584,,,RF8687,IQD 3040.593982,Cost of Goods Sold,4Pc Carbonizd Bamboo Kitchn Tools 1X50,Inventory Asset,fifo,,Western International LLC,ERB,196,IQD 2865,60,false,Inventory,true,true,true,KITCHEN TOOLS-2,4Pc Carbonizd Bamboo Kitchn Tools 1X50,,,,,,,,,,,,,Active,ELC,
4516918000000124321,2023-09-25 08:20:53,2026-08-09 13:36:34,KITCHEN TOOLS-3,5 Pcs Nylon Kitchen Tools Set 1X36,IQD 9750,Sales,true,ROYALFORD,,0,0,0,0,cm,kg,,,,,,,,goods,2,,,Active,pcs,Pieces,RF1796-NKT,6294009912165,,,RF1796-NKT,IQD 4525.924917,Cost of Goods Sold,5 Pcs Nylon Kitchen Tools Set 1X36,Inventory Asset,fifo,,Western International LLC,ERB,205,IQD 4622,139,false,Inventory,true,true,true,KITCHEN TOOLS-3,5 Pcs Nylon Kitchen Tools Set 1X36,,,,,,,,,,,,,Active,ELC,
4516918000000124334,2023-09-25 08:20:53,2026-07-18 11:56:56,SQEEZER-1,Orange/Lemon Squeezer with Sparyer 1x64,IQD 10250,Sales,true,ROYALFORD,,0,0,0,0,cm,kg,,,,,,,,goods,2,,,Active,pcs,Pieces,RF8566,6294016408637,,,RF8566,IQD 4991,Cost of Goods Sold,Orange/Lemon Squeezer with Sparyer 1x64,Inventory Asset,fifo,,Western International LLC,ERB,280,IQD 4991,48,false,Inventory,true,true,true,SQEEZER-1,Orange/Lemon Squeezer with Sparyer 1x64,,,,,,,,,,,,,Discontinued,LHH,
4516918000000124347,2023-09-25 08:20:53,2026-06-08 12:33:12,FOOD CONTAINERS-1,BRS RectnGlass AirTight Conta. 0.4L 1X24,IQD 3750,Sales,true,DELCASA,,0,0,0,0,cm,kg,,,,,,,,goods,2,,,Active,pcs,Pieces,DC1427,6294016304267,,,DC1427,IQD 1670.902094,Cost of Goods Sold,BRS RectnGlass AirTight Conta. 0.4L 1X24,Inventory Asset,fifo,,Western International LLC,ERB,3,IQD 1605,31,false,Inventory,true,true,true,FOOD CONTAINERS-1,BRS RectnGlass AirTight Conta. 0.4L 1X24,,,,,,,,,,,,,Active,ELC,
4516918000000124360,2023-09-25 08:20:53,2026-07-22 09:20:54,FOOD CONTAINERS-2,BRS RectnGlass AirTight Conta. 0.6L 1X24,IQD 5250,Sales,true,DELCASA,,0,0,0,0,cm,kg,,,,,,,,goods,2,,,Active,pcs,Pieces,DC1428,6294016304274,,,DC1428,IQD 2332.484862,Cost of Goods Sold,BRS RectnGlass AirTight Conta. 0.6L 1X24,Inventory Asset,fifo,,Western International LLC,ERB,78,IQD 2130,30,false,Inventory,true,true,true,FOOD CONTAINERS-2,BRS RectnGlass AirTight Conta. 0.6L 1X24,,,,,,,,,,,,,Active,ELC,
4516918000000124373,2023-09-25 08:20:53,2026-05-10 12:25:02,FOOD CONTAINERS-3,BRS RectnGlass AirTight Conta. 1Ltr 1X18,IQD 7500,Sales,true,DELCASA,,0,0,0,0,cm,kg,,,,,,,,goods,2,,,Active,pcs,Pieces,DC1429,6294016304281,,,DC1429,IQD 3088.047778,Cost of Goods Sold,BRS RectnGlass AirTight Conta. 1Ltr 1X18,Inventory Asset,fifo,,Western International LLC,ERB,120,IQD 2835,1,false,Inventory,true,true,true,FOOD CONTAINERS-3,BRS RectnGlass AirTight Conta. 1Ltr 1X18,,,,,,,,,,,,,Active,ELC,
4516918000000124386,2023-09-25 08:20:54,2026-04-25 16:48:05,FOOD CONTAINERS-4,BRS RectnGlass AirTight Conta. 1.5L 1X12,IQD 10750,Sales,true,DELCASA,,0,0,0,0,cm,kg,,,,,,,,goods,2,,,Active,pcs,Pieces,DC1430,6294016304298,,,DC1430,IQD 4695,Cost of Goods Sold,BRS RectnGlass AirTight Conta. 1.5L 1X12,Inventory Asset,fifo,,Western International LLC,ERB,2,IQD 4695,0,false,Inventory,true,true,true,FOOD CONTAINERS-4,BRS RectnGlass AirTight Conta. 1.5L 1X12,,,,,,,,,,,,,Discontinued,LHH,
4516918000000124399,2023-09-25 08:20:54,2026-07-30 15:24:28,SPOON-5,Bamboo Serving  Spoon 1X200,IQD 3500,Sales,true,DELCASA,,0,0,0,0,cm,kg,,,,,,,,goods,2,,,Active,pcs,Pieces,DC1328,6294016303277,,,DC1328,IQD 1240.553739,Cost of Goods Sold,Bamboo Serving  Spoon 1X200,Inventory Asset,fifo,,Western International LLC,ERB,205,IQD 1200,127,false,Inventory,true,true,true,SPOON-5,Bamboo Serving  Spoon 1X200,,,,,,,,,,,,,Active,ELC,
4516918000000124412,2023-09-25 08:20:54,2026-05-11 22:37:45,SKIMMER-4,Nylon Skimmer Steel Handle/ 1X144,IQD 3750,Sales,true,ROYALFORD,,0,0,0,0,cm,kg,,,,,,,,goods,2,,,Active,pcs,Pieces,RF1202-NS,6294009905815,,,RF1202-NS,IQD 1610.149631,Cost of Goods Sold,Nylon Skimmer Steel Handle/ 1X144,Inventory Asset,fifo,,Western International LLC,ERB,154,IQD 1530,13,false,Inventory,true,true,true,SKIMMER-4,Nylon Skimmer Steel Handle/ 1X144,,,,,,,,,,,,,Active,ELC,
4516918000000124425,2023-09-25 08:20:54,2026-08-09 15:51:44,GARLIC PRESSER-1,Garlic Presser 1X72,IQD 10250,Sales,true,ROYALFORD,,0,0,0,0,cm,kg,,,,,,,,goods,2,,,Active,pcs,Pieces,RF4338,6294009928760,,,RF4338,IQD 4165.619134,Cost of Goods Sold,Garlic Presser 1X72,Inventory Asset,fifo,,Western International LLC,ERB,31,IQD 4065,91,false,Inventory,true,true,true,GARLIC PRESSER-1,Garlic Presser 1X72,,,,,,,,,,,,,Active,ELC,
4516918000000124438,2023-09-25 08:20:54,2026-08-08 12:29:20,LADLE-2,Nylon soup ladle with ABS handle 1X72,IQD 4000,Sales,true,ROYALFORD,,0,0,0,0,cm,kg,,,,,,,,goods,2,,,Active,pcs,Pieces,RF8906,6294016401935,,,RF8906,IQD 1577.011924,Cost of Goods Sold,Nylon soup ladle with ABS handle 1X72,Inventory Asset,fifo,,Western International LLC,ERB,73,IQD 1620,237,false,Inventory,true,true,true,LADLE-2,Nylon soup ladle with ABS handle 1X72,,,,,,,,,,,,,Active,ELC,
4516918000000124451,2023-09-25 08:20:54,2026-03-14 10:33:31,SPOON-6,Nylon Slotted Spoon with ABS hndle 1X72,IQD 3250,Sales,true,ROYALFORD,,0,0,0,0,cm,kg,,,,,,,,goods,2,,,Active,pcs,Pieces,RF8908,6294016401959,,,RF8908,IQD 1320,Cost of Goods Sold,Nylon Slotted Spoon with ABS hndle 1X72,Inventory Asset,fifo,,Western International LLC,ERB,83,IQD 1320,0,false,Inventory,true,true,true,SPOON-6,Nylon Slotted Spoon with ABS hndle 1X72,,,,,,,,,,,,,Discontinued,LHH,
4516918000000124464,2023-09-25 08:20:54,2026-08-09 15:51:44,TURNER-4,Nylon slotted turner with ABS hndle 1X72,IQD 3500,Sales,true,ROYALFORD,,0,0,0,0,cm,kg,,,,,,,,goods,2,,,Active,pcs,Pieces,RF8909,6294016401966,,,RF8909,IQD 1384.150469,Cost of Goods Sold,Nylon slotted turner with ABS hndle 1X72,Inventory Asset,fifo,,Western International LLC,ERB,68,IQD 1380,30,false,Inventory,true,true,true,TURNER-4,Nylon slotted turner with ABS hndle 1X72,,,,,,,,,,,,,Active,ELC,
4516918000000124477,2023-09-25 08:20:54,2025-11-15 13:05:04,HANGER-1,Folding Hanger With 12Pc Clip 1x100,IQD 4500,Sales,true,ROYALFORD,,0,0,0,0,cm,kg,,,,,,,,goods,2,,,Active,pcs,Pieces,RF9384,6294016406718,,,RF9384,IQD 1860,Cost of Goods Sold,Folding Hanger With 12Pc Clip 1x100,Inventory Asset,fifo,,Western International LLC,ERB,186,IQD 1860,3,false,Inventory,true,true,true,HANGER-1,Folding Hanger With 12Pc Clip 1x100,,,,,,,,,,,,,Discontinued,LHH,
4516918000000124490,2023-09-25 08:20:55,2026-07-27 16:54:40,MILK FROTHER-1,Multi Purpose Milk Frother 1X72,IQD 6000,Sales,true,ROYALFORD,,0,0,0,0,cm,kg,,,,,,,,goods,2,,,Active,pcs,Pieces,RF9596,6294016409498,,,RF9596,IQD 2692.648059,Cost of Goods Sold,Multi Purpose Milk Frother 1X72,Inventory Asset,fifo,,Western International LLC,ERB,146,IQD 2940,16,false,Inventory,true,true,true,MILK FROTHER-1,Multi Purpose Milk Frother 1X72,,,,,,,,,,,,,Active,ELC,
4516918000000124503,2023-09-25 08:20:55,2026-08-10 08:08:26,CAN OPENER-1,Can Opener W/Ss Tube Handl1X72,IQD 7750,Sales,true,ROYALFORD,,0,0,0,0,cm,kg,,,,,,,,goods,2,,,Active,pcs,Pieces,RF1184-O,6294009905631,,,RF1184-O,IQD 3123.43825,Cost of Goods Sold,Can Opener W/Ss Tube Handl1X72,Inventory Asset,fifo,,Western International LLC,ERB,15,IQD 3105,70,false,Inventory,true,true,true,CAN OPENER-1,Can Opener W/Ss Tube Handl1X72,,,,,,,,,,,,,Active,ELC,
4516918000000124516,2023-09-25 08:20:55,2026-08-10 10:26:37,BOTTLE OPENER-1,Bottle Opener W/Ss Tube H1X144,IQD 3250,Sales,true,ROYALFORD,,0,0,0,0,cm,kg,,,,,,,,goods,2,,,Active,pcs,Pieces,RF1185-BO,6294009905648,,,RF1185-BO,IQD 1303.7363,Cost of Goods Sold,Bottle Opener W/Ss Tube H1X144,Inventory Asset,fifo,,Western International LLC,ERB,63,IQD 1288,159,false,Inventory,true,true,true,BOTTLE OPENER-1,Bottle Opener W/Ss Tube H1X144,,,,,,,,,,,,,Active,ELC,
4516918000000124529,2023-09-25 08:20:55,2025-11-15 13:05:12,SPATULA-1,Nylonslotedspatulaw/Steelhandle1X144,IQD 4000,Sales,true,ROYALFORD,,0,0,0,0,cm,kg,,,,,,,,goods,2,,,Active,pcs,Pieces,RF1203-NSS,6294009905822,,,RF1203-NSS,IQD 1560,Cost of Goods Sold,Nylonslotedspatulaw/Steelhandle1X144,Inventory Asset,fifo,,Western International LLC,ERB,76,IQD 1560,0,false,Inventory,true,true,true,SPATULA-1,Nylonslotedspatulaw/Steelhandle1X144,,,,,,,,,,,,,Discontinued,LHH,
4516918000000124542,2023-09-25 08:20:55,2026-07-14 08:37:13,LADLE-3,Nylon Soup Ladle W/Ss Hnd1X144,IQD 4000,Sales,true,ROYALFORD,,0,0,0,0,cm,kg,,,,,,,,goods,2,,,Active,pcs,Pieces,RF1204-NSPL,6294009905839,,,RF1204-NSPL,IQD 1593.580777,Cost of Goods Sold,Nylon Soup Ladle W/Ss Hnd1X144,Inventory Asset,fifo,,Western International LLC,ERB,84,IQD 1539,364,false,Inventory,true,true,true,LADLE-3,Nylon Soup Ladle W/Ss Hnd1X144,,,,,,,,,,,,,Active,ELC,
4516918000000124555,2023-09-25 08:20:55,2026-08-01 09:11:03,SPOON-7,Nylon Serving Spoon W/Ss 1X144,IQD 3750,Sales,true,ROYALFORD,,0,0,0,0,cm,kg,,,,,,,,goods,2,,,Active,pcs,Pieces,RF1206-NSVS,6294009905853,,,RF1206-NSVS,IQD 1588.057826,Cost of Goods Sold,Nylon Serving Spoon W/Ss 1X144,Inventory Asset,fifo,,Western International LLC,ERB,125,IQD 1588,559,false,Inventory,true,true,true,SPOON-7,Nylon Serving Spoon W/Ss 1X144,,,,,,,,,,,,,Active,ELC,
4516918000000124568,2023-09-25 08:20:55,2025-11-15 13:05:07,KNIFE-6,"Cleaver Knife 6"" 1 X 36",IQD 11000,Sales,true,ROYALFORD,,0,0,0,0,cm,kg,,,,,,,,goods,2,,,Active,pcs,Pieces,RF1800-CLK,6294009912202,,,RF1800-CLK,IQD 4815,Cost of Goods Sold,"Cleaver Knife 6"" 1 X 36",Inventory Asset,fifo,,Western International LLC,ERB,31,IQD 4815,0,false,Inventory,true,true,true,KNIFE-6,"Cleaver Knife 6"" 1 X 36",,,,,,,,,,,,,Discontinued,LHH,
4516918000000124581,2023-09-25 08:20:55,2026-07-30 15:29:14,KNIFE-7,"Slicer Knife 8"" 1X72",IQD 9000,Sales,true,ROYALFORD,,0,0,0,0,cm,kg,,,,,,,,goods,2,,,Active,pcs,Pieces,RF1803-SK,6294009912233,,,RF1803-SK,IQD 3993.303058,Cost of Goods Sold,"Slicer Knife 8"" 1X72",Inventory Asset,fifo,,Western International LLC,ERB,6,IQD 3960,327,false,Inventory,true,true,true,KNIFE-7,"Slicer Knife 8"" 1X72",,,,,,,,,,,,,Active,ELC,
4516918000000124594,2023-09-25 08:20:55,2026-08-09 15:51:44,SPOON-8,S/ Steel Rice  Spoon1X48,IQD 5500,Sales,true,ROYALFORD,,0,0,0,0,cm,kg,,,,,,,,goods,2,,,Active,pcs,Pieces,RF2060SP,6294009914879,,,RF2060SP,IQD 2179.013601,Cost of Goods Sold,S/ Steel Rice  Spoon1X48,Inventory Asset,fifo,,Western International LLC,ERB,16,IQD 2190,81,false,Inventory,true,true,true,SPOON-8,S/ Steel Rice  Spoon1X48,,,,,,,,,,,,,Active,ELC,
4516918000000124607,2023-09-25 08:20:56,2026-08-01 09:11:03,SPOON-9,S/ Steel Soup Spoon  1X48,IQD 6500,Sales,true,ROYALFORD,,0,0,0,0,cm,kg,,,,,,,,goods,2,,,Active,pcs,Pieces,RF2061SS,6294009914886,,,RF2061SS,IQD 2612.774634,Cost of Goods Sold,S/ Steel Soup Spoon  1X48,Inventory Asset,fifo,,Western International LLC,ERB,20,IQD 2550,32,false,Inventory,true,true,true,SPOON-9,S/ Steel Soup Spoon  1X48,,,,,,,,,,,,,Active,ELC,
4516918000000124620,2023-09-25 08:20:56,2026-06-15 10:40:56,TURNER-5,S/ Steel Turner  1X48,IQD 6250,Sales,true,ROYALFORD,,0,0,0,0,cm,kg,,,,,,,,goods,2,,,Active,pcs,Pieces,RF2062T,6294009914893,,,RF2062T,IQD 2652,Cost of Goods Sold,S/ Steel Turner  1X48,Inventory Asset,fifo,,Western International LLC,ERB,74,IQD 2652,7,false,Inventory,true,true,true,TURNER-5,S/ Steel Turner  1X48,,,,,,,,,,,,,Clearance,LHH,
4516918000000124633,2023-09-25 08:20:56,2026-07-22 09:20:54,CUTLERY-1,3 Pcs Table Knife 1x72,IQD 4000,Sales,true,ROYALFORD,,0,0,0,0,cm,kg,,,,,,,,goods,2,,,Active,pcs,Pieces,RF3000,6294009924830,,,RF3000,IQD 1789.078889,Cost of Goods Sold,3 Pcs Table Knife 1x72,Inventory Asset,fifo,,Western International LLC,ERB,120,IQD 1646,49,false,Inventory,true,true,true,CUTLERY-1,3 Pcs Table Knife 1x72,,,,,,,,,,,,,Active,ELC,
4516918000000124646,2023-09-25 08:20:56,2026-08-09 15:51:44,CUTLERY-2,3 Pcs Table Spoon 1X72,IQD 3750,Sales,true,ROYALFORD,,0,0,0,0,cm,kg,,,,,,,,goods,2,,,Active,pcs,Pieces,RF3001,6294009924847,,,RF3001,IQD 1505.213559,Cost of Goods Sold,3 Pcs Table Spoon 1X72,Inventory Asset,fifo,,Western International LLC,ERB,81,IQD 1514,237,false,Inventory,true,true,true,CUTLERY-2,3 Pcs Table Spoon 1X72,,,,,,,,,,,,,Active,ELC,
4516918000000124659,2023-09-25 08:20:56,2026-07-18 11:56:56,CUTLERY-3,3 Pcs Table Fork 1X72,IQD 3250,Sales,true,ROYALFORD,,0,0,0,0,cm,kg,,,,,,,,goods,2,,,Active,pcs,Pieces,RF3002,6294009924854,,,RF3002,IQD 1678.408889,Cost of Goods Sold,3 Pcs Table Fork 1X72,Inventory Asset,fifo,,Western International LLC,ERB,110,IQD 1550,8,false,Inventory,true,true,true,CUTLERY-3,3 Pcs Table Fork 1X72,,,,,,,,,,,,,Active,ELC,
4516918000000124672,2023-09-25 08:20:56,2026-08-09 15:51:44,CUTLERY-4,3 Pcs Tea Spoon 1X72,IQD 3500,Sales,true,ROYALFORD,,0,0,0,0,cm,kg,,,,,,,,goods,2,,,Active,pcs,Pieces,RF3003,6294009924861,,,RF3003,IQD 1370.867772,Cost of Goods Sold,3 Pcs Tea Spoon 1X72,Inventory Asset,fifo,,Western International LLC,ERB,98,IQD 1306,111,false,Inventory,true,true,true,CUTLERY-4,3 Pcs Tea Spoon 1X72,,,,,,,,,,,,,Active,ELC,
4516918000000124685,2023-09-25 08:20:56,2025-11-15 13:05:00,CUTLERY-5,3Pcs S/S Dinner Spoon 2MM 1X72,IQD 4500,Sales,true,ROYALFORD,,0,0,0,0,cm,kg,,,,,,,,goods,2,,,Active,pcs,Pieces,RF7231,6294020008021,,,RF7231,IQD 1620,Cost of Goods Sold,3Pcs S/S Dinner Spoon 2MM 1X72,Inventory Asset,fifo,,Western International LLC,ERB,1,IQD 1620,0,false,Inventory,true,true,true,CUTLERY-5,3Pcs S/S Dinner Spoon 2MM 1X72,,,,,,,,,,,,,Discontinued,LHH,
4516918000000124698,2023-09-25 08:20:56,2026-07-24 22:04:21,CUTLERY-6,3Pcs S/S Dinner Knife 4MM 1X72,IQD 5500,Sales,true,ROYALFORD,,0,0,0,0,cm,kg,,,,,,,,goods,2,,,Active,pcs,Pieces,RF7234,6294020008052,,,RF7234,IQD 2566,Cost of Goods Sold,3Pcs S/S Dinner Knife 4MM 1X72,Inventory Asset,fifo,,Western International LLC,ERB,94,IQD 2566,19,false,Inventory,true,true,true,CUTLERY-6,3Pcs S/S Dinner Knife 4MM 1X72,,,,,,,,,,,,,Discontinued,LHH,
4516918000000124711,2023-09-25 08:20:56,2026-05-25 12:58:47,CUTLERY-7,16Pc Cutlery Set1X12,IQD 13750,Sales,true,DELCASA,,0,0,0,0,cm,kg,,,,,,,,goods,2,,,Active,pcs,Pieces,DC2483,6294016314846,,,DC2483,IQD 5835,Cost of Goods Sold,16Pc Cutlery Set1X12,Inventory Asset,fifo,,Western International LLC,ERB,20,IQD 5835,13,false,Inventory,true,true,true,CUTLERY-7,16Pc Cutlery Set1X12,,,,,,,,,,,,,Discontinued,LHH,
4516918000000124724,2023-09-25 08:20:57,2026-08-09 15:51:44,WINE OPENER-1,Wine Opener 1X60,IQD 10500,Sales,true,ROYALFORD,,0,0,0,0,cm,kg,,,,,,,,goods,2,,,Active,pcs,Pieces,RF4337,6294009928753,,,RF4337,IQD 4644.873221,Cost of Goods Sold,Wine Opener 1X60,Inventory Asset,fifo,,Western International LLC,ERB,28,IQD 4530,140,false,Inventory,true,true,true,WINE OPENER-1,Wine Opener 1X60,,,,,,,,,,,,,Active,ELC,
4516918000000124737,2023-09-25 08:20:57,2026-08-09 15:51:44,SCISSORS-1,Scissors 1X72,IQD 4500,Sales,true,ROYALFORD,,0,0,0,0,cm,kg,,,,,,,,goods,2,,,Active,pcs,Pieces,RF491S,6294009902784,,,RF491S,IQD 1823.197472,Cost of Goods Sold,Scissors 1X72,Inventory Asset,fifo,,Western International LLC,ERB,3,IQD 1725,99,false,Inventory,true,true,true,SCISSORS-1,Scissors 1X72,,,,,,,,,,,,,Active,ELC,
4516918000000124750,2023-09-25 08:20:57,2026-05-10 12:25:09,HANGER-2,Metal Cloth Dryer-180x50x105CM 1x6,IQD 25500,Sales,true,ROYALFORD,,0,0,0,0,cm,kg,,,,,,,,goods,2,,,Active,pcs,Pieces,RF5001,6294009935393,,,RF5001,IQD 15012.76597,Cost of Goods Sold,Metal Cloth Dryer-180x50x105CM 1x6,Inventory Asset,fifo,,Western International LLC,ERB,75,IQD 14771,10,false,Inventory,true,true,true,HANGER-2,Metal Cloth Dryer-180x50x105CM 1x6,,,,,,,,,,,,,Active,ELC,
4516918000000124763,2023-09-25 08:20:57,2025-11-15 13:05:12,SKIMMER-5,S/S 15.5 cm Skimmer 1x120,IQD 6000,Sales,true,ROYALFORD,,0,0,0,0,cm,kg,,,,,,,,goods,2,,,Active,pcs,Pieces,RF5023,6294009935614,,,RF5023,IQD 2352,Cost of Goods Sold,S/S 15.5 cm Skimmer 1x120,Inventory Asset,fifo,,Western International LLC,ERB,31,IQD 2352,0,false,Inventory,true,true,true,SKIMMER-5,S/S 15.5 cm Skimmer 1x120,,,,,,,,,,,,,Discontinued,LHH,
4516918000000124776,2023-09-25 08:20:57,2026-06-06 09:27:15,HAMPER-1,Cloth Hamper(Square) 1X24,IQD 11250,Sales,true,ROYALFORD,,0,0,0,0,cm,kg,,,,,,,,goods,2,,,Active,pcs,Pieces,RF5172,6294009937106,,,RF5172,IQD 4830,Cost of Goods Sold,Cloth Hamper(Square) 1X24,Inventory Asset,fifo,,Western International LLC,ERB,23,IQD 4830,3,false,Inventory,true,true,true,HAMPER-1,Cloth Hamper(Square) 1X24,,,,,,,,,,,,,Discontinued,LHH,
4516918000000124789,2023-09-25 08:20:57,2026-07-23 12:51:08,KETTLE-6,1 L Tea Kettle 1x48,IQD 13750,Sales,true,ROYALFORD,,0,0,0,0,cm,kg,,,,,,,,goods,2,,,Active,pcs,Pieces,RF6187,6294009947273,,,RF6187,IQD 6180.396231,Cost of Goods Sold,1 L Tea Kettle 1x48,Inventory Asset,fifo,,Western International LLC,ERB,1,IQD 6030,34,false,Inventory,true,true,true,KETTLE-6,1 L Tea Kettle 1x48,,,,,,,,,,,,,Active,ELC,
4516918000000124802,2023-09-25 08:20:57,2025-11-15 13:05:11,SCRAPER-1,"4"" SS Kitchen Scraper  1X144",IQD 4000,Sales,true,ROYALFORD,,0,0,0,0,cm,kg,,,,,,,,goods,2,,,Active,pcs,Pieces,RF8740,6294016400273,,,RF8740,IQD 1576,Cost of Goods Sold,"4"" SS Kitchen Scraper  1X144",Inventory Asset,fifo,,Western International LLC,ERB,93,IQD 1576,0,false,Inventory,true,true,true,SCRAPER-1,"4"" SS Kitchen Scraper  1X144",,,,,,,,,,,,,Discontinued,LHH,
4516918000000124815,2023-09-25 08:20:57,2026-07-24 22:04:21,SPOON-10,Nylon Serving Spoon wth ABS handle 1X72,IQD 3500,Sales,true,ROYALFORD,,0,0,0,0,cm,kg,,,,,,,,goods,2,,,Active,pcs,Pieces,RF8905,6294016401928,,,RF8905,IQD 1408.561913,Cost of Goods Sold,Nylon Serving Spoon wth ABS handle 1X72,Inventory Asset,fifo,,Western International LLC,ERB,9,IQD 1354,304,false,Inventory,true,true,true,SPOON-10,Nylon Serving Spoon wth ABS handle 1X72,,,,,,,,,,,,,Active,ELC,
4516918000000124828,2023-09-25 08:20:57,2026-08-02 13:17:10,DOOR MAT-1,Door Mat 45x75CM 1X24,IQD 9750,Sales,true,ROYALFORD,,0,0,0,0,cm,kg,,,,,,,,goods,2,,,Active,pcs,Pieces,RF9559,6294016409122,,,RF9559,IQD 4065.31079,Cost of Goods Sold,Door Mat 45x75CM 1X24,Inventory Asset,fifo,,Western International LLC,ERB,11,IQD 3915,168,false,Inventory,true,true,true,DOOR MAT-1,Door Mat 45x75CM 1X24,,,,,,,,,,,,,Active,ELC,
4516918000000124841,2023-09-25 08:20:57,2026-08-10 10:26:37,DOOR MAT-2,Door Mat 45x75CM 1X24,IQD 9750,Sales,true,ROYALFORD,,0,0,0,0,cm,kg,,,,,,,,goods,2,,,Active,pcs,Pieces,RF9560,6294016409139,,,RF9560,IQD 3872.559794,Cost of Goods Sold,Door Mat 45x75CM 1X24,Inventory Asset,fifo,,Western International LLC,ERB,24,IQD 3780,42,false,Inventory,true,true,true,DOOR MAT-2,Door Mat 45x75CM 1X24,,,,,,,,,,,,,Active,ELC,
4516918000000124854,2023-09-25 08:20:58,2026-08-10 13:15:36,DOOR MAT-3,Door Mat 45x75CM 1X24,IQD 9750,Sales,true,ROYALFORD,,0,0,0,0,cm,kg,,,,,,,,goods,2,,,Active,pcs,Pieces,RF9562,6294016409153,,,RF9562,IQD 3965.897669,Cost of Goods Sold,Door Mat 45x75CM 1X24,Inventory Asset,fifo,,Western International LLC,ERB,9,IQD 3915,55,false,Inventory,true,true,true,DOOR MAT-3,Door Mat 45x75CM 1X24,,,,,,,,,,,,,Active,ELC,
4516918000000124867,2023-09-25 08:20:58,2025-11-15 13:05:12,SPOON-11,33x7.3CM S/Steel Serving Spoon 1X72,IQD 5500,Sales,true,ROYALFORD,,0,0,0,0,cm,kg,,,,,,,,goods,2,,,Active,pcs,Pieces,RF9848,6294016412016,,,RF9848,IQD 2130,Cost of Goods Sold,33x7.3CM S/Steel Serving Spoon 1X72,Inventory Asset,fifo,,Western International LLC,ERB,32,IQD 2130,0,false,Inventory,true,true,true,SPOON-11,33x7.3CM S/Steel Serving Spoon 1X72,,,,,,,,,,,,,Discontinued,LHH,
4516918000000124880,2023-09-25 08:20:58,2025-11-15 13:05:14,TURNER-6,35X8CM S/Steel Slotted Turner 1X72,IQD 5750,Sales,true,ROYALFORD,,0,0,0,0,cm,kg,,,,,,,,goods,2,,,Active,pcs,Pieces,RF9850,6294016412030,,,RF9850,IQD 2244,Cost of Goods Sold,35X8CM S/Steel Slotted Turner 1X72,Inventory Asset,fifo,,Western International LLC,ERB,53,IQD 2244,3,false,Inventory,true,true,true,TURNER-6,35X8CM S/Steel Slotted Turner 1X72,,,,,,,,,,,,,Discontinued,LHH,
4516918000000124893,2023-09-25 08:20:58,2026-02-05 09:32:42,SKIMMER-6,34X11.3 S/Steel Skimmer 1X72,IQD 6250,Sales,true,ROYALFORD,,0,0,0,0,cm,kg,,,,,,,,goods,2,,,Active,pcs,Pieces,RF9851,6294016412047,,,RF9851,IQD 2505,Cost of Goods Sold,34X11.3 S/Steel Skimmer 1X72,Inventory Asset,fifo,,Western International LLC,ERB,41,IQD 2505,0,false,Inventory,true,true,true,SKIMMER-6,34X11.3 S/Steel Skimmer 1X72,,,,,,,,,,,,,Discontinued,LHH,
4516918000000124906,2023-09-25 08:20:58,2025-11-15 13:05:08,LADLE-4,30.3X8.8CM S/Steel Soup Ladle 1X72,IQD 6000,Sales,true,ROYALFORD,,0,0,0,0,cm,kg,,,,,,,,goods,2,,,Active,pcs,Pieces,RF9852,6294016412054,,,RF9852,IQD 2433,Cost of Goods Sold,30.3X8.8CM S/Steel Soup Ladle 1X72,Inventory Asset,fifo,,Western International LLC,ERB,49,IQD 2433,0,false,Inventory,true,true,true,LADLE-4,30.3X8.8CM S/Steel Soup Ladle 1X72,,,,,,,,,,,,,Discontinued,LHH,
4516918000000124919,2023-09-25 08:20:58,2026-08-11 11:51:56,HANGER-3,4Pc Rotating Wooden Hanger Set 1X20,IQD 9000,Sales,true,ROYALFORD,,0,0,0,0,cm,kg,,,,,,,,goods,2,,,Active,pcs,Pieces,RFU9013,6294016403007,,,RFU9013,IQD 3676.152099,Cost of Goods Sold,4Pc Rotating Wooden Hanger Set 1X20,Inventory Asset,fifo,,Western International LLC,ERB,3,IQD 3465,423,false,Inventory,true,true,true,HANGER-3,4Pc Rotating Wooden Hanger Set 1X20,,,,,,,,,,,,,Active,ELC,
4516918000000124932,2023-09-25 08:20:58,2026-05-11 22:37:45,PRESSURE COOKER-2,7.5 Ltr Aluminium Pressure Cooker 1X8,IQD 46000,Sales,true,DELCASA,,0,0,0,0,cm,kg,,,,,,,,goods,2,,,Active,pcs,Pieces,DC1125,6294016301242,,,DC1125,IQD 27303,Cost of Goods Sold,7.5 Ltr Aluminium Pressure Cooker 1X8,Inventory Asset,fifo,,Western International LLC,ERB,1,IQD 27303,4,false,Inventory,true,true,true,PRESSURE COOKER-2,7.5 Ltr Aluminium Pressure Cooker 1X8,,,,,,,,,,,,,Discontinued,LHH,
4516918000000124945,2023-09-25 08:20:58,2026-03-08 09:42:46,PRESSURE COOKER-3,10 Ltr Aluminium Pressure Cooker 1X8,IQD 53250,Sales,true,DELCASA,,0,0,0,0,cm,kg,,,,,,,,goods,2,,,Active,pcs,Pieces,DC1126,6294016301259,,,DC1126,IQD 31417,Cost of Goods Sold,10 Ltr Aluminium Pressure Cooker 1X8,Inventory Asset,fifo,,Western International LLC,ERB,2,IQD 31417,1,false,Inventory,true,true,true,PRESSURE COOKER-3,10 Ltr Aluminium Pressure Cooker 1X8,,,,,,,,,,,,,Discontinued,LHH,
4516918000000124958,2023-09-25 08:20:58,2025-11-15 13:05:10,MUGS-9,11Oz V-Shape Mug 1X36,IQD 3250,Sales,true,DELCASA,,0,0,0,0,cm,kg,,,,,,,,goods,2,,,Active,pcs,Pieces,DC1439,6294016304380,,,DC1439,IQD 1312,Cost of Goods Sold,11Oz V-Shape Mug 1X36,Inventory Asset,fifo,,Western International LLC,ERB,157,IQD 1312,0,false,Inventory,true,true,true,MUGS-9,11Oz V-Shape Mug 1X36,,,,,,,,,,,,,Discontinued,LHH,
4516918000000124971,2023-09-25 08:20:59,2026-08-12 10:22:35,STRAINER-2,"18""Strainer 1X240",IQD 4750,Sales,true,DELCASA,,0,0,0,0,cm,kg,,,,,,,,goods,2,,,Active,pcs,Pieces,DC1275,6294016302744,,,DC1275,IQD 1785.50333,Cost of Goods Sold,"18""Strainer 1X240",Inventory Asset,fifo,,Western International LLC,ERB,81,IQD 1731,316,false,Inventory,true,true,true,STRAINER-2,"18""Strainer 1X240",,,,,,,,,,,,,Active,ELC,
4516918000000124984,2023-09-25 08:20:59,2026-08-09 15:51:44,TURNER-7,Bamboo Slotted Turner 1X200,IQD 3500,Sales,true,DELCASA,,0,0,0,0,cm,kg,,,,,,,,goods,2,,,Active,pcs,Pieces,DC1327,6294016303260,,,DC1327,IQD 1240.553739,Cost of Goods Sold,Bamboo Slotted Turner 1X200,Inventory Asset,fifo,,Western International LLC,ERB,158,IQD 1211,156,false,Inventory,true,true,true,TURNER-7,Bamboo Slotted Turner 1X200,,,,,,,,,,,,,Active,ELC,
4516918000000124997,2023-09-25 08:20:59,2026-08-12 11:00:19,TONG-2,Stainless Steel Food Tong 1X480,IQD 2750,Sales,true,DELCASA,,0,0,0,0,cm,kg,,,,,,,,goods,2,,,Active,pcs,Pieces,DC1562,6294016305615,,,DC1562,IQD 1052.643809,Cost of Goods Sold,Stainless Steel Food Tong 1X480,Inventory Asset,fifo,,Western International LLC,ERB,200,IQD 976,721,false,Inventory,true,true,true,TONG-2,Stainless Steel Food Tong 1X480,,,,,,,,,,,,,Active,ELC,
4516918000000125010,2023-09-25 08:20:59,2026-08-09 15:51:44,GRATER-3,Multi Purpose Flat Grater 1X192,IQD 4000,Sales,true,DELCASA,,0,0,0,0,cm,kg,,,,,,,,goods,2,,,Active,pcs,Pieces,DC1563,6294016305622,,,DC1563,IQD 1759.200727,Cost of Goods Sold,Multi Purpose Flat Grater 1X192,Inventory Asset,fifo,,Western International LLC,ERB,3,IQD 1608,218,false,Inventory,true,true,true,GRATER-3,Multi Purpose Flat Grater 1X192,,,,,,,,,,,,,Active,ELC,
4516918000000125023,2023-09-25 08:20:59,2025-11-15 13:05:04,HANGER-4,6Pcs Cloth Hanger 1X36,IQD 4000,Sales,true,DELCASA,,0,0,0,0,cm,kg,,,,,,,,goods,2,,,Active,pcs,Pieces,DC2654,6294016316550,,,DC2654,IQD 1652,Cost of Goods Sold,6Pcs Cloth Hanger 1X36,Inventory Asset,fifo,,Western International LLC,ERB,3,IQD 1652,0,false,Inventory,true,true,true,HANGER-4,6Pcs Cloth Hanger 1X36,,,,,,,,,,,,,Discontinued,LHH,
4516918000000125036,2023-09-25 08:20:59,2025-11-15 13:05:05,IRON BOARD-1,Mesh Top ironing Board 91.5X33cm1X4,IQD 35000,Sales,true,DELCASA,,0,0,0,0,cm,kg,,,,,,,,goods,2,,,Active,pcs,Pieces,DC2800,6294016318011,,,DC2800,IQD 20595,Cost of Goods Sold,Mesh Top ironing Board 91.5X33cm1X4,Inventory Asset,fifo,,Western International LLC,ERB,34,IQD 20595,0,false,Inventory,true,true,true,IRON BOARD-1,Mesh Top ironing Board 91.5X33cm1X4,,,,,,,,,,,,,Discontinued,LHH,
4516918000000125049,2023-09-25 08:20:59,2025-11-15 13:05:05,IRON BOARD-2,Ironing Board 100X30cm(Cotton Cover)1X4,IQD 44500,Sales,true,DELCASA,,0,0,0,0,cm,kg,,,,,,,,goods,2,,,Active,pcs,Pieces,DC2837,6294016318387,,,DC2837,IQD 26398,Cost of Goods Sold,Ironing Board 100X30cm(Cotton Cover)1X4,Inventory Asset,fifo,,Western International LLC,ERB,84,IQD 26398,0,false,Inventory,true,true,true,IRON BOARD-2,Ironing Board 100X30cm(Cotton Cover)1X4,,,,,,,,,,,,,Discontinued,LHH,
4516918000000125062,2023-09-25 08:20:59,2026-04-14 08:28:30,FOOD CONTAINERS-5,Storage Container 1000ml1X48,IQD 3250,Sales,true,DELCASA,,0,0,0,0,cm,kg,,,,,,,,goods,2,,,Active,pcs,Pieces,DC2559,6294016315607,,,DC2559,IQD 1299,Cost of Goods Sold,Storage Container 1000ml1X48,Inventory Asset,fifo,,Western International LLC,ERB,91,IQD 1299,5,false,Inventory,true,true,true,FOOD CONTAINERS-5,Storage Container 1000ml1X48,,,,,,,,,,,,,Discontinued,LHH,
4516918000000125075,2023-09-25 08:20:59,2026-04-14 08:28:30,FOOD CONTAINERS-6,Storage Container 1800ml1X36,IQD 4250,Sales,true,DELCASA,,0,0,0,0,cm,kg,,,,,,,,goods,2,,,Active,pcs,Pieces,DC2560,6294016315614,,,DC2560,IQD 1720,Cost of Goods Sold,Storage Container 1800ml1X36,Inventory Asset,fifo,,Western International LLC,ERB,85,IQD 1720,2,false,Inventory,true,true,true,FOOD CONTAINERS-6,Storage Container 1800ml1X36,,,,,,,,,,,,,Discontinued,LHH,
4516918000000125088,2023-09-25 08:20:59,2025-11-15 13:05:02,FOOD CONTAINERS-7,Cook&Lock Square Container 900ml 1X36,IQD 4750,Sales,true,DELCASA,,0,0,0,0,cm,kg,,,,,,,,goods,2,,,Active,pcs,Pieces,DC2567,6294016315683,,,DC2567,IQD 1991,Cost of Goods Sold,Cook&Lock Square Container 900ml 1X36,Inventory Asset,fifo,,Western International LLC,ERB,73,IQD 1991,0,false,Inventory,true,true,true,FOOD CONTAINERS-7,Cook&Lock Square Container 900ml 1X36,,,,,,,,,,,,,Discontinued,LHH,
4516918000000125101,2023-09-25 08:21:00,2025-11-15 13:05:03,FOOD CONTAINERS-8,Cook&Lock Square Container 1500ml 1X36,IQD 6000,Sales,true,DELCASA,,0,0,0,0,cm,kg,,,,,,,,goods,2,,,Active,pcs,Pieces,DC2568,6294016315690,,,DC2568,IQD 2454,Cost of Goods Sold,Cook&Lock Square Container 1500ml 1X36,Inventory Asset,fifo,,Western International LLC,ERB,103,IQD 2454,3,false,Inventory,true,true,true,FOOD CONTAINERS-8,Cook&Lock Square Container 1500ml 1X36,,,,,,,,,,,,,Discontinued,LHH,
4516918000000125114,2023-09-25 08:21:00,2026-04-30 08:08:01,FOOD CONTAINERS-9,Cook&Lock Square Container 2400ml 1X24,IQD 7000,Sales,true,DELCASA,,0,0,0,0,cm,kg,,,,,,,,goods,2,,,Active,pcs,Pieces,DC2569,6294016315706,,,DC2569,IQD 3091,Cost of Goods Sold,Cook&Lock Square Container 2400ml 1X24,Inventory Asset,fifo,,Western International LLC,ERB,87,IQD 3091,10,false,Inventory,true,true,true,FOOD CONTAINERS-9,Cook&Lock Square Container 2400ml 1X24,,,,,,,,,,,,,Discontinued,LHH,
4516918000000125127,2023-09-25 08:21:00,2025-11-15 13:05:02,FOOD CONTAINERS-10,Cok&LockRectangularcontainer 4000ml 1X16,IQD 10250,Sales,true,DELCASA,,0,0,0,0,cm,kg,,,,,,,,goods,2,,,Active,pcs,Pieces,DC2576,6294016315775,,,DC2576,IQD 4395,Cost of Goods Sold,Cok&LockRectangularcontainer 4000ml 1X16,Inventory Asset,fifo,,Western International LLC,ERB,56,IQD 4395,0,false,Inventory,true,true,true,FOOD CONTAINERS-10,Cok&LockRectangularcontainer 4000ml 1X16,,,,,,,,,,,,,Discontinued,LHH,
4516918000000125140,2023-09-25 08:21:00,2026-04-23 14:53:54,CLOTH-1,4 Pc Kitchen Towel 30X30Cm 1x120,IQD 4500,Sales,true,DELCASA,,0,0,0,0,cm,kg,,,,,,,,goods,2,,,Active,pcs,Pieces,DC1240,6294016302393,,,DC1240,IQD 2040,Cost of Goods Sold,4 Pc Kitchen Towel 30X30Cm 1x120,Inventory Asset,fifo,,Western International LLC,ERB,59,IQD 2040,0,false,Inventory,true,true,true,CLOTH-1,4 Pc Kitchen Towel 30X30Cm 1x120,,,,,,,,,,,,,Discontinued,LHH,
4516918000000125153,2023-09-25 08:21:00,2026-02-17 12:47:09,CLOTH-2,4Pc Microfiber Cleaning Cloths Set1x24,IQD 2250,Sales,true,ROYALFORD,,0,0,0,0,cm,kg,,,,,,,,goods,2,,,Active,pcs,Pieces,RF10741,6294016423012,,,RF10741,IQD 945,Cost of Goods Sold,4Pc Microfiber Cleaning Cloths Set1x24,Inventory Asset,fifo,,Western International LLC,ERB,62,IQD 945,0,false,Inventory,true,true,true,CLOTH-2,4Pc Microfiber Cleaning Cloths Set1x24,,,,,,,,,,,,,Discontinued,LHH,
4516918000000125166,2023-09-25 08:21:00,2025-11-15 13:05:09,MOPS-1,Dual Color Cotton Mop with Stick1X30,IQD 5750,Sales,true,DELCASA,,0,0,0,0,cm,kg,,,,,,,,goods,2,,,Active,pcs,Pieces,DC1963,6294016309620,,,DC1963,IQD 2505,Cost of Goods Sold,Dual Color Cotton Mop with Stick1X30,Inventory Asset,fifo,,Western International LLC,ERB,50,IQD 2505,0,false,Inventory,true,true,true,MOPS-1,Dual Color Cotton Mop with Stick1X30,,,,,,,,,,,,,Discontinued,LHH,
4516918000000125179,2023-09-25 08:21:00,2025-11-15 13:05:06,KITCHEN SCALE-2,Digital Kitchen Scale 5KG 1X24,IQD 15250,Sales,true,DELCASA,,0,0,0,0,cm,kg,,,,,,,,goods,2,,,Active,pcs,Pieces,DC2474,6294016314754,,,DC2474,IQD 7395,Cost of Goods Sold,Digital Kitchen Scale 5KG 1X24,Inventory Asset,fifo,,Western International LLC,ERB,68,IQD 7395,0,false,Inventory,true,true,true,KITCHEN SCALE-2,Digital Kitchen Scale 5KG 1X24,,,,,,,,,,,,,Discontinued,LHH,
4516918000000125192,2023-09-25 08:21:00,2025-11-15 13:05:09,MOPS-2,14Ltr Cleaning Bucket With Mop1X24,IQD 11500,Sales,true,ROYALFORD,,0,0,0,0,cm,kg,,,,,,,,goods,2,,,Active,pcs,Pieces,RF10910,6294016424705,,,RF10910,IQD 5385,Cost of Goods Sold,14Ltr Cleaning Bucket With Mop1X24,Inventory Asset,fifo,,Western International LLC,ERB,57,IQD 5385,0,false,Inventory,true,true,true,MOPS-2,14Ltr Cleaning Bucket With Mop1X24,,,,,,,,,,,,,Discontinued,LHH,
4516918000000125205,2023-09-25 08:21:01,2025-11-15 13:04:58,BIN-1,Stainless Steel Pedal Bin 7L 1X6,IQD 24750,Sales,true,ROYALFORD,,0,0,0,0,cm,kg,,,,,,,,goods,2,,,Active,pcs,Pieces,RF5126,6294009936642,,,RF5126,IQD 13665,Cost of Goods Sold,Stainless Steel Pedal Bin 7L 1X6,Inventory Asset,fifo,,Western International LLC,ERB,52,IQD 13665,0,false,Inventory,true,true,true,BIN-1,Stainless Steel Pedal Bin 7L 1X6,,,,,,,,,,,,,Discontinued,LHH,
4516918000000125218,2023-09-25 08:21:01,2025-12-21 09:17:33,MOPS-3,2 IN 1 Spray Mop1X12,IQD 23750,Sales,true,ROYALFORD,,0,0,0,0,cm,kg,,,,,,,,goods,2,,,Active,pcs,Pieces,RF7678,6294020012493,,,RF7678,IQD 13170,Cost of Goods Sold,2 IN 1 Spray Mop1X12,Inventory Asset,fifo,,Western International LLC,ERB,96,IQD 13170,0,false,Inventory,true,true,true,MOPS-3,2 IN 1 Spray Mop1X12,,,,,,,,,,,,,Discontinued,LHH,
4516918000000125231,2023-09-25 08:21:01,2026-08-09 15:51:44,MITT-1,"2 Pcs Cotton Oven Mitt, (16.5x24.5 CM) 1X144 ",IQD 4750,Sales,true,ROYALFORD,,0,0,0,0,cm,kg,,,,,,,,goods,2,,,Active,pcs,Pieces,RF9698,6294016410517,,,RF9698,IQD 2027.822813,Cost of Goods Sold,"2 Pcs Cotton Oven Mitt, (16.5x24.5 CM) 1X144 ",Inventory Asset,fifo,,Western International LLC,ERB,49,IQD 1905,119,false,Inventory,true,true,true,MITT-1,"2 Pcs Cotton Oven Mitt, (16.5x24.5 CM) 1X144 ",,,,,,,,,,,,,Active,ELC,
4516918000000125244,2023-09-25 08:21:01,2025-11-15 13:05:09,MUGS-10,8Oz Bullet Mug 1X48,IQD 3000,Sales,true,DELCASA,,0,0,0,0,cm,kg,,,,,,,,goods,2,,,Active,pcs,Pieces,DC1438,6294016304373,,,DC1438,IQD 1216,Cost of Goods Sold,8Oz Bullet Mug 1X48,Inventory Asset,fifo,,Western International LLC,ERB,141,IQD 1216,0,false,Inventory,true,true,true,MUGS-10,8Oz Bullet Mug 1X48,,,,,,,,,,,,,Discontinued,LHH,
4516918000000131019,2023-09-26 20:40:31,2025-11-15 13:05:00,CUTLERY-8,3Pcs SS Dinner Fork 2MM 1X72,IQD 3500,Sales,true,ROYALFORD,,0,0,0,0,cm,kg,,,,,,,,goods,1,,,Active,pcs,Pieces,RF7232,6294020008038,,,RF7232,IQD 1365,Cost of Goods Sold,3Pcs SS Dinner Fork 2MM 1X72,Inventory Asset,fifo,,Western International LLC,ERB,115,IQD 1365,0,false,Inventory,true,true,true,CUTLERY-8,3Pcs SS Dinner Fork 2MM 1X72,,,,,,,,,,,,,Discontinued,LHH,
4516918000000152003,2023-09-30 13:13:03,2025-11-15 13:05:08,LUGGAGE-1,2 PCS ABS TROLLEY SET NAVY | 49�28�76; 28 | 37�23�56:20,IQD 139750,Sales,true,PARAJOHN,,0,0,0,0,cm,kg,,,,,,,,goods,1,,,Active,pcs,Pieces,PJTR2043N,9100008049382,,,PJTR2043N,IQD 85225,Cost of Goods Sold,2 PCS ABS TROLLEY SET NAVY | 49�28�76; 28 | 37�23�56:20,Inventory Asset,fifo,,Western International LLC,ERB,5,IQD 85225,0,false,Inventory,true,true,true,LUGGAGE-1,2 PCS ABS TROLLEY SET NAVY | 49�28�76; 28 | 37�23�56:20,,,,,,,,,,,,,Discontinued,LHH,
4516918000000152024,2023-09-30 13:15:14,2025-11-15 13:05:08,LUGGAGE-2,2 PCS PP TROLLEY SET RED  | 49�28�76: 28 | 37�23�56: 20,IQD 139750,Sales,true,PARAJOHN,,0,0,0,0,cm,kg,,,,,,,,goods,1,,,Active,pcs,Pieces,PJTR2043R,9100008050012,,,PJTR2043R,IQD 85225,Cost of Goods Sold,2 PCS PP TROLLEY SET RED  | 49�28�76: 28 | 37�23�56: 20,Inventory Asset,fifo,,Western International LLC,ERB,7,IQD 85225,0,false,Inventory,true,true,true,LUGGAGE-2,2 PCS PP TROLLEY SET RED  | 49�28�76: 28 | 37�23�56: 20,,,,,,,,,,,,,Discontinued,LHH,
4516918000000152045,2023-09-30 13:18:23,2025-11-15 13:04:49,LUGGAGE-3,4 WHEEL 3 PCS SOFT TROLLEY SET GREY,IQD 212000,Sales,true,PARAJOHN,,0,0,0,0,cm,kg,,,,,,,,goods,1,,,Active,pcs,Pieces,PJTR3173C,9100007896956,,,PJTR3173C,IQD 132225,Cost of Goods Sold,4 WHEEL 3 PCS SOFT TROLLEY SET GREY,Inventory Asset,fifo,,Western International LLC,ERB,7,IQD 132225,4,false,Inventory,true,true,true,LUGGAGE-3,4 WHEEL 3 PCS SOFT TROLLEY SET GREY,,,,,,,,,,,,,Clearance,LHH,
4516918000000152066,2023-09-30 13:23:06,2025-11-15 13:04:49,LUGGAGE-4,4 WHEEL 3 PCS SOFT TROLLEY SET BLUE,IQD 212000,Sales,true,PARAJOHN,,0,0,0,0,cm,kg,,,,,,,,goods,1,,,Active,pcs,Pieces,PJTR3173L,9100007896932,,,PJTR3173L,IQD 132225,Cost of Goods Sold,4 WHEEL 3 PCS SOFT TROLLEY SET BLUE,Inventory Asset,fifo,,Western International LLC,ERB,7,IQD 132225,3,false,Inventory,true,true,true,LUGGAGE-4,4 WHEEL 3 PCS SOFT TROLLEY SET BLUE,,,,,,,,,,,,,Clearance,LHH,
4516918000000284416,2023-10-16 20:18:57,2025-12-03 18:52:55,HEATER-1,11 Fins Oil FilledRadiat Heater/3Heat1x1,IQD 109500,Sales,true,GEEPAS,,0,0,0,0,cm,kg,,,,,,,,goods,2,,,Active,pcs,Pieces,GRH28501,6294015507126,0,0,GRH28501,IQD 76680,Cost of Goods Sold,11 Fins Oil FilledRadiat Heater/3Heat1x1,Inventory Asset,fifo,,Western International LLC,ERB,16,IQD 76680,0,false,Inventory,true,true,true,HEATER-1,11 Fins Oil FilledRadiat Heater/3Heat1x1,,,,,,,,,,,,,Clearance,LHH,
4516918000000284429,2023-10-16 20:18:57,2025-11-24 13:59:11,HEATER-2,11FinsOil Filled Radtr Heater Wth Fan1x1,IQD 121500,Sales,true,GEEPAS,,0,0,0,0,cm,kg,,,,,,,,goods,2,,,Active,pcs,Pieces,GRH9101,6294015502206,0,0,GRH9101,IQD 83145,Cost of Goods Sold,11FinsOil Filled Radtr Heater Wth Fan1x1,Inventory Asset,fifo,,Western International LLC,ERB,14,IQD 83145,0,false,Inventory,true,true,true,HEATER-2,11FinsOil Filled Radtr Heater Wth Fan1x1,,,,,,,,,,,,,Clearance,LHH,
4516918000000284442,2023-10-16 20:18:58,2025-11-15 13:05:34,HEATER-3,Fan Heater 1x8,IQD 25500,Sales,true,GEEPAS,,0,0,0,0,cm,kg,,,,,,,,goods,2,,,Active,pcs,Pieces,GFH9522,6294010883492,0,0,GFH9522,IQD 16020,Cost of Goods Sold,Fan Heater 1x8,Inventory Asset,fifo,,Western International LLC,ERB,16,IQD 16020,0,false,Inventory,true,true,true,HEATER-3,Fan Heater 1x8,,,,,,,,,,,,,Active,ELC,
4516918000000284455,2023-10-16 20:18:58,2025-12-27 10:47:34,HEATER-4,Halogen Heater/3Heat Setng/Oscltation1x4,IQD 34500,Sales,true,GEEPAS,,0,0,0,0,cm,kg,,,,,,,,goods,2,,,Active,pcs,Pieces,GHH9112,6294015502343,0,0,GHH9112,IQD 24030,Cost of Goods Sold,Halogen Heater/3Heat Setng/Oscltation1x4,Inventory Asset,fifo,,Western International LLC,ERB,42,IQD 24030,5,false,Inventory,true,true,true,HEATER-4,Halogen Heater/3Heat Setng/Oscltation1x4,,,,,,,,,,,,,Active,ELC,
4516918000000284468,2023-10-16 20:18:58,2025-11-15 13:05:35,HEATER-5,Fan Heater/Adjstble Thermostat 2000W 1x6,IQD 24000,Sales,true,GEEPAS,,0,0,0,0,cm,kg,,,,,,,,goods,2,,,Active,pcs,Pieces,GFH28520,6294015534887,0,0,GFH28520,IQD 15660,Cost of Goods Sold,Fan Heater/Adjstble Thermostat 2000W 1x6,Inventory Asset,fifo,,Western International LLC,ERB,12,IQD 15660,0,false,Inventory,true,true,true,HEATER-5,Fan Heater/Adjstble Thermostat 2000W 1x6,,,,,,,,,,,,,Active,ELC,
4516918000000284481,2023-10-16 20:18:58,2025-11-15 13:05:35,HEATER-6,Quartz Heater 800W Heating Power 1x8,IQD 21000,Sales,true,GEEPAS,,0,0,0,0,cm,kg,,,,,,,,goods,2,,,Active,pcs,Pieces,GQH28522,6294015534900,0,0,GQH28522,IQD 11925,Cost of Goods Sold,Quartz Heater 800W Heating Power 1x8,Inventory Asset,fifo,,Western International LLC,ERB,7,IQD 11925,0,false,Inventory,true,true,true,HEATER-6,Quartz Heater 800W Heating Power 1x8,,,,,,,,,,,,,Active,ELC,
4516918000000284494,2023-10-16 20:18:58,2025-11-15 13:05:35,HEATER-7,Fan Heater/2Power/Therml Cutoff Protc1x8,IQD 24000,Sales,true,GEEPAS,,0,0,0,0,cm,kg,,,,,,,,goods,2,,,Active,pcs,Pieces,GFH9518N,6294010883423,0,0,GFH9518N,IQD 15540,Cost of Goods Sold,Fan Heater/2Power/Therml Cutoff Protc1x8,Inventory Asset,fifo,,Western International LLC,ERB,35,IQD 15540,0,false,Inventory,true,true,true,HEATER-7,Fan Heater/2Power/Therml Cutoff Protc1x8,,,,,,,,,,,,,Active,ELC,
4516918000000861386,2023-12-28 11:09:07,2026-08-10 13:33:53,GARMENT STEAMER-2,Garment Steamer/150ml/SS/ 1400W-1x10,IQD 39000,Sales,true,GEEPAS,,0,0,0,0,cm,kg,,,,,,,,goods,2,,,Active,pcs,Pieces,GGS25034,6294015552201,0,0,GGS25034,IQD 17970,Cost of Goods Sold,Garment Steamer/150ml/SS/ 1400W-1x10,Inventory Asset,fifo,,Western International LLC,,,,123,false,Inventory,true,true,true,GARMENT STEAMER-2,Garment Steamer/150ml/SS/ 1400W-1x10,,,,,,,,,,,,,Active,ELC,
4516918000000861399,2023-12-28 11:09:07,2026-05-14 21:34:50,VACUUM CLEANER-7,Dry Vacuum Cleaner/2300W-1X1,IQD 85000,Sales,true,GEEPAS,,0,0,0,0,cm,kg,,,,,,,,goods,2,,,Active,pcs,Pieces,GVC19018,6294015556285,0,0,GVC19018,IQD 50930,Cost of Goods Sold,Dry Vacuum Cleaner/2300W-1X1,Inventory Asset,fifo,,Western International LLC,,,,8,false,Inventory,true,true,true,VACUUM CLEANER-7,Dry Vacuum Cleaner/2300W-1X1,,,,,,,,,,,,,Discontinued,LHH,
4516918000000861412,2023-12-28 11:09:07,2026-08-09 11:44:06,VACUUM CLEANER-8,Rechargeable Cordless Vacuum Cleaner-1x4,IQD 146000,Sales,true,GEEPAS,,0,0,0,0,cm,kg,,,,,,,,goods,2,,,Active,pcs,Pieces,GVC19030,6294015534597,0,0,GVC19030,IQD 96492,Cost of Goods Sold,Rechargeable Cordless Vacuum Cleaner-1x4,Inventory Asset,fifo,,Western International LLC,,,,4,false,Inventory,true,true,true,VACUUM CLEANER-8,Rechargeable Cordless Vacuum Cleaner-1x4,,,,,,,,,,,,,Clearance,LHH,
4516918000000861425,2023-12-28 11:09:08,2026-08-10 13:33:53,VACUUM CLEANER-9,2300 W Drum Vacuum Cleaner- 25 L Dust Bag Capacity -1x1,IQD 136000,Sales,true,GEEPAS,,0,0,0,0,cm,kg,,,,,,,,goods,2,,,Active,pcs,Pieces,GVC2598,6294015506280,0,0,GVC2598,IQD 67605,Cost of Goods Sold,2300 W Drum Vacuum Cleaner- 25 L Dust Bag Capacity -1x1,Inventory Asset,fifo,,Western International LLC,,,,31,false,Inventory,true,true,true,VACUUM CLEANER-9,2300 W Drum Vacuum Cleaner- 25 L Dust Bag Capacity -1x1,,,,,,,,,,,,,Active,ELC,
4516918000000861438,2023-12-28 11:09:08,2026-06-27 11:47:19,GAS COOKER-1,S/S Triple Gas Burner-1X1,IQD 45000,Sales,true,GEEPAS,,0,0,0,0,cm,kg,,,,,,,,goods,2,,,Active,pcs,Pieces,GK6857,6294010885274,0,0,GK6857,IQD 26500,Cost of Goods Sold,S/S Triple Gas Burner-1X1,Inventory Asset,fifo,,Western International LLC,,,,9,false,Inventory,true,true,true,GAS COOKER-1,S/S Triple Gas Burner-1X1,,,,,,,,,,,,,Discontinued,LHH,
4516918000000861451,2023-12-28 11:09:08,2026-08-10 13:33:53,ELECTRICAL COOKER-1,Dig Infrared Cooker/Ceram Ht Elmnt/2200W-1x8,IQD 64000,Sales,true,GEEPAS,,0,0,0,0,cm,kg,,,,,,,,goods,2,,,Active,pcs,Pieces,GIC6920,6294010887889,0,0,GIC6920,IQD 27608,Cost of Goods Sold,Dig Infrared Cooker/Ceram Ht Elmnt/2200W-1x8,Inventory Asset,fifo,,Western International LLC,,,,59,false,Inventory,true,true,true,ELECTRICAL COOKER-1,Dig Infrared Cooker/Ceram Ht Elmnt/2200W-1x8,,,,,,,,,,,,,Active,ELC,
4516918000000861464,2023-12-28 11:09:08,2026-08-10 13:33:53,ELECTRICAL COOKER-2,Hot Plate/SS/155mm/TempCntrl/1000W-1X6,IQD 23000,Sales,true,GEEPAS,,0,0,0,0,cm,kg,,,,,,,,goods,2,,,Active,pcs,Pieces,GHP32013,6294015521665,0,0,GHP32013,IQD 10134,Cost of Goods Sold,Hot Plate/SS/155mm/TempCntrl/1000W-1X6,Inventory Asset,fifo,,Western International LLC,,,,63,false,Inventory,true,true,true,ELECTRICAL COOKER-2,Hot Plate/SS/155mm/TempCntrl/1000W-1X6,,,,,,,,,,,,,Active,ELC,
4516918000000861477,2023-12-28 11:09:08,2025-11-15 13:05:01,ELECTRICAL COOKER-3,Hot Plate 1500W-1x6,IQD 18000,Sales,true,GEEPAS,,0,0,0,0,cm,kg,,,,,,,,goods,2,,,Active,pcs,Pieces,GHP32023,6294015531664,0,0,GHP32023,IQD 8360,Cost of Goods Sold,Hot Plate 1500W-1x6,Inventory Asset,fifo,,Western International LLC,,,,0,false,Inventory,true,true,true,ELECTRICAL COOKER-3,Hot Plate 1500W-1x6,,,,,,,,,,,,,Discontinued,LHH,
4516918000000861490,2023-12-28 11:09:08,2026-08-10 13:33:53,HAND BLENDER-4,SS Hand Blender/2 Spd/800W-1X16,IQD 38000,Sales,true,GEEPAS,,0,0,0,0,cm,kg,,,,,,,,goods,2,,,Active,pcs,Pieces,GHB5468,6294010888152,0,0,GHB5468,IQD 15696.67121,Cost of Goods Sold,SS Hand Blender/2 Spd/800W-1X16,Inventory Asset,fifo,,Western International LLC,,,,53,false,Inventory,true,true,true,HAND BLENDER-4,SS Hand Blender/2 Spd/800W-1X16,,,,,,,,,,,,,Active,ELC,
4516918000000861503,2023-12-28 11:09:08,2026-03-21 10:42:10,HAND BLENDER-5,Multf 4In1 Hand Blndr/860Ml Bowl/200W-1X8,IQD 26000,Sales,true,GEEPAS,,0,0,0,0,cm,kg,,,,,,,,goods,2,,,Active,pcs,Pieces,GHB6144,6294015502114,0,0,GHB6144,IQD 13871,Cost of Goods Sold,Multf 4In1 Hand Blndr/860Ml Bowl/200W-1X8,Inventory Asset,fifo,,Western International LLC,,,,5,false,Inventory,true,true,true,HAND BLENDER-5,Multf 4In1 Hand Blndr/860Ml Bowl/200W-1X8,,,,,,,,,,,,,Discontinued,LHH,
4516918000000861516,2023-12-28 11:09:09,2025-11-15 13:05:04,HAND MIXER-2,Hand Mixer-1X6,IQD 24000,Sales,true,GEEPAS,,0,0,0,0,cm,kg,,,,,,,,goods,2,,,Active,pcs,Pieces,GHM43020UK,6294015511680,0,0,GHM43020UK,IQD 13090,Cost of Goods Sold,Hand Mixer-1X6,Inventory Asset,fifo,,Western International LLC,,,,1,false,Inventory,true,true,true,HAND MIXER-2,Hand Mixer-1X6,,,,,,,,,,,,,Discontinued,LHH,
4516918000000861529,2023-12-28 11:09:09,2026-04-17 18:16:25,FOOD PROCESSOR-1,10 in 1 Food Processr/2Spd/SS Blade-1x2,IQD 98000,Sales,true,GEEPAS,,0,0,0,0,cm,kg,,,,,,,,goods,2,,,Active,pcs,Pieces,GSB5487,6294010889661,0,0,GSB5487,IQD 59237,Cost of Goods Sold,10 in 1 Food Processr/2Spd/SS Blade-1x2,Inventory Asset,fifo,,Western International LLC,,,,13,false,Inventory,true,true,true,FOOD PROCESSOR-1,10 in 1 Food Processr/2Spd/SS Blade-1x2,,,,,,,,,,,,,Clearance,LHH,
4516918000000861542,2023-12-28 11:09:09,2026-06-15 20:01:55,COFFEE GRINDER-3,SS Coffee Grinder-1x4,IQD 28000,Sales,true,GEEPAS,,0,0,0,0,cm,kg,,,,,,,,goods,2,,,Active,pcs,Pieces,GCG5471,6294010888268,0,0,GCG5471,IQD 12637,Cost of Goods Sold,SS Coffee Grinder-1x4,Inventory Asset,fifo,,Western International LLC,,,,11,false,Inventory,true,true,true,COFFEE GRINDER-3,SS Coffee Grinder-1x4,,,,,,,,,,,,,Clearance,LHH,
4516918000000861555,2023-12-28 11:09:09,2026-06-06 09:27:15,ELECTRIC KETTLE-8,1.7L Plastic Kettle/Auto Cut Off-1x8,IQD 23000,Sales,true,GEEPAS,,0,0,0,0,cm,kg,,,,,,,,goods,2,,,Active,pcs,Pieces,GK38027,6294015519396,0,0,GK38027,IQD 12677.05722,Cost of Goods Sold,1.7L Plastic Kettle/Auto Cut Off-1x8,Inventory Asset,fifo,,Western International LLC,,,,8,false,Inventory,true,true,true,ELECTRIC KETTLE-8,1.7L Plastic Kettle/Auto Cut Off-1x8,,,,,,,,,,,,,Active,ELC,
4516918000000861568,2023-12-28 11:09:09,2026-08-11 11:58:46,ELECTRIC KETTLE-9,SS Elec Kettle /1.8L/Boil Dry Part-1X12,IQD 23000,Sales,true,GEEPAS,,0,0,0,0,cm,kg,,,,,,,,goods,2,,,Active,pcs,Pieces,GK5454,6294010887094,0,0,GK5454,IQD 9048,Cost of Goods Sold,SS Elec Kettle /1.8L/Boil Dry Part-1X12,Inventory Asset,fifo,,Western International LLC,,,,358,false,Inventory,true,true,true,ELECTRIC KETTLE-9,SS Elec Kettle /1.8L/Boil Dry Part-1X12,,,,,,,,,,,,,Active,ELC,
4516918000000861581,2023-12-28 11:09:09,2025-11-15 13:04:58,AIR FRYER-5,Digital Air Fryer/3.5L/Oilfree/Timer 1500W-1x2,IQD 67750,Sales,true,GEEPAS,,0,0,0,0,cm,kg,,,,,,,,goods,2,,,Active,pcs,Pieces,GAF37501,6294015507232,0,0,GAF37501,IQD 41595,Cost of Goods Sold,Digital Air Fryer/3.5L/Oilfree/Timer 1500W-1x2,Inventory Asset,fifo,,Western International LLC,,,,0,false,Inventory,true,true,true,AIR FRYER-5,Digital Air Fryer/3.5L/Oilfree/Timer 1500W-1x2,,,,,,,,,,,,,Discontinued,LHH,
4516918000000861594,2023-12-28 11:09:09,2026-08-10 08:54:31,AIR FRYER-6,Digital Air Fryer/9.2L/Oil Free-1x2,IQD 125000,Sales,true,GEEPAS,,0,0,0,0,cm,kg,,,,,,,,goods,2,,,Active,pcs,Pieces,GAF37524,6294015551495,0,0,GAF37524,IQD 74100,Cost of Goods Sold,Digital Air Fryer/9.2L/Oil Free-1x2,Inventory Asset,fifo,,Western International LLC,,,,25,false,Inventory,true,true,true,AIR FRYER-6,Digital Air Fryer/9.2L/Oil Free-1x2,,,,,,,,,,,,,Clearance,LHH,
4516918000000861607,2023-12-28 11:09:10,2026-06-30 13:23:21,AIR FRYER-7,9L Dual Basket Digital Air Fryer,IQD 168000,Sales,true,GEEPAS,,0,0,0,0,cm,kg,,,,,,,,goods,2,,,Active,pcs,Pieces,GAF37525UK,6294015551488,0,0,GAF37525UK,IQD 97680,Cost of Goods Sold,9L Dual Basket Digital Air Fryer,Inventory Asset,fifo,,Western International LLC,,,,9,false,Inventory,true,true,true,AIR FRYER-7,9L Dual Basket Digital Air Fryer,,,,,,,,,,,,,Clearance,LHH,
4516918000000861620,2023-12-28 11:09:10,2026-08-10 08:54:31,AIR FRYER-8,Air Fryer/5L/Oil Free/10 Cookng Mod-1x2,IQD 89000,Sales,true,GEEPAS,,0,0,0,0,cm,kg,,,,,,,,goods,2,,,Active,pcs,Pieces,GAF37527,6294015551518,0,0,GAF37527,IQD 51495,Cost of Goods Sold,Air Fryer/5L/Oil Free/10 Cookng Mod-1x2,Inventory Asset,fifo,,Western International LLC,,,,22,false,Inventory,true,true,true,AIR FRYER-8,Air Fryer/5L/Oil Free/10 Cookng Mod-1x2,,,,,,,,,,,,,Discontinued,LHH,
4516918000000861633,2023-12-28 11:09:10,2026-03-21 10:42:10,MEAT GRINDER-4,Meat Grinder/Ssblade/Reverse Function-1x4,IQD 54000,Sales,true,GEEPAS,,0,0,0,0,cm,kg,,,,,,,,goods,2,,,Active,pcs,Pieces,GMG767,6294015504279,0,0,GMG767,IQD 37635,Cost of Goods Sold,Meat Grinder/Ssblade/Reverse Function-1x4,Inventory Asset,fifo,,Western International LLC,,,,10,false,Inventory,true,true,true,MEAT GRINDER-4,Meat Grinder/Ssblade/Reverse Function-1x4,,,,,,,,,,,,,Discontinued,LHH,
4516918000000861646,2023-12-28 11:09:10,2026-06-23 21:57:50,LADIES EPILATOR-7,4in 1 Rech Ladies Epilator Set-1x24,IQD 23000,Sales,true,GEEPAS,,0,0,0,0,cm,kg,,,,,,,,goods,2,,,Active,pcs,Pieces,GLS86059,6294015534320,0,0,GLS86059,IQD 12990,Cost of Goods Sold,4in 1 Rech Ladies Epilator Set-1x24,Inventory Asset,fifo,,Western International LLC,,,,12,false,Inventory,true,true,true,LADIES EPILATOR-7,4in 1 Rech Ladies Epilator Set-1x24,,,,,,,,,,,,,Discontinued,LHH,
4516918000000861659,2023-12-28 11:09:10,2026-07-20 08:21:24,HAIR STRAIGHTENER-4,Hair Straightener/Ceramic-1X24,IQD 18000,Sales,true,GEEPAS,,0,0,0,0,cm,kg,,,,,,,,goods,2,,,Active,pcs,Pieces,GH8723,6294015503784,0,0,GH8723,IQD 7348,Cost of Goods Sold,Hair Straightener/Ceramic-1X24,Inventory Asset,fifo,,Western International LLC,,,,26,false,Inventory,true,true,true,HAIR STRAIGHTENER-4,Hair Straightener/Ceramic-1X24,,,,,,,,,,,,,Clearance,LHH,
4516918000000861672,2023-12-28 11:09:10,2026-04-10 08:43:01,HAIR BRUSH-1,Ceramic Hair Brush-1x20,IQD 26000,Sales,true,GEEPAS,,0,0,0,0,cm,kg,,,,,,,,goods,2,,,Active,pcs,Pieces,GHBS86012,6294015507386,0,0,GHBS86012,IQD 15383,Cost of Goods Sold,Ceramic Hair Brush-1x20,Inventory Asset,fifo,,Western International LLC,,,,3,false,Inventory,true,true,true,HAIR BRUSH-1,Ceramic Hair Brush-1x20,,,,,,,,,,,,,Clearance,LHH,
4516918000000861685,2023-12-28 11:09:10,2026-02-17 10:41:38,HAIR CURLER-2,2In1 Wet&Dry Hair Curling Iron-1x24,IQD 17000,Sales,true,GEEPAS,,0,0,0,0,cm,kg,,,,,,,,goods,2,,,Active,pcs,Pieces,GH8686,6294015501179,0,0,GH8686,IQD 9621,Cost of Goods Sold,2In1 Wet&Dry Hair Curling Iron-1x24,Inventory Asset,fifo,,Western International LLC,,,,6,false,Inventory,true,true,true,HAIR CURLER-2,2In1 Wet&Dry Hair Curling Iron-1x24,,,,,,,,,,,,,Clearance,LHH,
4516918000000861698,2023-12-28 11:09:10,2026-04-30 08:40:12,HAIR CURLER-3,Pro-Dig Curling Iron/Ceramic Coating-1x30,IQD 22000,Sales,true,GEEPAS,,0,0,0,0,cm,kg,,,,,,,,goods,2,,,Active,pcs,Pieces,GHC86006,6294015507010,0,0,GHC86006,IQD 13099,Cost of Goods Sold,Pro-Dig Curling Iron/Ceramic Coating-1x30,Inventory Asset,fifo,,Western International LLC,,,,8,false,Inventory,true,true,true,HAIR CURLER-3,Pro-Dig Curling Iron/Ceramic Coating-1x30,,,,,,,,,,,,,Clearance,LHH,
4516918000000861711,2023-12-28 11:09:11,2026-08-11 11:51:51,HAIR STYLER-3,2in1 Rotating Hot Hair Styler/1000W-1X10,IQD 48000,Sales,true,GEEPAS,,0,0,0,0,cm,kg,,,,,,,,goods,2,,,Active,pcs,Pieces,GHR86000,6294015506952,0,0,GHR86000,IQD 24679,Cost of Goods Sold,2in1 Rotating Hot Hair Styler/1000W-1X10,Inventory Asset,fifo,,Western International LLC,,,,49,false,Inventory,true,true,true,HAIR STYLER-3,2in1 Rotating Hot Hair Styler/1000W-1X10,,,,,,,,,,,,,Active,ELC,
4516918000000861724,2023-12-28 11:09:11,2025-11-15 13:05:03,HAIR DRYER-4,Hair Dryer-2spd Cntrl/Cool Fctn1800-1x20,IQD 22500,Sales,true,GEEPAS,,0,0,0,0,cm,kg,,,,,,,,goods,2,,,Active,pcs,Pieces,GH86061,6294015541199,0,0,GH86061,IQD 13472,Cost of Goods Sold,Hair Dryer-2spd Cntrl/Cool Fctn1800-1x20,Inventory Asset,fifo,,Western International LLC,,,,1,false,Inventory,true,true,true,HAIR DRYER-4,Hair Dryer-2spd Cntrl/Cool Fctn1800-1x20,,,,,,,,,,,,,Discontinued,LHH,
4516918000000862611,2023-12-28 12:15:04,2025-11-15 13:04:58,BAKING TRAY-1,28 CM Teflon Plus Baking Tray 1x12,IQD 23500,Sales,true,ROYALFORD,,0,0,0,0,cm,kg,,,,,,,,goods,2,,,Active,pcs,Pieces,RF6633,6294020002043,,,RF6633,IQD 11577,Cost of Goods Sold,28 CM Teflon Plus Baking Tray 1x12,Inventory Asset,fifo,,Western International LLC,,,,0,false,Inventory,true,true,true,BAKING TRAY-1,28 CM Teflon Plus Baking Tray 1x12,,,,,,,,,,,,,Discontinued,LHH,
4516918000000862624,2023-12-28 12:15:04,2025-11-15 13:04:58,BAKING TRAY-2,32 CM Teflon Plus Baking Tray 1x12,IQD 28750,Sales,true,ROYALFORD,,0,0,0,0,cm,kg,,,,,,,,goods,2,,,Active,pcs,Pieces,RF6634,6294020002050,,,RF6634,IQD 14174,Cost of Goods Sold,32 CM Teflon Plus Baking Tray 1x12,Inventory Asset,fifo,,Western International LLC,,,,0,false,Inventory,true,true,true,BAKING TRAY-2,32 CM Teflon Plus Baking Tray 1x12,,,,,,,,,,,,,Discontinued,LHH,
4516918000000862637,2023-12-28 12:15:04,2025-11-15 13:05:09,MUFFIN PAN-1,12 Cup Muffin Pan 1X24,IQD 10750,Sales,true,ROYALFORD,,0,0,0,0,cm,kg,,,,,,,,goods,2,,,Active,pcs,Pieces,RF7042,6294020006133,,,RF7042,IQD 4273,Cost of Goods Sold,12 Cup Muffin Pan 1X24,Inventory Asset,fifo,,Western International LLC,,,,0,false,Inventory,true,true,true,MUFFIN PAN-1,12 Cup Muffin Pan 1X24,,,,,,,,,,,,,Discontinued,LHH,
4516918000000862650,2023-12-28 12:15:04,2025-11-15 13:05:11,PIZZA CUTTER-4,S/S Pizza cutter with ABS handle 1x72,IQD 3750,Sales,true,ROYALFORD,,0,0,0,0,cm,kg,,,,,,,,goods,2,,,Active,pcs,Pieces,RF8922,6294016402093,,,RF8922,IQD 1491,Cost of Goods Sold,S/S Pizza cutter with ABS handle 1x72,Inventory Asset,fifo,,Western International LLC,,,,3,false,Inventory,true,true,true,PIZZA CUTTER-4,S/S Pizza cutter with ABS handle 1x72,,,,,,,,,,,,,Discontinued,LHH,
4516918000000862663,2023-12-28 12:15:04,2025-11-15 13:05:11,PEELER-5,T- Peeler Zinc Alloy1x72,IQD 4500,Sales,true,ROYALFORD,,0,0,0,0,cm,kg,,,,,,,,goods,2,,,Active,pcs,Pieces,RF4642,6294009931791,,,RF4642,IQD 1805,Cost of Goods Sold,T- Peeler Zinc Alloy1x72,Inventory Asset,fifo,,Western International LLC,,,,0,false,Inventory,true,true,true,PEELER-5,T- Peeler Zinc Alloy1x72,,,,,,,,,,,,,Discontinued,LHH,
4516918000000862676,2023-12-28 12:15:04,2026-07-18 09:51:07,PEELER-6,S/S Y Peeler with ABS handle 1x72,IQD 3500,Sales,true,ROYALFORD,,0,0,0,0,cm,kg,,,,,,,,goods,2,,,Active,pcs,Pieces,RF8921,6294016402086,,,RF8921,IQD 1473.180442,Cost of Goods Sold,S/S Y Peeler with ABS handle 1x72,Inventory Asset,fifo,,Western International LLC,,,,68,false,Inventory,true,true,true,PEELER-6,S/S Y Peeler with ABS handle 1x72,,,,,,,,,,,,,Active,ELC,
4516918000000862689,2023-12-28 12:15:04,2025-11-15 13:05:11,SCISSORS-2,"8.5"" Scissor#s 1X72",IQD 8250,Sales,true,ROYALFORD,,0,0,0,0,cm,kg,,,,,,,,goods,2,,,Active,pcs,Pieces,RF2992,6294009924755,,,RF2992,IQD 3367,Cost of Goods Sold,"8.5"" Scissor#s 1X72",Inventory Asset,fifo,,Western International LLC,,,,0,false,Inventory,true,true,true,SCISSORS-2,"8.5"" Scissor#s 1X72",,,,,,,,,,,,,Discontinued,LHH,
4516918000000862702,2023-12-28 12:15:04,2026-02-05 09:32:42,SPATULA-2,Nylon Sltd Spatula 1X144,IQD 3250,Sales,true,ROYALFORD,,0,0,0,0,cm,kg,,,,,,,,goods,2,,,Active,pcs,Pieces,RF1196-NSS,6294009905754,,,RF1196-NSS,IQD 1354,Cost of Goods Sold,Nylon Sltd Spatula 1X144,Inventory Asset,fifo,,Western International LLC,,,,5,false,Inventory,true,true,true,SPATULA-2,Nylon Sltd Spatula 1X144,,,,,,,,,,,,,Clearance,LHH,
4516918000000862715,2023-12-28 12:15:05,2026-01-23 19:05:58,SPOON-14,26x7.8CM S/Steel Rice Spoon 1X72,IQD 5250,Sales,true,ROYALFORD,,0,0,0,0,cm,kg,,,,,,,,goods,2,,,Active,pcs,Pieces,RF9847,6294016412009,,,RF9847,IQD 2036,Cost of Goods Sold,26x7.8CM S/Steel Rice Spoon 1X72,Inventory Asset,fifo,,Western International LLC,,,,0,false,Inventory,true,true,true,SPOON-14,26x7.8CM S/Steel Rice Spoon 1X72,,,,,,,,,,,,,Discontinued,LHH,
4516918000000862728,2023-12-28 12:15:05,2026-07-22 09:20:54,SPOON-15,Nylon Serving Spoon 1X144,IQD 3000,Sales,true,ROYALFORD,,0,0,0,0,cm,kg,,,,,,,,goods,2,,,Active,pcs,Pieces,RF1201-NSVS,6294009905808,,,RF1201-NSVS,IQD 1203,Cost of Goods Sold,Nylon Serving Spoon 1X144,Inventory Asset,fifo,,Western International LLC,,,,0,false,Inventory,true,true,true,SPOON-15,Nylon Serving Spoon 1X144,,,,,,,,,,,,,Discontinued,LHH,
4516918000000862741,2023-12-28 12:15:05,2026-02-22 10:19:13,LADLE-5,Nylon Soup Ladle 1X144,IQD 3250,Sales,true,ROYALFORD,,0,0,0,0,cm,kg,,,,,,,,goods,2,,,Active,pcs,Pieces,RF5055,6294009935935,,,RF5055,IQD 1354,Cost of Goods Sold,Nylon Soup Ladle 1X144,Inventory Asset,fifo,,Western International LLC,,,,3,false,Inventory,true,true,true,LADLE-5,Nylon Soup Ladle 1X144,,,,,,,,,,,,,Discontinued,LHH,
4516918000000862754,2023-12-28 12:15:05,2025-11-15 13:05:13,STRAINER-3,15.2CM Strainer 1X72,IQD 11500,Sales,true,ROYALFORD,,0,0,0,0,cm,kg,,,,,,,,goods,2,,,Active,pcs,Pieces,RF2050-S15.2,6294009914770,,,RF2050-S15.2,IQD 4918,Cost of Goods Sold,15.2CM Strainer 1X72,Inventory Asset,fifo,,Western International LLC,,,,0,false,Inventory,true,true,true,STRAINER-3,15.2CM Strainer 1X72,,,,,,,,,,,,,Discontinued,LHH,
4516918000000862767,2023-12-28 12:15:05,2026-08-10 10:26:37,TONG-3,Food Tong 1X144,IQD 4750,Sales,true,ROYALFORD,,0,0,0,0,cm,kg,,,,,,,,goods,2,,,Active,pcs,Pieces,RF2043-FT9,6294009914701,,,RF2043-FT9,IQD 1808.975873,Cost of Goods Sold,Food Tong 1X144,Inventory Asset,fifo,,Western International LLC,,,,247,false,Inventory,true,true,true,TONG-3,Food Tong 1X144,,,,,,,,,,,,,Active,ELC,
4516918000000862780,2023-12-28 12:15:05,2026-08-09 15:51:44,KITCHEN TOOLS-4,3 Pcs Bamboo Kitchen Tools Set 1X48,IQD 6000,Sales,true,ROYALFORD,,0,0,0,0,cm,kg,,,,,,,,goods,2,,,Active,pcs,Pieces,RF5109,6294009936475,,,RF5109,IQD 2118.261138,Cost of Goods Sold,3 Pcs Bamboo Kitchen Tools Set 1X48,Inventory Asset,fifo,,Western International LLC,,,,33,false,Inventory,true,true,true,KITCHEN TOOLS-4,3 Pcs Bamboo Kitchen Tools Set 1X48,,,,,,,,,,,,,Active,ELC,
4516918000000862793,2023-12-28 12:15:06,2026-08-09 15:51:44,KITCHEN TOOLS-5,5 Pcs Bamboo Kitchen Tools Set 1X24,IQD 8250,Sales,true,ROYALFORD,,0,0,0,0,cm,kg,,,,,,,,goods,2,,,Active,pcs,Pieces,RF5110,6294009936482,,,RF5110,IQD 3018.502178,Cost of Goods Sold,5 Pcs Bamboo Kitchen Tools Set 1X24,Inventory Asset,fifo,,Western International LLC,,,,196,false,Inventory,true,true,true,KITCHEN TOOLS-5,5 Pcs Bamboo Kitchen Tools Set 1X24,,,,,,,,,,,,,Active,ELC,
4516918000000862806,2023-12-28 12:15:06,2025-11-15 13:05:07,KNIFE-8,"Chef Knife 8"" 1X72",IQD 10750,Sales,true,ROYALFORD,,0,0,0,0,cm,kg,,,,,,,,goods,2,,,Active,pcs,Pieces,RF1801-CK,6294009912219,,,RF1801-CK,IQD 4278,Cost of Goods Sold,"Chef Knife 8"" 1X72",Inventory Asset,fifo,,Western International LLC,,,,6,false,Inventory,true,true,true,KNIFE-8,"Chef Knife 8"" 1X72",,,,,,,,,,,,,Discontinued,LHH,
4516918000000862819,2023-12-28 12:15:06,2025-11-15 13:05:07,KNIFE-9,"6"" SS Boning Knife/White Handle1X144",IQD 5000,Sales,true,ROYALFORD,,0,0,0,0,cm,kg,,,,,,,,goods,2,,,Active,pcs,Pieces,RF10232,6294016417721,,,RF10232,IQD 1994,Cost of Goods Sold,"6"" SS Boning Knife/White Handle1X144",Inventory Asset,fifo,,Western International LLC,,,,2,false,Inventory,true,true,true,KNIFE-9,"6"" SS Boning Knife/White Handle1X144",,,,,,,,,,,,,Discontinued,LHH,
4516918000000862832,2023-12-28 12:15:06,2025-11-15 13:05:06,KNIFE-10,"7""Slicer Knife/White Handle1X144",IQD 5750,Sales,true,ROYALFORD,,0,0,0,0,cm,kg,,,,,,,,goods,2,,,Active,pcs,Pieces,RF10233,6294016417738,,,RF10233,IQD 2251,Cost of Goods Sold,"7""Slicer Knife/White Handle1X144",Inventory Asset,fifo,,Western International LLC,,,,9,false,Inventory,true,true,true,KNIFE-10,"7""Slicer Knife/White Handle1X144",,,,,,,,,,,,,Discontinued,LHH,
4516918000000862845,2023-12-28 12:15:06,2026-07-04 13:07:02,KNIFE-11,"8""Chef Knife/White Handle1X144",IQD 6250,Sales,true,ROYALFORD,,0,0,0,0,cm,kg,,,,,,,,goods,2,,,Active,pcs,Pieces,RF10234,6294016417745,,,RF10234,IQD 2460,Cost of Goods Sold,"8""Chef Knife/White Handle1X144",Inventory Asset,fifo,,Western International LLC,,,,16,false,Inventory,true,true,true,KNIFE-11,"8""Chef Knife/White Handle1X144",,,,,,,,,,,,,Discontinued,LHH,
4516918000000862858,2023-12-28 12:15:06,2025-12-14 14:50:06,KNIFE-12,"8"" Chef Knife 1X72",IQD 19250,Sales,true,ROYALFORD,,0,0,0,0,cm,kg,,,,,,,,goods,2,,,Active,pcs,Pieces,RF4110,6294009926476,,,RF4110,IQD 8109,Cost of Goods Sold,"8"" Chef Knife 1X72",Inventory Asset,fifo,,Western International LLC,,,,11,false,Inventory,true,true,true,KNIFE-12,"8"" Chef Knife 1X72",,,,,,,,,,,,,Discontinued,LHH,
4516918000000862871,2023-12-28 12:15:06,2025-11-15 13:05:06,KNIFE-13,3pcs utility Knife set 1x36,IQD 8250,Sales,true,ROYALFORD,,0,0,0,0,cm,kg,,,,,,,,goods,2,,,Active,pcs,Pieces,RF5387,6294009939278,,,RF5387,IQD 3382,Cost of Goods Sold,3pcs utility Knife set 1x36,Inventory Asset,fifo,,Western International LLC,,,,0,false,Inventory,true,true,true,KNIFE-13,3pcs utility Knife set 1x36,,,,,,,,,,,,,Discontinued,LHH,
4516918000000862884,2023-12-28 12:15:07,2025-11-15 13:05:06,KNIFE-14,2 Pcs Paring Knives Set 1x144,IQD 2500,Sales,true,ROYALFORD,,0,0,0,0,cm,kg,,,,,,,,goods,2,,,Active,pcs,Pieces,RF7028,6294020005990,,,RF7028,IQD 1082,Cost of Goods Sold,2 Pcs Paring Knives Set 1x144,Inventory Asset,fifo,,Western International LLC,,,,0,false,Inventory,true,true,true,KNIFE-14,2 Pcs Paring Knives Set 1x144,,,,,,,,,,,,,Discontinued,LHH,
4516918000000862897,2023-12-28 12:15:07,2026-06-07 13:52:12,KNIFE-15,"9"" Chef Knife 1X48",IQD 7250,Sales,true,ROYALFORD,,0,0,0,0,cm,kg,,,,,,,,goods,2,,,Active,pcs,Pieces,RF7830,6294020014015,,,RF7830,IQD 3132.928889,Cost of Goods Sold,"9"" Chef Knife 1X48",Inventory Asset,fifo,,Western International LLC,,,,27,false,Inventory,true,true,true,KNIFE-15,"9"" Chef Knife 1X48",,,,,,,,,,,,,Active,ELC,
4516918000000862910,2023-12-28 12:15:07,2026-07-04 13:07:02,KNIFE-16,"9"" Carving Knife 1X96",IQD 6250,Sales,true,ROYALFORD,,0,0,0,0,cm,kg,,,,,,,,goods,2,,,Active,pcs,Pieces,RF7831,6294020014022,,,RF7831,IQD 2460,Cost of Goods Sold,"9"" Carving Knife 1X96",Inventory Asset,fifo,,Western International LLC,,,,8,false,Inventory,true,true,true,KNIFE-16,"9"" Carving Knife 1X96",,,,,,,,,,,,,Discontinued,LHH,
4516918000000862923,2023-12-28 12:15:07,2026-05-08 19:17:09,KNIFE-17,"8"" Slicer Knife/Wooden handle 1X48",IQD 7500,Sales,true,ROYALFORD,,0,0,0,0,cm,kg,,,,,,,,goods,2,,,Active,pcs,Pieces,RF9661,6294016410142,,,RF9661,IQD 3291.028889,Cost of Goods Sold,"8"" Slicer Knife/Wooden handle 1X48",Inventory Asset,fifo,,Western International LLC,,,,16,false,Inventory,true,true,true,KNIFE-17,"8"" Slicer Knife/Wooden handle 1X48",,,,,,,,,,,,,Active,ELC,
4516918000000862936,2023-12-28 12:15:07,2026-07-12 11:12:32,KNIFE-18,"5"" Utility Knife/Wooden handle 1X48",IQD 5500,Sales,true,ROYALFORD,,0,0,0,0,cm,kg,,,,,,,,goods,2,,,Active,pcs,Pieces,RF9663,6294016410166,,,RF9663,IQD 2179.013601,Cost of Goods Sold,"5"" Utility Knife/Wooden handle 1X48",Inventory Asset,fifo,,Western International LLC,,,,23,false,Inventory,true,true,true,KNIFE-18,"5"" Utility Knife/Wooden handle 1X48",,,,,,,,,,,,,Active,ELC,
4516918000000862949,2023-12-28 12:15:07,2026-07-28 14:53:17,KNIFE-19,"6"" Chopping Knife/Wooden handle 1X24",IQD 9750,Sales,true,ROYALFORD,,0,0,0,0,cm,kg,,,,,,,,goods,2,,,Active,pcs,Pieces,RF9664,6294016410173,,,RF9664,IQD 4399.239968,Cost of Goods Sold,"6"" Chopping Knife/Wooden handle 1X24",Inventory Asset,fifo,,Western International LLC,,,,43,false,Inventory,true,true,true,KNIFE-19,"6"" Chopping Knife/Wooden handle 1X24",,,,,,,,,,,,,Active,ELC,
4516918000000862962,2023-12-28 12:15:07,2025-11-15 13:05:07,KNIFE-20,2Pcs Fruit Knife set(teeth) 1X144,IQD 2250,Sales,true,ROYALFORD,,0,0,0,0,cm,kg,,,,,,,,goods,2,,,Active,pcs,Pieces,RF9686,6294016410395,,,RF9686,IQD 988,Cost of Goods Sold,2Pcs Fruit Knife set(teeth) 1X144,Inventory Asset,fifo,,Western International LLC,,,,2,false,Inventory,true,true,true,KNIFE-20,2Pcs Fruit Knife set(teeth) 1X144,,,,,,,,,,,,,Discontinued,LHH,
4516918000000862975,2023-12-28 12:15:08,2026-08-10 13:15:36,KNIFE-21,3Pc SteakKnife Set/Teeth Blade/Green1X36,IQD 6750,Sales,true,ROYALFORD,,0,0,0,0,cm,kg,,,,,,,,goods,2,,,Active,pcs,Pieces,RF9947,6294016414805,,,RF9947,IQD 3320.193385,Cost of Goods Sold,3Pc SteakKnife Set/Teeth Blade/Green1X36,Inventory Asset,fifo,,Western International LLC,,,,149,false,Inventory,true,true,true,KNIFE-21,3Pc SteakKnife Set/Teeth Blade/Green1X36,,,,,,,,,,,,,Active,ELC,
4516918000000862988,2023-12-28 12:15:08,2026-07-12 11:12:32,KNIFE-22,3.5'' Paring Knife-Non Stick 1X96,IQD 4250,Sales,true,ROYALFORD,,0,0,0,0,cm,kg,,,,,,,,goods,2,,,Active,pcs,Pieces,RF12005,6294016436111,,,RF12005,IQD 1616.580464,Cost of Goods Sold,3.5'' Paring Knife-Non Stick 1X96,Inventory Asset,fifo,,Western International LLC,,,,20,false,Inventory,true,true,true,KNIFE-22,3.5'' Paring Knife-Non Stick 1X96,,,,,,,,,,,,,Active,ELC,
4516918000000864001,2023-12-28 12:15:08,2026-07-30 15:24:28,KNIFE-23,"5"" Utility knife-Non Stick 1X96",IQD 4250,Sales,true,ROYALFORD,,0,0,0,0,cm,kg,,,,,,,,goods,2,,,Active,pcs,Pieces,RF12006,6294016436128,,,RF12006,IQD 1646.086642,Cost of Goods Sold,"5"" Utility knife-Non Stick 1X96",Inventory Asset,fifo,,Western International LLC,,,,27,false,Inventory,true,true,true,KNIFE-23,"5"" Utility knife-Non Stick 1X96",,,,,,,,,,,,,Active,ELC,
4516918000000864014,2023-12-28 12:15:08,2026-07-18 11:56:56,KNIFE-24,"7"" Cleaver knife-Non Stick 1X24",IQD 8000,Sales,true,ROYALFORD,,0,0,0,0,cm,kg,,,,,,,,goods,2,,,Active,pcs,Pieces,RF12007,6294016436135,,,RF12007,IQD 3496.558889,Cost of Goods Sold,"7"" Cleaver knife-Non Stick 1X24",Inventory Asset,fifo,,Western International LLC,,,,26,false,Inventory,true,true,true,KNIFE-24,"7"" Cleaver knife-Non Stick 1X24",,,,,,,,,,,,,Active,ELC,
4516918000000864027,2023-12-28 12:15:08,2026-08-03 08:46:25,KNIFE-25,"8"" Slicer knife-Non Stick 1X72",IQD 6250,Sales,true,ROYALFORD,,0,0,0,0,cm,kg,,,,,,,,goods,2,,,Active,pcs,Pieces,RF12008,6294016436142,,,RF12008,IQD 2627.008889,Cost of Goods Sold,"8"" Slicer knife-Non Stick 1X72",Inventory Asset,fifo,,Western International LLC,,,,35,false,Inventory,true,true,true,KNIFE-25,"8"" Slicer knife-Non Stick 1X72",,,,,,,,,,,,,Active,ELC,
4516918000000864040,2023-12-28 12:15:08,2026-07-18 11:56:56,KNIFE-26,"8"" Chef knife-Non Stick 1X72",IQD 6000,Sales,true,ROYALFORD,,0,0,0,0,cm,kg,,,,,,,,goods,2,,,Active,pcs,Pieces,RF12010,6294016436166,,,RF12010,IQD 2613.33848,Cost of Goods Sold,"8"" Chef knife-Non Stick 1X72",Inventory Asset,fifo,,Western International LLC,,,,37,false,Inventory,true,true,true,KNIFE-26,"8"" Chef knife-Non Stick 1X72",,,,,,,,,,,,,Active,ELC,
4516918000000864053,2023-12-28 12:15:09,2026-08-10 13:15:36,CUTLERY-9,6Pc SS Table Spoon 1x72,IQD 4750,Sales,true,ROYALFORD,,0,0,0,0,cm,kg,,,,,,,,goods,2,,,Active,pcs,Pieces,RF10068,6294016416151,,,RF10068,IQD 2636.313957,Cost of Goods Sold,6Pc SS Table Spoon 1x72,Inventory Asset,fifo,,Western International LLC,,,,110,false,Inventory,true,true,true,CUTLERY-9,6Pc SS Table Spoon 1x72,,,,,,,,,,,,,Active,ELC,
4516918000000864066,2023-12-28 12:15:09,2026-07-30 15:29:14,CUTLERY-10,6Pc SS Table Fork 1x72,IQD 4750,Sales,true,ROYALFORD,,0,0,0,0,cm,kg,,,,,,,,goods,2,,,Active,pcs,Pieces,RF10069,6294016416168,,,RF10069,IQD 2485.53739,Cost of Goods Sold,6Pc SS Table Fork 1x72,Inventory Asset,fifo,,Western International LLC,,,,163,false,Inventory,true,true,true,CUTLERY-10,6Pc SS Table Fork 1x72,,,,,,,,,,,,,Active,ELC,
4516918000000864079,2023-12-28 12:15:09,2025-11-15 13:05:00,CUTLERY-11,6Pc SS Table Knife 1x72,IQD 9250,Sales,true,ROYALFORD,,0,0,0,0,cm,kg,,,,,,,,goods,2,,,Active,pcs,Pieces,RF10070,6294016416175,,,RF10070,IQD 3733,Cost of Goods Sold,6Pc SS Table Knife 1x72,Inventory Asset,fifo,,Western International LLC,,,,6,false,Inventory,true,true,true,CUTLERY-11,6Pc SS Table Knife 1x72,,,,,,,,,,,,,Discontinued,LHH,
4516918000000864092,2023-12-28 12:15:09,2025-11-15 13:04:46,CUTLERY-12,3 Pcs Table Spoon  1X48,IQD 8000,Sales,true,ROYALFORD,,0,0,0,0,cm,kg,,,,,,,,goods,2,,,Active,pcs,Pieces,RF2393-TBS,6294009918570,,,RF2393-TBS,IQD 3267,Cost of Goods Sold,3 Pcs Table Spoon  1X48,Inventory Asset,fifo,,Western International LLC,,,,0,false,Inventory,true,true,true,CUTLERY-12,3 Pcs Table Spoon  1X48,,,,,,,,,,,,,Clearance,LHH,
4516918000000864105,2023-12-28 12:15:10,2026-08-09 13:16:51,CUTLERY-13,6Pc SS Mocca Spoon 1x72,IQD 2750,Sales,true,ROYALFORD,,0,0,0,0,cm,kg,,,,,,,,goods,2,,,Active,pcs,Pieces,RF10066,6294016416137,,,RF10066,IQD 1343.943385,Cost of Goods Sold,6Pc SS Mocca Spoon 1x72,Inventory Asset,fifo,,Western International LLC,,,,65,false,Inventory,true,true,true,CUTLERY-13,6Pc SS Mocca Spoon 1x72,,,,,,,,,,,,,Active,ELC,
4516918000000864118,2023-12-28 12:15:10,2026-07-18 09:27:33,CUTLERY-14,6Pc SS  Tea Spoon 1x72,IQD 3500,Sales,true,ROYALFORD,,0,0,0,0,cm,kg,,,,,,,,goods,2,,,Active,pcs,Pieces,RF10067,6294016416144,,,RF10067,IQD 1709.562752,Cost of Goods Sold,6Pc SS  Tea Spoon 1x72,Inventory Asset,fifo,,Western International LLC,,,,51,false,Inventory,true,true,true,CUTLERY-14,6Pc SS  Tea Spoon 1x72,,,,,,,,,,,,,Active,ELC,
4516918000000864131,2023-12-28 12:15:10,2025-11-15 13:05:13,SQEEZER-2,Lemon Squeezer 1X72,IQD 6250,Sales,true,ROYALFORD,,0,0,0,0,cm,kg,,,,,,,,goods,2,,,Active,pcs,Pieces,RF3018,6294009925011,,,RF3018,IQD 2591,Cost of Goods Sold,Lemon Squeezer 1X72,Inventory Asset,fifo,,Western International LLC,,,,0,false,Inventory,true,true,true,SQEEZER-2,Lemon Squeezer 1X72,,,,,,,,,,,,,Discontinued,LHH,
4516918000000864144,2023-12-28 12:15:10,2025-11-15 13:05:04,HANGER-5,Metal Hanger- 6 Pc Set 1X24,IQD 12500,Sales,true,ROYALFORD,,0,0,0,0,cm,kg,,,,,,,,goods,2,,,Active,pcs,Pieces,RF2575,6294009920320,,,RF2575,IQD 5182,Cost of Goods Sold,Metal Hanger- 6 Pc Set 1X24,Inventory Asset,fifo,,Western International LLC,,,,0,false,Inventory,true,true,true,HANGER-5,Metal Hanger- 6 Pc Set 1X24,,,,,,,,,,,,,Discontinued,LHH,
4516918000000864671,2023-12-28 13:51:01,2025-12-11 21:43:14,DINNER SET-1,Royalford 33 Piece Opal ware Dinner Set- RF8982|,IQD 29444,Sales,true,ROYALFORD,,0,0,0,0,cm,kg,,,,,,,,goods,1,,,Active,pcs,Pieces,RF8982,6294016402697,,,RF8982,IQD 21306,Cost of Goods Sold,Royalford 33 Piece Opal ware Dinner Set- RF8982|,Inventory Asset,fifo,,Western International LLC,ERB,50,IQD 21306,0,false,Inventory,true,true,true,DINNER SET-1,Royalford 33 Piece Opal ware Dinner Set- RF8982|,,,,,,,,,,,,,Clearance,LHH,
4516918000000864710,2023-12-28 13:55:50,2025-11-15 13:05:01,DINNER SET-2,"Royalford RF8983 33Pcs Opal Ware Dinner Set - Floral Design Plates,",IQD 29444,Sales,true,ROYALFORD,,0,0,0,0,cm,kg,,,,,,,,goods,1,,,Active,pcs,Pieces,RF8983,6294016402703,,,RF8983,IQD 21306,Cost of Goods Sold,"Royalford RF8983 33Pcs Opal Ware Dinner Set - Floral Design Plates,",Inventory Asset,fifo,,Western International LLC,ERB,50,IQD 21401,0,false,Inventory,true,true,true,DINNER SET-2,"Royalford RF8983 33Pcs Opal Ware Dinner Set - Floral Design Plates,",,,,,,,,,,,,,Discontinued,LHH,
4516918000005580302,2024-08-23 12:14:41,2026-08-11 11:51:51,BLENDER-6,"Personal Blender 500W with 2 Plastic Sport Bottles, 570 ML & 400 ML",IQD 54000,Sales,true,GEEPAS,,0,0,0,0,cm,kg,,,,,,,,goods,2,,,Active,pcs,Pieces,GSB44075N,6294015528206,,,GSB44075N,IQD 22349,Cost of Goods Sold,"Personal Blender 500W with 2 Plastic Sport Bottles, 570 ML & 400 ML",Inventory Asset,fifo,,Western International LLC,,,,46,false,Inventory,true,true,true,BLENDER-6,"Personal Blender 500W with 2 Plastic Sport Bottles, 570 ML & 400 ML",,,,,,,,,,,,,Active,ELC,
4516918000005580315,2024-08-23 12:14:41,2026-07-18 11:56:56,ELECTRIC KETTLE-10,1.7L Steel Kettle,IQD 25000,Sales,true,GEEPAS,,0,0,0,0,cm,kg,,,,,,,,goods,2,,,Active,pcs,Pieces,GK174,6294001705734,,,GK174,IQD 13881.58,Cost of Goods Sold,1.7L Steel Kettle,Inventory Asset,fifo,,Western International LLC,,,,17,false,Inventory,true,true,true,ELECTRIC KETTLE-10,1.7L Steel Kettle,,,,,,,,,,,,,Clearance,LHH,
4516918000005580328,2024-08-23 12:14:41,2026-08-10 11:07:53,ELECTRIC KETTLE-11,1.8L 2200 W Double Layer Glass Kettle,IQD 43000,Sales,true,GEEPAS,,0,0,0,0,cm,kg,,,,,,,,goods,2,,,Active,pcs,Pieces,GK38049,6294015534108,,,GK38049,IQD 19663.79981,Cost of Goods Sold,1.8L 2200 W Double Layer Glass Kettle,Inventory Asset,fifo,,Western International LLC,,,,25,false,Inventory,true,true,true,ELECTRIC KETTLE-11,1.8L 2200 W Double Layer Glass Kettle,,,,,,,,,,,,,Active,ELC,
4516918000005580341,2024-08-23 12:14:42,2026-07-15 10:37:11,ELECTRIC KETTLE-12,1.7L Electric Kettle,IQD 46000,Sales,true,GEEPAS,,0,0,0,0,cm,kg,,,,,,,,goods,2,,,Active,pcs,Pieces,GK38033,6294015552362,,,GK38033,IQD 25609.09,Cost of Goods Sold,1.7L Electric Kettle,Inventory Asset,fifo,,Western International LLC,,,,0,false,Inventory,true,true,true,ELECTRIC KETTLE-12,1.7L Electric Kettle,,,,,,,,,,,,,Clearance,LHH,
4516918000005580354,2024-08-23 12:14:42,2026-08-10 22:28:53,EGG BOILER-1,7Pcs Egg Boiler,IQD 29000,Sales,true,GEEPAS,,0,0,0,0,cm,kg,,,,,,,,goods,2,,,Active,pcs,Pieces,GEB63032UK,6294015528626,,,GEB63032UK,IQD 14067.79859,Cost of Goods Sold,7Pcs Egg Boiler,Inventory Asset,fifo,,Western International LLC,,,,25,false,Inventory,true,true,true,EGG BOILER-1,7Pcs Egg Boiler,,,,,,,,,,,,,Active,ELC,
4516918000005580367,2024-08-23 12:14:42,2026-08-10 08:54:31,MEAT GRINDER-5,S/S Meat Grinder/Reverse function/2500W,IQD 104000,Sales,true,GEEPAS,,0,0,0,0,cm,kg,,,,,,,,goods,2,,,Active,pcs,Pieces,GMG42506,6294015533354,,,GMG42506,IQD 59784.77,Cost of Goods Sold,S/S Meat Grinder/Reverse function/2500W,Inventory Asset,fifo,,Western International LLC,,,,1,false,Inventory,true,true,true,MEAT GRINDER-5,S/S Meat Grinder/Reverse function/2500W,,,,,,,,,,,,,Discontinued,LHH,
4516918000005580380,2024-08-23 12:14:42,2026-08-10 13:33:53,OVEN-4,Digital Microwave Oven/Grill/SS/1500W Steel/30L,IQD 264000,Sales,true,GEEPAS,,0,0,0,0,cm,kg,,,,,,,,goods,2,,,Active,pcs,Pieces,GMO1897,6294010881375,,,GMO1897,IQD 126745,Cost of Goods Sold,Digital Microwave Oven/Grill/SS/1500W Steel/30L,Inventory Asset,fifo,,Western International LLC,,,,58,false,Inventory,true,true,true,OVEN-4,Digital Microwave Oven/Grill/SS/1500W Steel/30L,,,,,,,,,,,,,Active,ELC,
4516918000005580393,2024-08-23 12:14:42,2026-08-10 08:17:21,TRIMMER-11,Digital Hair clipper/5Adj cut,IQD 38000,Sales,true,GEEPAS,,0,0,0,0,cm,kg,,,,,,,,goods,2,,,Active,pcs,Pieces,GTR56031,6294015552744,,,GTR56031,IQD 19994.88268,Cost of Goods Sold,Digital Hair clipper/5Adj cut,Inventory Asset,fifo,,Western International LLC,,,,66,false,Inventory,true,true,true,TRIMMER-11,Digital Hair clipper/5Adj cut,,,,,,,,,,,,,Active,ELC,
4516918000005580406,2024-08-23 12:14:42,2026-08-11 11:51:51,TRIMMER-12,Professional Trimmer/WaterProof,IQD 44000,Sales,true,GEEPAS,,0,0,0,0,cm,kg,,,,,,,,goods,2,,,Active,pcs,Pieces,GTR57510,6294015562903,,,GTR57510,IQD 19646,Cost of Goods Sold,Professional Trimmer/WaterProof,Inventory Asset,fifo,,Western International LLC,,,,159,false,Inventory,true,true,true,TRIMMER-12,Professional Trimmer/WaterProof,,,,,,,,,,,,,Active,ELC,
4516918000005580419,2024-08-23 12:14:42,2026-08-10 08:54:31,TRIMMER-13,AC Hair Clipper,IQD 24000,Sales,true,GEEPAS,,0,0,0,0,cm,kg,,,,,,,,goods,2,,,Active,pcs,Pieces,GTR8658,6294010889234,,,GTR8658,IQD 13253.0162,Cost of Goods Sold,AC Hair Clipper,Inventory Asset,fifo,,Western International LLC,,,,16,false,Inventory,true,true,true,TRIMMER-13,AC Hair Clipper,,,,,,,,,,,,,Active,ELC,
4516918000005580432,2024-08-23 12:14:42,2026-05-31 12:20:11,TRIMMER-14,Prof.Hair Clipper Digital Disp/4hrsWrk,IQD 29000,Sales,true,GEEPAS,,0,0,0,0,cm,kg,,,,,,,,goods,2,,,Active,pcs,Pieces,GTR56046,6294015541441,,,GTR56046,IQD 14899.10869,Cost of Goods Sold,Prof.Hair Clipper Digital Disp/4hrsWrk,Inventory Asset,fifo,,Western International LLC,,,,10,false,Inventory,true,true,true,TRIMMER-14,Prof.Hair Clipper Digital Disp/4hrsWrk,,,,,,,,,,,,,Active,ELC,
4516918000005580445,2024-08-23 12:14:42,2025-11-15 13:05:03,GROOMING KIT-2,"2In1 Grooming Kit,waterproof/0.5MM",IQD 29000,Sales,true,GEEPAS,,0,0,0,0,cm,kg,,,,,,,,goods,2,,,Active,pcs,Pieces,GTR56016UK,6294015510225,,,GTR56016UK,IQD 14665.18,Cost of Goods Sold,"2In1 Grooming Kit,waterproof/0.5MM",Inventory Asset,fifo,,Western International LLC,,,,5,false,Inventory,true,true,true,GROOMING KIT-2,"2In1 Grooming Kit,waterproof/0.5MM",,,,,,,,,,,,,Discontinued,LHH,
4516918000005580458,2024-08-23 12:14:42,2026-08-11 11:51:51,GROOMING KIT-3,11in1Grooming Kit/Digital Disp/120mnts,IQD 42000,Sales,true,GEEPAS,,0,0,0,0,cm,kg,,,,,,,,goods,2,,,Active,pcs,Pieces,GTR56048,6294015541502,,,GTR56048,IQD 23928,Cost of Goods Sold,11in1Grooming Kit/Digital Disp/120mnts,Inventory Asset,fifo,,Western International LLC,,,,28,false,Inventory,true,true,true,GROOMING KIT-3,11in1Grooming Kit/Digital Disp/120mnts,,,,,,,,,,,,,Active,ELC,
4516918000005580471,2024-08-23 12:14:42,2026-07-30 15:17:55,HAIR CURLER-4,Hair Curler/Ceramic Barrel/PtcHeat,IQD 15000,Sales,true,GEEPAS,,0,0,0,0,cm,kg,,,,,,,,goods,2,,,Active,pcs,Pieces,GH8656,6294010889135,,,GH8656,IQD 8438.410462,Cost of Goods Sold,Hair Curler/Ceramic Barrel/PtcHeat,Inventory Asset,fifo,,Western International LLC,,,,12,false,Inventory,true,true,true,HAIR CURLER-4,Hair Curler/Ceramic Barrel/PtcHeat,,,,,,,,,,,,,Active,ELC,
4516918000005580484,2024-08-23 12:14:42,2026-08-10 13:33:53,HAIR DRYER-5,Hair Dryer /Light Wght/2300W,IQD 56000,Sales,true,GEEPAS,,0,0,0,0,cm,kg,,,,,,,,goods,2,,,Active,pcs,Pieces,GHD86052,6294015531596,,,GHD86052,IQD 25780,Cost of Goods Sold,Hair Dryer /Light Wght/2300W,Inventory Asset,fifo,,Western International LLC,,,,40,false,Inventory,true,true,true,HAIR DRYER-5,Hair Dryer /Light Wght/2300W,,,,,,,,,,,,,Active,ELC,
4516918000005580497,2024-08-23 12:14:42,2026-08-10 13:33:53,PERSONAL SCALE-5,Smart Body Scale/15body Measur/BT App,IQD 29000,Sales,true,GEEPAS,,0,0,0,0,cm,kg,,,,,,,,goods,2,,,Active,pcs,Pieces,GBS46522,6294015531619,,,GBS46522,IQD 12742,Cost of Goods Sold,Smart Body Scale/15body Measur/BT App,Inventory Asset,fifo,,Western International LLC,,,,25,false,Inventory,true,true,true,PERSONAL SCALE-5,Smart Body Scale/15body Measur/BT App,,,,,,,,,,,,,Active,ELC,
4516918000005580510,2024-08-23 12:14:42,2026-08-10 13:33:53,SOUND BAR-3,2.2Ch SoundBar Woofer/usb/BT/Aux/Rmt,IQD 198000,Sales,true,GEEPAS,,0,0,0,0,cm,kg,,,,,,,,goods,2,,,Active,pcs,Pieces,GMS11152,6294015532104,,,GMS11152,IQD 97348.94045,Cost of Goods Sold,2.2Ch SoundBar Woofer/usb/BT/Aux/Rmt,Inventory Asset,fifo,,Western International LLC,,,,15,false,Inventory,true,true,true,SOUND BAR-3,2.2Ch SoundBar Woofer/usb/BT/Aux/Rmt,,,,,,,,,,,,,Active,ELC,
4516918000005580523,2024-08-23 12:14:42,2026-08-10 13:33:53,SOUND BAR-4,Wireless sound Bar/Usb/Sd/Fm/Rmt/Bt,IQD 259000,Sales,true,GEEPAS,,0,0,0,0,cm,kg,,,,,,,,goods,2,,,Active,pcs,Pieces,GMS11173,6294015555905,,,GMS11173,IQD 121152.3504,Cost of Goods Sold,Wireless sound Bar/Usb/Sd/Fm/Rmt/Bt,Inventory Asset,fifo,,Western International LLC,,,,24,false,Inventory,true,true,true,SOUND BAR-4,Wireless sound Bar/Usb/Sd/Fm/Rmt/Bt,,,,,,,,,,,,,Active,ELC,
4516918000005580536,2024-08-23 12:14:42,2026-08-10 13:33:53,PROFESSIONAL SPEAKER-4,Rech Port Spkr/Usb/Fm/Bt/Mic/Rmt/Tws,IQD 148000,Sales,true,GEEPAS,,0,0,0,0,cm,kg,,,,,,,,goods,2,,,Active,pcs,Pieces,GMS11168,6294015535143,,,GMS11168,IQD 96855.85034,Cost of Goods Sold,Rech Port Spkr/Usb/Fm/Bt/Mic/Rmt/Tws,Inventory Asset,fifo,,Western International LLC,,,,16,false,Inventory,true,true,true,PROFESSIONAL SPEAKER-4,Rech Port Spkr/Usb/Fm/Bt/Mic/Rmt/Tws,,,,,,,,,,,,,Active,ELC,
4516918000005580549,2024-08-23 12:14:42,2026-05-23 13:05:46,PROFESSIONAL SPEAKER-5,2.0Prof Spkr/Usb/Sd/Fm/Bt/Rmt/Mic,IQD 394000,Sales,true,GEEPAS,,0,0,0,0,cm,kg,,,,,,,,goods,2,,,Active,pcs,Pieces,GMS8517,6294010888565,,,GMS8517,IQD 273634.37,Cost of Goods Sold,2.0Prof Spkr/Usb/Sd/Fm/Bt/Rmt/Mic,Inventory Asset,fifo,,Western International LLC,,,,3,false,Inventory,true,true,true,PROFESSIONAL SPEAKER-5,2.0Prof Spkr/Usb/Sd/Fm/Bt/Rmt/Mic,,,,,,,,,,,,,Clearance,LHH,
4516918000005580562,2024-08-23 12:14:43,2026-07-25 12:08:33,HEAD PHONES-1,Bluetooth Headphone/FM Radio,IQD 24000,Sales,true,GEEPAS,,0,0,0,0,cm,kg,,,,,,,,goods,2,,,Active,pcs,Pieces,GHP14011,6294015531008,,,GHP14011,IQD 14788.8,Cost of Goods Sold,Bluetooth Headphone/FM Radio,Inventory Asset,fifo,,Western International LLC,,,,56,false,Inventory,true,true,true,HEAD PHONES-1,Bluetooth Headphone/FM Radio,,,,,,,,,,,,,Discontinued,LHH,
4516918000005580575,2024-08-23 12:14:43,2026-08-12 10:32:35,EXTENSION SOCKET-4,Extension Socket WthUSB Port/3Way-5M,IQD 24000,Sales,true,GEEPAS,,0,0,0,0,cm,kg,,,,,,,,goods,2,,,Active,pcs,Pieces,GES5803,6294015505702,,,GES5803,IQD 14669.23895,Cost of Goods Sold,Extension Socket WthUSB Port/3Way-5M,Inventory Asset,fifo,,Western International LLC,,,,28,false,Inventory,true,true,true,EXTENSION SOCKET-4,Extension Socket WthUSB Port/3Way-5M,,,,,,,,,,,,,Active,ELC,
4516918000005580588,2024-08-23 12:14:43,2025-11-15 13:05:14,CLOCK-1,Silver/Rosegold Plastic Wall Clock (GIFT),IQD 0,Sales,true,GEEPAS,,0,0,0,0,cm,kg,,,,,,,,goods,2,,,Active,pcs,Pieces,GWC26015,6294015508840,,,GWC26015,IQD 0,Cost of Goods Sold,Silver/Rosegold Plastic Wall Clock (GIFT),Inventory Asset,fifo,,Western International LLC,,,,26,false,Inventory,true,true,true,CLOCK-1,Silver/Rosegold Plastic Wall Clock (GIFT),,,,,,,,,,,,,Discontinued,LHH,
4516918000005581461,2024-08-23 13:16:51,2026-07-09 12:24:54,PAN-15,22CM Non Stick Aluminum Frypan  1X12,IQD 13500,Sales,true,DELCASA,,0,0,0,0,cm,kg,,,,,,,,goods,2,,,Active,pcs,Pieces,DC1567,6294016305660,,,DC1567,IQD 6030.81865,Cost of Goods Sold,22CM Non Stick Aluminum Frypan  1X12,Inventory Asset,fifo,,Western International LLC,,,,10,false,Inventory,true,true,true,PAN-15,22CM Non Stick Aluminum Frypan  1X12,,,,,,,,,,,,,Active,ELC,
4516918000005581474,2024-08-23 13:16:51,2026-07-28 11:36:09,PAN-16,24CM Non Stick Aluminum Frypan  1X12,IQD 16000,Sales,true,DELCASA,,0,0,0,0,cm,kg,,,,,,,,goods,2,,,Active,pcs,Pieces,DC1568,6294016305677,,,DC1568,IQD 6909.630639,Cost of Goods Sold,24CM Non Stick Aluminum Frypan  1X12,Inventory Asset,fifo,,Western International LLC,,,,151,false,Inventory,true,true,true,PAN-16,24CM Non Stick Aluminum Frypan  1X12,,,,,,,,,,,,,Active,ELC,
4516918000005581487,2024-08-23 13:16:52,2026-07-09 12:24:54,PAN-17,26CM Non Stick Aluminum Frypan 1X12,IQD 17500,Sales,true,DELCASA,,0,0,0,0,cm,kg,,,,,,,,goods,2,,,Active,pcs,Pieces,DC1569,6294016305684,,,DC1569,IQD 7484.01756,Cost of Goods Sold,26CM Non Stick Aluminum Frypan 1X12,Inventory Asset,fifo,,Western International LLC,,,,34,false,Inventory,true,true,true,PAN-17,26CM Non Stick Aluminum Frypan 1X12,,,,,,,,,,,,,Active,ELC,
4516918000005581500,2024-08-23 13:16:52,2026-07-30 13:06:54,PAN-18,28CM Non Stick Aluminum Frypan 1X12,IQD 21250,Sales,true,DELCASA,,0,0,0,0,cm,kg,,,,,,,,goods,2,,,Active,pcs,Pieces,DC1570,6294016305691,,,DC1570,IQD 9080.150446,Cost of Goods Sold,28CM Non Stick Aluminum Frypan 1X12,Inventory Asset,fifo,,Western International LLC,,,,178,false,Inventory,true,true,true,PAN-18,28CM Non Stick Aluminum Frypan 1X12,,,,,,,,,,,,,Active,ELC,
4516918000005581513,2024-08-23 13:16:52,2026-07-23 12:51:08,PAN-19,30CM Non Stick Aluminum Frypan 1X12,IQD 23000,Sales,true,DELCASA,,0,0,0,0,cm,kg,,,,,,,,goods,2,,,Active,pcs,Pieces,DC1571,6294016305707,,,DC1571,IQD 9704.243927,Cost of Goods Sold,30CM Non Stick Aluminum Frypan 1X12,Inventory Asset,fifo,,Western International LLC,,,,39,false,Inventory,true,true,true,PAN-19,30CM Non Stick Aluminum Frypan 1X12,,,,,,,,,,,,,Active,ELC,
4516918000005581526,2024-08-23 13:16:52,2026-07-23 09:12:59,PAN-20,Carbon Steel Wok Pan 30CM1X8,IQD 18000,Sales,true,DELCASA,,0,0,0,0,cm,kg,,,,,,,,goods,2,,,Active,pcs,Pieces,DC3235,6294016322360,,,DC3235,IQD 7951.753767,Cost of Goods Sold,Carbon Steel Wok Pan 30CM1X8,Inventory Asset,fifo,,Western International LLC,,,,270,false,Inventory,true,true,true,PAN-20,Carbon Steel Wok Pan 30CM1X8,,,,,,,,,,,,,Active,ELC,
4516918000005581539,2024-08-23 13:16:52,2026-08-02 13:17:10,GRATER-4,S/S Ginger Grater1X144,IQD 4000,Sales,true,DELCASA,,0,0,0,0,cm,kg,,,,,,,,goods,2,,,Active,pcs,Pieces,DC2427,6294016314280,,,DC2427,IQD 1474.950813,Cost of Goods Sold,S/S Ginger Grater1X144,Inventory Asset,fifo,,Western International LLC,,,,175,false,Inventory,true,true,true,GRATER-4,S/S Ginger Grater1X144,,,,,,,,,,,,,Active,ELC,
4516918000005581552,2024-08-23 13:16:52,2026-05-08 19:17:14,PIZZA CUTTER-5,SS Pizza Cutter 21.5X7.5CM1x144,IQD 3500,Sales,true,DELCASA,,0,0,0,0,cm,kg,,,,,,,,goods,2,,,Active,pcs,Pieces,DC1925,6294016309248,,,DC1925,IQD 1458.470533,Cost of Goods Sold,SS Pizza Cutter 21.5X7.5CM1x144,Inventory Asset,fifo,,Western International LLC,,,,11,false,Inventory,true,true,true,PIZZA CUTTER-5,SS Pizza Cutter 21.5X7.5CM1x144,,,,,,,,,,,,,Active,ELC,
4516918000005581565,2024-08-23 13:16:52,2026-07-23 12:52:05,PEELER-7,SSSS Tri Triangle Peeler 18.5x5.8CM1X144,IQD 4250,Sales,true,DELCASA,,0,0,0,0,cm,kg,,,,,,,,goods,2,,,Active,pcs,Pieces,DC1921,6294016309200,,,DC1921,IQD 1608.571645,Cost of Goods Sold,SSSS Tri Triangle Peeler 18.5x5.8CM1X144,Inventory Asset,fifo,,Western International LLC,,,,295,false,Inventory,true,true,true,PEELER-7,SSSS Tri Triangle Peeler 18.5x5.8CM1X144,,,,,,,,,,,,,Active,ELC,
4516918000005581578,2024-08-23 13:16:52,2026-08-09 15:51:44,PEELER-8,SS Swivel Peeler 21x2.8CM1X144,IQD 3750,Sales,true,DELCASA,,0,0,0,0,cm,kg,,,,,,,,goods,2,,,Active,pcs,Pieces,DC1922,6294016309217,,,DC1922,IQD 1430.101423,Cost of Goods Sold,SS Swivel Peeler 21x2.8CM1X144,Inventory Asset,fifo,,Western International LLC,,,,101,false,Inventory,true,true,true,PEELER-8,SS Swivel Peeler 21x2.8CM1X144,,,,,,,,,,,,,Active,ELC,
4516918000005581591,2024-08-23 13:16:52,2026-07-30 15:17:55,PEELER-9,S/S Fish Peeler1X144,IQD 3500,Sales,true,DELCASA,,0,0,0,0,cm,kg,,,,,,,,goods,2,,,Active,pcs,Pieces,DC2419,6294016314204,,,DC2419,IQD 1274.308806,Cost of Goods Sold,S/S Fish Peeler1X144,Inventory Asset,fifo,,Western International LLC,,,,57,false,Inventory,true,true,true,PEELER-9,S/S Fish Peeler1X144,,,,,,,,,,,,,Active,ELC,
4516918000005581604,2024-08-23 13:16:52,2026-08-09 13:01:54,PEELER-10,S/S Triangle Peeler1X144,IQD 3750,Sales,true,DELCASA,,0,0,0,0,cm,kg,,,,,,,,goods,2,,,Active,pcs,Pieces,DC2132,6294016311333,,,DC2132,IQD 1458.820769,Cost of Goods Sold,S/S Triangle Peeler1X144,Inventory Asset,fifo,,Western International LLC,,,,241,false,Inventory,true,true,true,PEELER-10,S/S Triangle Peeler1X144,,,,,,,,,,,,,Active,ELC,
4516918000005581617,2024-08-23 13:16:52,2026-07-30 15:24:28,CAN OPENER-2,S/S  Multi Opener1X72,IQD 7750,Sales,true,DELCASA,,0,0,0,0,cm,kg,,,,,,,,goods,2,,,Active,pcs,Pieces,DC2417,6294016314181,,,DC2417,IQD 3308.346655,Cost of Goods Sold,S/S  Multi Opener1X72,Inventory Asset,fifo,,Western International LLC,,,,148,false,Inventory,true,true,true,CAN OPENER-2,S/S  Multi Opener1X72,,,,,,,,,,,,,Active,ELC,
4516918000005581630,2024-08-23 13:16:52,2026-07-30 15:24:28,CAN OPENER-3,SS Multi Opener 21.5x5.5CM1X72,IQD 7750,Sales,true,DELCASA,,0,0,0,0,cm,kg,,,,,,,,goods,2,,,Active,pcs,Pieces,DC1920,6294016309194,,,DC1920,IQD 3145.530054,Cost of Goods Sold,SS Multi Opener 21.5x5.5CM1X72,Inventory Asset,fifo,,Western International LLC,,,,63,false,Inventory,true,true,true,CAN OPENER-3,SS Multi Opener 21.5x5.5CM1X72,,,,,,,,,,,,,Active,ELC,
4516918000005581643,2024-08-23 13:16:52,2026-07-30 15:24:28,GARLIC PRESSER-2,SS Garlic Press 19.8X6.5CM1x72,IQD 7500,Sales,true,DELCASA,,0,0,0,0,cm,kg,,,,,,,,goods,2,,,Active,pcs,Pieces,DC1932,6294016309316,,,DC1932,IQD 2985.364471,Cost of Goods Sold,SS Garlic Press 19.8X6.5CM1x72,Inventory Asset,fifo,,Western International LLC,,,,180,false,Inventory,true,true,true,GARLIC PRESSER-2,SS Garlic Press 19.8X6.5CM1x72,,,,,,,,,,,,,Active,ELC,
4516918000005581656,2024-08-23 13:16:52,2026-08-02 15:09:41,GARLIC PRESSER-3,S/S Garlic PreS/S1X72,IQD 6750,Sales,true,DELCASA,,0,0,0,0,cm,kg,,,,,,,,goods,2,,,Active,pcs,Pieces,DC2428,6294016314297,,,DC2428,IQD 2861.741153,Cost of Goods Sold,S/S Garlic PreS/S1X72,Inventory Asset,fifo,,Western International LLC,,,,63,false,Inventory,true,true,true,GARLIC PRESSER-3,S/S Garlic PreS/S1X72,,,,,,,,,,,,,Active,ELC,
4516918000005581669,2024-08-23 13:16:52,2026-08-09 15:51:44,BOTTLE OPENER-2,S/S Bottle Opener1X144,IQD 3250,Sales,true,DELCASA,,0,0,0,0,cm,kg,,,,,,,,goods,2,,,Active,pcs,Pieces,DC2420,6294016314211,,,DC2420,IQD 1368.728574,Cost of Goods Sold,S/S Bottle Opener1X144,Inventory Asset,fifo,,Western International LLC,,,,179,false,Inventory,true,true,true,BOTTLE OPENER-2,S/S Bottle Opener1X144,,,,,,,,,,,,,Active,ELC,
4516918000005581682,2024-08-23 13:16:52,2026-08-01 13:38:09,WHISK-4,Silicone Egg Whisk-Blue1X100,IQD 5250,Sales,true,ROYALFORD,,0,0,0,0,cm,kg,,,,,,,,goods,2,,,Active,pcs,Pieces,RF10654,6294016422145,,,RF10654,IQD 1928.587215,Cost of Goods Sold,Silicone Egg Whisk-Blue1X100,Inventory Asset,fifo,,Western International LLC,,,,23,false,Inventory,true,true,true,WHISK-4,Silicone Egg Whisk-Blue1X100,,,,,,,,,,,,,Active,ELC,
4516918000005581695,2024-08-23 13:16:53,2026-08-10 08:54:31,SKIMMER-7,SS Skimmer 35.5X11.3CM1x144,IQD 5750,Sales,true,DELCASA,,0,0,0,0,cm,kg,,,,,,,,goods,2,,,Active,pcs,Pieces,DC1936,6294016309354,,,DC1936,IQD 2162.444747,Cost of Goods Sold,SS Skimmer 35.5X11.3CM1x144,Inventory Asset,fifo,,Western International LLC,,,,450,false,Inventory,true,true,true,SKIMMER-7,SS Skimmer 35.5X11.3CM1x144,,,,,,,,,,,,,Active,ELC,
4516918000005581708,2024-08-23 13:16:53,2026-08-09 13:16:51,SKIMMER-8,Nylon Skimmer 1X96,IQD 3000,Sales,true,DELCASA,,0,0,0,0,cm,kg,,,,,,,,goods,2,,,Active,pcs,Pieces,DC3225,6294016322261,,,DC3225,IQD 1378.018889,Cost of Goods Sold,Nylon Skimmer 1X96,Inventory Asset,fifo,,Western International LLC,,,,82,false,Inventory,true,true,true,SKIMMER-8,Nylon Skimmer 1X96,,,,,,,,,,,,,Active,ELC,
4516918000005581721,2024-08-23 13:16:53,2026-06-15 13:53:08,SKIMMER-9,Nylon Skimmer 1x72,IQD 2500,Sales,true,DELCASA,,0,0,0,0,cm,kg,,,,,,,,goods,2,,,Active,pcs,Pieces,DC1678,6294016306773,,,DC1678,IQD 1156.678889,Cost of Goods Sold,Nylon Skimmer 1x72,Inventory Asset,fifo,,Western International LLC,,,,16,false,Inventory,true,true,true,SKIMMER-9,Nylon Skimmer 1x72,,,,,,,,,,,,,Active,ELC,
4516918000005581734,2024-08-23 13:16:53,2026-08-10 08:54:31,TURNER-8,SS Slotted Turner 33.5X8.8CM1x144,IQD 4750,Sales,true,DELCASA,,0,0,0,0,cm,kg,,,,,,,,goods,2,,,Active,pcs,Pieces,DC1938,6294016309378,,,DC1938,IQD 2063.031626,Cost of Goods Sold,SS Slotted Turner 33.5X8.8CM1x144,Inventory Asset,fifo,,Western International LLC,,,,286,false,Inventory,true,true,true,TURNER-8,SS Slotted Turner 33.5X8.8CM1x144,,,,,,,,,,,,,Active,ELC,
4516918000005581747,2024-08-23 13:16:53,2026-08-10 08:54:31,TURNER-9,Nylon Slotted Turner 1X96,IQD 3000,Sales,true,DELCASA,,0,0,0,0,cm,kg,,,,,,,,goods,2,,,Active,pcs,Pieces,DC3222,6294016322230,,,DC3222,IQD 1378.018889,Cost of Goods Sold,Nylon Slotted Turner 1X96,Inventory Asset,fifo,,Western International LLC,,,,75,false,Inventory,true,true,true,TURNER-9,Nylon Slotted Turner 1X96,,,,,,,,,,,,,Active,ELC,
4516918000005581760,2024-08-23 13:16:53,2026-08-10 08:54:31,TURNER-10,Nylon Turner 1X96,IQD 3000,Sales,true,DELCASA,,0,0,0,0,cm,kg,,,,,,,,goods,2,,,Active,pcs,Pieces,DC3223,6294016322247,,,DC3223,IQD 1378.018889,Cost of Goods Sold,Nylon Turner 1X96,Inventory Asset,fifo,,Western International LLC,,,,56,false,Inventory,true,true,true,TURNER-10,Nylon Turner 1X96,,,,,,,,,,,,,Active,ELC,
4516918000005581773,2024-08-23 13:16:53,2026-08-10 08:54:31,TURNER-11,Nylon Turner 1x72,IQD 2500,Sales,true,DELCASA,,0,0,0,0,cm,kg,,,,,,,,goods,2,,,Active,pcs,Pieces,DC1674,6294016306735,,,DC1674,IQD 1156.678889,Cost of Goods Sold,Nylon Turner 1x72,Inventory Asset,fifo,,Western International LLC,,,,10,false,Inventory,true,true,true,TURNER-11,Nylon Turner 1x72,,,,,,,,,,,,,Active,ELC,
4516918000005581786,2024-08-23 13:16:53,2026-08-10 10:26:37,TURNER-12,S/S Cake Turner1X144,IQD 4250,Sales,true,DELCASA,,0,0,0,0,cm,kg,,,,,,,,goods,2,,,Active,pcs,Pieces,DC2424,6294016314259,,,DC2424,IQD 1498.555755,Cost of Goods Sold,S/S Cake Turner1X144,Inventory Asset,fifo,,Western International LLC,,,,189,false,Inventory,true,true,true,TURNER-12,S/S Cake Turner1X144,,,,,,,,,,,,,Active,ELC,
4516918000005581799,2024-08-23 13:16:53,2026-08-10 08:54:31,SPOON-16,SS Rice Spoon 25X7.8CM1x144,IQD 4750,Sales,true,DELCASA,,0,0,0,0,cm,kg,,,,,,,,goods,2,,,Active,pcs,Pieces,DC1933,6294016309323,,,DC1933,IQD 1901.098698,Cost of Goods Sold,SS Rice Spoon 25X7.8CM1x144,Inventory Asset,fifo,,Western International LLC,,,,339,false,Inventory,true,true,true,SPOON-16,SS Rice Spoon 25X7.8CM1x144,,,,,,,,,,,,,Active,ELC,
4516918000005581812,2024-08-23 13:16:53,2026-07-30 15:24:28,SPOON-17,S/S Ice cream Scoop1X144,IQD 3000,Sales,true,DELCASA,,0,0,0,0,cm,kg,,,,,,,,goods,2,,,Active,pcs,Pieces,DC2426,6294016314273,,,DC2426,IQD 1409.638889,Cost of Goods Sold,S/S Ice cream Scoop1X144,Inventory Asset,fifo,,Western International LLC,,,,76,false,Inventory,true,true,true,SPOON-17,S/S Ice cream Scoop1X144,,,,,,,,,,,,,Active,ELC,
4516918000005581825,2024-08-23 13:16:53,2026-08-10 08:54:31,SPOON-18,Nylon Serving Spoon 1X96,IQD 3000,Sales,true,DELCASA,,0,0,0,0,cm,kg,,,,,,,,goods,2,,,Active,pcs,Pieces,DC3224,6294016322254,,,DC3224,IQD 1378.018889,Cost of Goods Sold,Nylon Serving Spoon 1X96,Inventory Asset,fifo,,Western International LLC,,,,29,false,Inventory,true,true,true,SPOON-18,Nylon Serving Spoon 1X96,,,,,,,,,,,,,Active,ELC,
4516918000005581838,2024-08-23 13:16:53,2026-08-10 08:54:31,SPOON-19,Nylon Serving Spoon 1x72,IQD 2500,Sales,true,DELCASA,,0,0,0,0,cm,kg,,,,,,,,goods,2,,,Active,pcs,Pieces,DC1677,6294016306766,,,DC1677,IQD 1140.868889,Cost of Goods Sold,Nylon Serving Spoon 1x72,Inventory Asset,fifo,,Western International LLC,,,,11,false,Inventory,true,true,true,SPOON-19,Nylon Serving Spoon 1x72,,,,,,,,,,,,,Active,ELC,
4516918000005581851,2024-08-23 13:16:53,2026-02-07 07:29:57,SERVER-1,Silicone Spaghetti Server-Blue1X100,IQD 4250,Sales,true,ROYALFORD,,0,0,0,0,cm,kg,,,,,,,,goods,2,,,Active,pcs,Pieces,RF10647,6294016422077,,,RF10647,IQD 1874.82,Cost of Goods Sold,Silicone Spaghetti Server-Blue1X100,Inventory Asset,fifo,,Western International LLC,,,,29,false,Inventory,true,true,true,SERVER-1,Silicone Spaghetti Server-Blue1X100,,,,,,,,,,,,,Discontinued,LHH,
4516918000005581864,2024-08-23 13:16:53,2026-05-09 14:16:04,LADLE-6,Silicone Soup Ladle-Blue1X100,IQD 4750,Sales,true,ROYALFORD,,0,0,0,0,cm,kg,,,,,,,,goods,2,,,Active,pcs,Pieces,RF10649,6294016422091,,,RF10649,IQD 2200.138889,Cost of Goods Sold,Silicone Soup Ladle-Blue1X100,Inventory Asset,fifo,,Western International LLC,,,,8,false,Inventory,true,true,true,LADLE-6,Silicone Soup Ladle-Blue1X100,,,,,,,,,,,,,Active,ELC,
4516918000005581877,2024-08-23 13:16:53,2026-08-10 08:54:31,LADLE-7,SS Soup Ladle 30X8.8CM1x144,IQD 6750,Sales,true,DELCASA,,0,0,0,0,cm,kg,,,,,,,,goods,2,,,Active,pcs,Pieces,DC1935,6294016309347,,,DC1935,IQD 2504.204965,Cost of Goods Sold,SS Soup Ladle 30X8.8CM1x144,Inventory Asset,fifo,,Western International LLC,,,,409,false,Inventory,true,true,true,LADLE-7,SS Soup Ladle 30X8.8CM1x144,,,,,,,,,,,,,Active,ELC,
4516918000005581890,2024-08-23 13:16:53,2026-08-10 08:54:31,LADLE-8,Nylon Soup Ladle 1X96,IQD 3000,Sales,true,DELCASA,,0,0,0,0,cm,kg,,,,,,,,goods,2,,,Active,pcs,Pieces,DC3226,6294016322278,,,DC3226,IQD 1362.208889,Cost of Goods Sold,Nylon Soup Ladle 1X96,Inventory Asset,fifo,,Western International LLC,,,,26,false,Inventory,true,true,true,LADLE-8,Nylon Soup Ladle 1X96,,,,,,,,,,,,,Active,ELC,
4516918000005581903,2024-08-23 13:16:53,2026-08-10 08:54:31,LADLE-9,Nylon Ladle 1x72,IQD 3000,Sales,true,DELCASA,,0,0,0,0,cm,kg,,,,,,,,goods,2,,,Active,pcs,Pieces,DC1676,6294016306759,,,DC1676,IQD 1157.267635,Cost of Goods Sold,Nylon Ladle 1x72,Inventory Asset,fifo,,Western International LLC,,,,98,false,Inventory,true,true,true,LADLE-9,Nylon Ladle 1x72,,,,,,,,,,,,,Active,ELC,
4516918000005581916,2024-08-23 13:16:53,2026-08-01 09:11:03,SAUCE BRUSH-1,Sauce Brush S/S Handle1X144,IQD 3750,Sales,true,DELCASA,,0,0,0,0,cm,kg,,,,,,,,goods,2,,,Active,pcs,Pieces,DC2421,6294016314228,,,DC2421,IQD 1393.176549,Cost of Goods Sold,Sauce Brush S/S Handle1X144,Inventory Asset,fifo,,Western International LLC,,,,245,false,Inventory,true,true,true,SAUCE BRUSH-1,Sauce Brush S/S Handle1X144,,,,,,,,,,,,,Active,ELC,
4516918000005581929,2024-08-23 13:16:54,2026-08-02 09:45:41,TONG-4,"12""Nylon Food Tong1X144",IQD 4750,Sales,true,DELCASA,,0,0,0,0,cm,kg,,,,,,,,goods,2,,,Active,pcs,Pieces,DC2079,6294016310800,,,DC2079,IQD 2017.864478,Cost of Goods Sold,"12""Nylon Food Tong1X144",Inventory Asset,fifo,,Western International LLC,,,,208,false,Inventory,true,true,true,TONG-4,"12""Nylon Food Tong1X144",,,,,,,,,,,,,Active,ELC,
4516918000005581942,2024-08-23 13:16:54,2026-07-27 08:34:29,SQEEZER-3,SS Lemon Squeezer 1x96,IQD 6250,Sales,true,DELCASA,,0,0,0,0,cm,kg,,,,,,,,goods,2,,,Active,pcs,Pieces,DC1505,6294016305042,,,DC1505,IQD 2301.123781,Cost of Goods Sold,SS Lemon Squeezer 1x96,Inventory Asset,fifo,,Western International LLC,,,,26,false,Inventory,true,true,true,SQEEZER-3,SS Lemon Squeezer 1x96,,,,,,,,,,,,,Active,ELC,
4516918000005581955,2024-08-23 13:16:54,2026-07-25 10:28:03,CLOTH-3,3Pc Microfiber Cleaning Cloth1X50,IQD 3000,Sales,true,ROYALFORD,,0,0,0,0,cm,kg,,,,,,,,goods,2,,,Active,pcs,Pieces,RF11078,6294016426457,,,RF11078,IQD 1077.628889,Cost of Goods Sold,3Pc Microfiber Cleaning Cloth1X50,Inventory Asset,fifo,,Western International LLC,,,,38,false,Inventory,true,true,true,CLOTH-3,3Pc Microfiber Cleaning Cloth1X50,,,,,,,,,,,,,Active,ELC,
4516918000005581968,2024-08-23 13:16:54,2026-08-10 10:26:37,CLOTH-4,5Pcs Rainbow Cleaning Cloth 1X48,IQD 2750,Sales,true,ROYALFORD,,0,0,0,0,cm,kg,,,,,,,,goods,2,,,Active,pcs,Pieces,RF11070,6294016426372,,,RF11070,IQD 1069.314638,Cost of Goods Sold,5Pcs Rainbow Cleaning Cloth 1X48,Inventory Asset,fifo,,Western International LLC,,,,99,false,Inventory,true,true,true,CLOTH-4,5Pcs Rainbow Cleaning Cloth 1X48,,,,,,,,,,,,,Active,ELC,
4516918000005581981,2024-08-23 13:16:54,2026-06-28 10:40:46,CLOTH-5,5Pc Microfiber Cleaning Cloth1X48,IQD 4250,Sales,true,ROYALFORD,,0,0,0,0,cm,kg,,,,,,,,goods,2,,,Active,pcs,Pieces,RF11076,6294016426433,,,RF11076,IQD 1814.88,Cost of Goods Sold,5Pc Microfiber Cleaning Cloth1X48,Inventory Asset,fifo,,Western International LLC,,,,5,false,Inventory,true,true,true,CLOTH-5,5Pc Microfiber Cleaning Cloth1X48,,,,,,,,,,,,,Discontinued,LHH,
4516918000005581994,2024-08-23 13:16:54,2026-08-10 13:15:36,CLOTH-6,8Pc Cleaning Cloth 1X24,IQD 2750,Sales,true,ROYALFORD,,0,0,0,0,cm,kg,,,,,,,,goods,2,,,Active,pcs,Pieces,RF11069,6294016426365,,,RF11069,IQD 1309.358159,Cost of Goods Sold,8Pc Cleaning Cloth 1X24,Inventory Asset,fifo,,Western International LLC,,,,20,false,Inventory,true,true,true,CLOTH-6,8Pc Cleaning Cloth 1X24,,,,,,,,,,,,,Active,ELC,
4516918000005582007,2024-08-23 13:16:54,2026-05-08 19:17:19,CLEANING BRUSH-1,Dish  Brush Green+Grey 1x48,IQD 2750,Sales,true,ROYALFORD,,0,0,0,0,cm,kg,,,,,,,,goods,2,,,Active,pcs,Pieces,RF11186,6294016427560,,,RF11186,IQD 1267.348889,Cost of Goods Sold,Dish  Brush Green+Grey 1x48,Inventory Asset,fifo,,Western International LLC,,,,3,false,Inventory,true,true,true,CLEANING BRUSH-1,Dish  Brush Green+Grey 1x48,,,,,,,,,,,,,Active,ELC,
4516918000005582020,2024-08-23 13:16:54,2026-08-10 10:26:37,MOPS-4,Microfiber Mop+Iron handle(YEL+BLK)1X30,IQD 9000,Sales,true,ROYALFORD,,0,0,0,0,cm,kg,,,,,,,,goods,2,,,Active,pcs,Pieces,RF12254,6294016441023,,,RF12254,IQD 4640.802301,Cost of Goods Sold,Microfiber Mop+Iron handle(YEL+BLK)1X30,Inventory Asset,fifo,,Western International LLC,,,,92,false,Inventory,true,true,true,MOPS-4,Microfiber Mop+Iron handle(YEL+BLK)1X30,,,,,,,,,,,,,Active,ELC,
4516918000005582033,2024-08-23 13:16:54,2026-07-30 13:06:54,MOPS-5,Cotton String Mop (Round) 1x30,IQD 8500,Sales,true,ROYALFORD,,0,0,0,0,cm,kg,,,,,,,,goods,2,,,Active,pcs,Pieces,RF5829,6294009943695,,,RF5829,IQD 4416.791402,Cost of Goods Sold,Cotton String Mop (Round) 1x30,Inventory Asset,fifo,,Western International LLC,,,,54,false,Inventory,true,true,true,MOPS-5,Cotton String Mop (Round) 1x30,,,,,,,,,,,,,Active,ELC,
4516918000005582046,2024-08-23 13:16:54,2026-05-08 19:17:20,BIN-2,8.5Ltr Plastic Dust Bin-Turkey1X12,IQD 10750,Sales,true,ROYALFORD,,0,0,0,0,cm,kg,,,,,,,,goods,2,,,Active,pcs,Pieces,RF10114,6294016416618,,,RF10114,IQD 5679.954587,Cost of Goods Sold,8.5Ltr Plastic Dust Bin-Turkey1X12,Inventory Asset,fifo,,Western International LLC,,,,0,false,Inventory,true,true,true,BIN-2,8.5Ltr Plastic Dust Bin-Turkey1X12,,,,,,,,,,,,,Active,ELC,
4516918000005584428,2024-08-23 13:40:30,2026-07-23 09:03:40,SPANNER-1,Open End Spanner 25X28MM 1X50,IQD 8750,Sales,true,GEEPAS TOOLZ,,0,0,0,0,cm,kg,,,,,,,,goods,2,,,Active,pcs,Pieces,GT59188,6294015517354,,,GT59188,IQD 4777.062141,Cost of Goods Sold,Open End Spanner 25X28MM 1X50,Inventory Asset,fifo,,Western International LLC,,,,23,false,Inventory,true,true,true,SPANNER-1,Open End Spanner 25X28MM 1X50,,,,,,,,,,,,,Active,ELC,
4516918000005584441,2024-08-23 13:40:30,2026-05-23 19:47:20,SPANNER-2,Open End Spanner 24X26MM 1X50,IQD 8750,Sales,true,GEEPAS TOOLZ,,0,0,0,0,cm,kg,,,,,,,,goods,2,,,Active,pcs,Pieces,GT59187,6294015517347,,,GT59187,IQD 4746.906828,Cost of Goods Sold,Open End Spanner 24X26MM 1X50,Inventory Asset,fifo,,Western International LLC,,,,66,false,Inventory,true,true,true,SPANNER-2,Open End Spanner 24X26MM 1X50,,,,,,,,,,,,,Active,ELC,
4516918000005584454,2024-08-23 13:40:30,2026-05-08 19:17:20,SPANNER-3,Open End Spanner 21X23MM 1x100,IQD 6000,Sales,true,GEEPAS TOOLZ,,0,0,0,0,cm,kg,,,,,,,,goods,2,,,Active,pcs,Pieces,GT59185,6294015517323,,,GT59185,IQD 3319.802262,Cost of Goods Sold,Open End Spanner 21X23MM 1x100,Inventory Asset,fifo,,Western International LLC,,,,33,false,Inventory,true,true,true,SPANNER-3,Open End Spanner 21X23MM 1x100,,,,,,,,,,,,,Active,ELC,
4516918000005584467,2024-08-23 13:40:30,2026-07-22 09:20:54,SPANNER-4,Open End Spanner 20X22MM 1x100,IQD 4750,Sales,true,GEEPAS TOOLZ,,0,0,0,0,cm,kg,,,,,,,,goods,2,,,Active,pcs,Pieces,GT59184,6294015517316,,,GT59184,IQD 2621.412567,Cost of Goods Sold,Open End Spanner 20X22MM 1x100,Inventory Asset,fifo,,Western International LLC,,,,45,false,Inventory,true,true,true,SPANNER-4,Open End Spanner 20X22MM 1x100,,,,,,,,,,,,,Active,ELC,
4516918000005584480,2024-08-23 13:40:31,2026-06-06 09:27:15,SPANNER-5,Combination Spanner 16MM 1x100,IQD 4000,Sales,true,GEEPAS TOOLZ,,0,0,0,0,cm,kg,,,,,,,,goods,2,,,Active,pcs,Pieces,GT59161,6294015517088,,,GT59161,IQD 2129.771488,Cost of Goods Sold,Combination Spanner 16MM 1x100,Inventory Asset,fifo,,Western International LLC,,,,34,false,Inventory,true,true,true,SPANNER-5,Combination Spanner 16MM 1x100,,,,,,,,,,,,,Active,ELC,
4516918000005584493,2024-08-23 13:40:31,2026-07-13 11:01:59,SPANNER-6,Combination Spanner 15MM 1x100,IQD 3500,Sales,true,GEEPAS TOOLZ,,0,0,0,0,cm,kg,,,,,,,,goods,2,,,Active,pcs,Pieces,GT59160,6294015517071,,,GT59160,IQD 1914.067344,Cost of Goods Sold,Combination Spanner 15MM 1x100,Inventory Asset,fifo,,Western International LLC,,,,115,false,Inventory,true,true,true,SPANNER-6,Combination Spanner 15MM 1x100,,,,,,,,,,,,,Active,ELC,
4516918000005584506,2024-08-23 13:40:31,2026-08-10 08:54:31,SPANNER-7,Combination Spanner 12MM 1x250,IQD 2750,Sales,true,GEEPAS TOOLZ,,0,0,0,0,cm,kg,,,,,,,,goods,2,,,Active,pcs,Pieces,GT59157,6294015517040,,,GT59157,IQD 1521.708546,Cost of Goods Sold,Combination Spanner 12MM 1x250,Inventory Asset,fifo,,Western International LLC,,,,85,false,Inventory,true,true,true,SPANNER-7,Combination Spanner 12MM 1x250,,,,,,,,,,,,,Active,ELC,
4516918000005584519,2024-08-23 13:40:31,2026-08-01 13:21:54,SPANNER-8,Combination Spanner 10MM 1x250,IQD 2500,Sales,true,GEEPAS TOOLZ,,0,0,0,0,cm,kg,,,,,,,,goods,2,,,Active,pcs,Pieces,GT59155,6294015517026,,,GT59155,IQD 1375.239881,Cost of Goods Sold,Combination Spanner 10MM 1x250,Inventory Asset,fifo,,Western International LLC,,,,178,false,Inventory,true,true,true,SPANNER-8,Combination Spanner 10MM 1x250,,,,,,,,,,,,,Active,ELC,
4516918000005584532,2024-08-23 13:40:31,2026-08-10 08:54:31,SPANNER-9,Combination Spanner 6MM 1x250,IQD 2500,Sales,true,GEEPAS TOOLZ,,0,0,0,0,cm,kg,,,,,,,,goods,2,,,Active,pcs,Pieces,GT59151,6294015516982,,,GT59151,IQD 1323.375196,Cost of Goods Sold,Combination Spanner 6MM 1x250,Inventory Asset,fifo,,Western International LLC,,,,43,false,Inventory,true,true,true,SPANNER-9,Combination Spanner 6MM 1x250,,,,,,,,,,,,,Active,ELC,
4516918000005584545,2024-08-23 13:40:31,2026-08-09 15:15:18,WRENCH-1,"Adjustable Wrench 12"" 1X24",IQD 11750,Sales,true,GEEPAS TOOLZ,,0,0,0,0,cm,kg,,,,,,,,goods,2,,,Active,pcs,Pieces,GT59225,6294015519907,,,GT59225,IQD 6753.241749,Cost of Goods Sold,"Adjustable Wrench 12"" 1X24",Inventory Asset,fifo,,Western International LLC,,,,80,false,Inventory,true,true,true,WRENCH-1,"Adjustable Wrench 12"" 1X24",,,,,,,,,,,,,Active,ELC,
4516918000005584558,2024-08-23 13:40:31,2026-08-10 08:54:31,SCREW DRIVER-1,Screw Driver 1X60,IQD 2250,Sales,true,GEEPAS TOOLZ,,0,0,0,0,cm,kg,,,,,,,,goods,2,,,Active,pcs,Pieces,GT7640,6294015502633,,,GT7640,IQD 1222.533482,Cost of Goods Sold,Screw Driver 1X60,Inventory Asset,fifo,,Western International LLC,,,,16,false,Inventory,true,true,true,SCREW DRIVER-1,Screw Driver 1X60,,,,,,,,,,,,,Active,ELC,
4516918000005584571,2024-08-23 13:40:31,2026-08-10 08:54:31,SCREW DRIVER-2,Screwdriver SL 4X125MM 1X240,IQD 2000,Sales,true,GEEPAS TOOLZ,,0,0,0,0,cm,kg,,,,,,,,goods,2,,,Active,pcs,Pieces,GT59086,6294015515770,,,GT59086,IQD 979.728793,Cost of Goods Sold,Screwdriver SL 4X125MM 1X240,Inventory Asset,fifo,,Western International LLC,,,,34,false,Inventory,true,true,true,SCREW DRIVER-2,Screwdriver SL 4X125MM 1X240,,,,,,,,,,,,,Active,ELC,
4516918000005584584,2024-08-23 13:40:31,2026-07-17 12:47:21,HAND SAW-1,"Hand Saw 16"" TPR Handle 1X60",IQD 7750,Sales,true,GEEPAS TOOLZ,,0,0,0,0,cm,kg,,,,,,,,goods,2,,,Active,pcs,Pieces,GT59215,6294015520002,,,GT59215,IQD 4268.885392,Cost of Goods Sold,"Hand Saw 16"" TPR Handle 1X60",Inventory Asset,fifo,,Western International LLC,,,,76,false,Inventory,true,true,true,HAND SAW-1,"Hand Saw 16"" TPR Handle 1X60",,,,,,,,,,,,,Active,ELC,
4516918000005584597,2024-08-23 13:40:31,2026-07-22 09:20:54,PLIER-1,"Long Nose Plier 8"" 1x36",IQD 7750,Sales,true,GEEPAS TOOLZ,,0,0,0,0,cm,kg,,,,,,,,goods,2,,,Active,pcs,Pieces,GT59110,6294015516012,,,GT59110,IQD 3592.243369,Cost of Goods Sold,"Long Nose Plier 8"" 1x36",Inventory Asset,fifo,,Western International LLC,,,,102,false,Inventory,true,true,true,PLIER-1,"Long Nose Plier 8"" 1x36",,,,,,,,,,,,,Active,ELC,
4516918000005584610,2024-08-23 13:40:31,2026-08-02 15:09:41,PLIER-2,"Combination Plier 7"" 1x50",IQD 7750,Sales,true,GEEPAS TOOLZ,,0,0,0,0,cm,kg,,,,,,,,goods,2,,,Active,pcs,Pieces,GT59108,6294015515992,,,GT59108,IQD 3676.94499,Cost of Goods Sold,"Combination Plier 7"" 1x50",Inventory Asset,fifo,,Western International LLC,,,,105,false,Inventory,true,true,true,PLIER-2,"Combination Plier 7"" 1x50",,,,,,,,,,,,,Active,ELC,
4516918000005584623,2024-08-23 13:40:31,2026-08-09 15:51:44,TAPE-1,3m x16mm Tape-ABS Body 1X80,IQD 2750,Sales,true,GEEPAS TOOLZ,,0,0,0,0,cm,kg,,,,,,,,goods,2,,,Active,pcs,Pieces,GT59129,6294015516562,,,GT59129,IQD 1194.683896,Cost of Goods Sold,3m x16mm Tape-ABS Body 1X80,Inventory Asset,fifo,,Western International LLC,,,,237,false,Inventory,true,true,true,TAPE-1,3m x16mm Tape-ABS Body 1X80,,,,,,,,,,,,,Active,ELC,
4516918000005584636,2024-08-23 13:40:31,2026-07-19 11:21:16,UTILITY KNIFE-1,Quick Change Utility Knife 1X96,IQD 4750,Sales,true,GEEPAS TOOLZ,,0,0,0,0,cm,kg,,,,,,,,goods,2,,,Active,pcs,Pieces,GT59233,6294016354767,,,GT59233,IQD 2222.754685,Cost of Goods Sold,Quick Change Utility Knife 1X96,Inventory Asset,fifo,,Western International LLC,,,,116,false,Inventory,true,true,true,UTILITY KNIFE-1,Quick Change Utility Knife 1X96,,,,,,,,,,,,,Active,ELC,
4516918000005584649,2024-08-23 13:40:31,2026-08-09 15:51:44,SCRAPER-2,Scraper - 4'' 1x240,IQD 2000,Sales,true,GEEPAS TOOLZ,,0,0,0,0,cm,kg,,,,,,,,goods,2,,,Active,pcs,Pieces,GT59275,6294015544497,,,GT59275,IQD 687.671449,Cost of Goods Sold,Scraper - 4'' 1x240,Inventory Asset,fifo,,Western International LLC,,,,30,false,Inventory,true,true,true,SCRAPER-2,Scraper - 4'' 1x240,,,,,,,,,,,,,Active,ELC,
4516918000005584662,2024-08-23 13:40:32,2026-08-10 08:54:31,HEX KEY-1,Long Hex key Set - Ball end 1x40,IQD 7750,Sales,true,GEEPAS TOOLZ,,0,0,0,0,cm,kg,,,,,,,,goods,2,,,Active,pcs,Pieces,GT61178,6294015562422,,,GT61178,IQD 3351.424985,Cost of Goods Sold,Long Hex key Set - Ball end 1x40,Inventory Asset,fifo,,Western International LLC,,,,97,false,Inventory,true,true,true,HEX KEY-1,Long Hex key Set - Ball end 1x40,,,,,,,,,,,,,Active,ELC,
4516918000005584675,2024-08-23 13:40:32,2026-08-10 08:54:31,PRUNER-1,Garden Pruner Fibre Handle - 200mm 1x50,IQD 7750,Sales,true,GEEPAS TOOLZ,,0,0,0,0,cm,kg,,,,,,,,goods,2,,,Active,pcs,Pieces,GT59279,6294015544534,,,GT59279,IQD 3849.041911,Cost of Goods Sold,Garden Pruner Fibre Handle - 200mm 1x50,Inventory Asset,fifo,,Western International LLC,,,,115,false,Inventory,true,true,true,PRUNER-1,Garden Pruner Fibre Handle - 200mm 1x50,,,,,,,,,,,,,Active,ELC,
4516918000005584688,2024-08-23 13:40:32,2026-08-10 08:54:31,PLIER-3,"Diagonal Cutting Plier - 7"" 1x48",IQD 7750,Sales,true,GEEPAS TOOLZ,,0,0,0,0,cm,kg,,,,,,,,goods,2,,,Active,pcs,Pieces,GT59324,6294015553802,,,GT59324,IQD 3739.136156,Cost of Goods Sold,"Diagonal Cutting Plier - 7"" 1x48",Inventory Asset,fifo,,Western International LLC,,,,50,false,Inventory,true,true,true,PLIER-3,"Diagonal Cutting Plier - 7"" 1x48",,,,,,,,,,,,,Active,ELC,
4516918000005584701,2024-08-23 13:40:32,2026-08-10 08:54:31,SCREW DRIVER-3,VDE Screwdriver SL 2.5x75mm 1x360,IQD 2250,Sales,true,GEEPAS TOOLZ,,0,0,0,0,cm,kg,,,,,,,,goods,2,,,Active,pcs,Pieces,GT59424,6294015564358,,,GT59424,IQD 1231.937246,Cost of Goods Sold,VDE Screwdriver SL 2.5x75mm 1x360,Inventory Asset,fifo,,Western International LLC,,,,14,false,Inventory,true,true,true,SCREW DRIVER-3,VDE Screwdriver SL 2.5x75mm 1x360,,,,,,,,,,,,,Active,ELC,
4516918000005584714,2024-08-23 13:40:32,2026-08-09 13:01:54,SCREW DRIVER-4,VDE Screwdriver PH2x100mm 1x144,IQD 3250,Sales,true,GEEPAS TOOLZ,,0,0,0,0,cm,kg,,,,,,,,goods,2,,,Active,pcs,Pieces,GT59433,6294015564440,,,GT59433,IQD 1783.34869,Cost of Goods Sold,VDE Screwdriver PH2x100mm 1x144,Inventory Asset,fifo,,Western International LLC,,,,32,false,Inventory,true,true,true,SCREW DRIVER-4,VDE Screwdriver PH2x100mm 1x144,,,,,,,,,,,,,Active,ELC,
4516918000005584727,2024-08-23 13:40:32,2026-08-09 15:51:44,SCREW DRIVER-5,VDE Screwdriver PH0x60mm 1x360,IQD 2250,Sales,true,GEEPAS TOOLZ,,0,0,0,0,cm,kg,,,,,,,,goods,2,,,Active,pcs,Pieces,GT59431,6294015564426,,,GT59431,IQD 1257.784658,Cost of Goods Sold,VDE Screwdriver PH0x60mm 1x360,Inventory Asset,fifo,,Western International LLC,,,,50,false,Inventory,true,true,true,SCREW DRIVER-5,VDE Screwdriver PH0x60mm 1x360,,,,,,,,,,,,,Active,ELC,
4516918000005584744,2024-08-23 13:40:32,2026-08-12 10:32:35,SOCKET-5,"2-way universal  + 2-way USB 
1x36",IQD 17000,Sales,true,EPSILON,,0,0,0,0,cm,kg,,,,,,,,goods,2,,,Active,pcs,Pieces,ES1113,6294015644296,,,ES1113,IQD 6618.84726,Cost of Goods Sold,"2-way universal  + 2-way USB 
1x36",Inventory Asset,fifo,,Western International LLC,,,,7,false,Inventory,true,true,true,SOCKET-5,"2-way universal  + 2-way USB 
1x36",,,,,,,,,,,,,Active,ELC,
4516918000005584757,2024-08-23 13:40:32,2026-06-06 09:27:15,NOZZLE-1,Metal Spray Type 1x36,IQD 7750,Sales,true,EPSILON,,0,0,0,0,cm,kg,,,,,,,,goods,2,,,Active,pcs,Pieces,EPS1317,6294015648072,,,EPS1317,IQD 3616.294667,Cost of Goods Sold,Metal Spray Type 1x36,Inventory Asset,fifo,,Western International LLC,,,,10,false,Inventory,true,true,true,NOZZLE-1,Metal Spray Type 1x36,,,,,,,,,,,,,Active,ELC,
4516918000005584770,2024-08-23 13:40:32,2026-05-08 19:17:24,NOZZLE-2,1/2'' nozzle set-4pcs 1x48,IQD 4250,Sales,true,EPSILON,,0,0,0,0,cm,kg,,,,,,,,goods,2,,,Active,pcs,Pieces,EPS1333,6294015648232,,,EPS1333,IQD 1861.646875,Cost of Goods Sold,1/2'' nozzle set-4pcs 1x48,Inventory Asset,fifo,,Western International LLC,,,,0,false,Inventory,true,true,true,NOZZLE-2,1/2'' nozzle set-4pcs 1x48,,,,,,,,,,,,,Active,ELC,
4516918000005584783,2024-08-23 13:40:32,2026-07-21 15:53:14,BLADE-1,"Steel blade, polished surface,steel handle. 1x72",IQD 5500,Sales,true,EPSILON,,0,0,0,0,cm,kg,,,,,,,,goods,2,,,Active,pcs,Pieces,EPSGT1350,6294015648409,,,EPSGT1350,IQD 2358.2382,Cost of Goods Sold,"Steel blade, polished surface,steel handle. 1x72",Inventory Asset,fifo,,Western International LLC,,,,190,false,Inventory,true,true,true,BLADE-1,"Steel blade, polished surface,steel handle. 1x72",,,,,,,,,,,,,Active,ELC,
4516918000005584796,2024-08-23 13:40:32,2026-05-08 19:17:24,TROWEL-1,"A3 material with black plastic coated treatment,PP+TPR handle 1x120",IQD 3750,Sales,true,EPSILON,,0,0,0,0,cm,kg,,,,,,,,goods,2,,,Active,pcs,Pieces,EPSGT1357,6294015648478,,,EPSGT1357,IQD 1710.0282,Cost of Goods Sold,"A3 material with black plastic coated treatment,PP+TPR handle 1x120",Inventory Asset,fifo,,Western International LLC,,,,0,false,Inventory,true,true,true,TROWEL-1,"A3 material with black plastic coated treatment,PP+TPR handle 1x120",,,,,,,,,,,,,Active,ELC,
4516918000005584809,2024-08-23 13:40:32,2026-08-08 12:29:20,KEY TAG-1,Key Tag-5Pcs 1x240,IQD 1750,Sales,true,EPSILON,,0,0,0,0,cm,kg,,,,,,,,goods,2,,,Active,pcs,Pieces,EPSNS1421,6294015649116,,,EPSNS1421,IQD 698.1882,Cost of Goods Sold,Key Tag-5Pcs 1x240,Inventory Asset,fifo,,Western International LLC,,,,13,false,Inventory,true,true,true,KEY TAG-1,Key Tag-5Pcs 1x240,,,,,,,,,,,,,Active,ELC,
4516918000005584822,2024-08-23 13:40:32,2026-08-09 15:51:44,SCREW DRIVER-6,Screwdriver Slotted 3x75mm,IQD 1250,Sales,true,EPSILON,,0,0,0,0,cm,kg,,,,,,,,goods,2,,,Active,pcs,Pieces,ET1115,6294015644319,,,ET1115,IQD 671.814506,Cost of Goods Sold,Screwdriver Slotted 3x75mm,Inventory Asset,fifo,,Western International LLC,,,,68,false,Inventory,true,true,true,SCREW DRIVER-6,Screwdriver Slotted 3x75mm,,,,,,,,,,,,,Active,ELC,
4516918000005584835,2024-08-23 13:40:32,2026-06-27 21:11:21,SCREW DRIVER-7,Screwdriver Slotted 4x100mm,IQD 2500,Sales,true,EPSILON,,0,0,0,0,cm,kg,,,,,,,,goods,2,,,Active,pcs,Pieces,ET1116,6294015644326,,,ET1116,IQD 887.9082,Cost of Goods Sold,Screwdriver Slotted 4x100mm,Inventory Asset,fifo,,Western International LLC,,,,86,false,Inventory,true,true,true,SCREW DRIVER-7,Screwdriver Slotted 4x100mm,,,,,,,,,,,,,Active,ELC,
4516918000005584848,2024-08-23 13:40:32,2026-07-28 15:22:43,SCREW DRIVER-8,Screwdriver Slotted 6x38mm,IQD 1500,Sales,true,EPSILON,,0,0,0,0,cm,kg,,,,,,,,goods,2,,,Active,pcs,Pieces,ET1118,6294015644340,,,ET1118,IQD 719.096356,Cost of Goods Sold,Screwdriver Slotted 6x38mm,Inventory Asset,fifo,,Western International LLC,,,,143,false,Inventory,true,true,true,SCREW DRIVER-8,Screwdriver Slotted 6x38mm,,,,,,,,,,,,,Active,ELC,
4516918000005584861,2024-08-23 13:40:32,2026-08-09 15:51:44,SCREW DRIVER-9,Screwdriver Slotted 6x150mm,IQD 3000,Sales,true,EPSILON,,0,0,0,0,cm,kg,,,,,,,,goods,2,,,Active,pcs,Pieces,ET1120,6294015644364,,,ET1120,IQD 1283.1582,Cost of Goods Sold,Screwdriver Slotted 6x150mm,Inventory Asset,fifo,,Western International LLC,,,,132,false,Inventory,true,true,true,SCREW DRIVER-9,Screwdriver Slotted 6x150mm,,,,,,,,,,,,,Active,ELC,
4516918000005584874,2024-08-23 13:40:33,2026-07-22 09:20:54,SCREW DRIVER-10,Screwdriver  Phillips Ph1*100mm,IQD 2000,Sales,true,EPSILON,,0,0,0,0,cm,kg,,,,,,,,goods,2,,,Active,pcs,Pieces,ET1122,6294015644388,,,ET1122,IQD 1069.707965,Cost of Goods Sold,Screwdriver  Phillips Ph1*100mm,Inventory Asset,fifo,,Western International LLC,,,,0,false,Inventory,true,true,true,SCREW DRIVER-10,Screwdriver  Phillips Ph1*100mm,,,,,,,,,,,,,Active,ELC,
4516918000005584887,2024-08-23 13:40:33,2026-05-08 19:17:25,SCREW DRIVER-11,Screwdriver  Phillips Ph1*75mm,IQD 1750,Sales,true,EPSILON,,0,0,0,0,cm,kg,,,,,,,,goods,2,,,Active,pcs,Pieces,ET1125,6294015644418,,,ET1125,IQD 861.154731,Cost of Goods Sold,Screwdriver  Phillips Ph1*75mm,Inventory Asset,fifo,,Western International LLC,,,,0,false,Inventory,true,true,true,SCREW DRIVER-11,Screwdriver  Phillips Ph1*75mm,,,,,,,,,,,,,Active,ELC,
4516918000005584900,2024-08-23 13:40:33,2026-08-09 15:51:44,SCREW DRIVER-12,Screwdriver Phillips Ph3*150mm,IQD 3500,Sales,true,EPSILON,,0,0,0,0,cm,kg,,,,,,,,goods,2,,,Active,pcs,Pieces,ET1126,6294015644425,,,ET1126,IQD 1405.51675,Cost of Goods Sold,Screwdriver Phillips Ph3*150mm,Inventory Asset,fifo,,Western International LLC,,,,102,false,Inventory,true,true,true,SCREW DRIVER-12,Screwdriver Phillips Ph3*150mm,,,,,,,,,,,,,Active,ELC,
4516918000005584913,2024-08-23 13:40:33,2026-07-17 12:47:21,GLUE GUN-1,Glue Gun -Small 1x48,IQD 6500,Sales,true,EPSILON,,0,0,0,0,cm,kg,,,,,,,,goods,2,,,Active,pcs,Pieces,EPSGG1430,6294015649208,,,EPSGG1430,IQD 2819.2764,Cost of Goods Sold,Glue Gun -Small 1x48,Inventory Asset,fifo,,Western International LLC,,,,3,false,Inventory,true,true,true,GLUE GUN-1,Glue Gun -Small 1x48,,,,,,,,,,,,,Active,ELC,
4516918000005584926,2024-08-23 13:40:33,2026-05-08 19:17:25,GLUE STICK-1,Glue Stick -Small 1x200,IQD 1500,Sales,true,EPSILON,,0,0,0,0,cm,kg,,,,,,,,goods,2,,,Active,pcs,Pieces,EPSGS1432,6294015649222,,,EPSGS1432,IQD 603.3282,Cost of Goods Sold,Glue Stick -Small 1x200,Inventory Asset,fifo,,Western International LLC,,,,0,false,Inventory,true,true,true,GLUE STICK-1,Glue Stick -Small 1x200,,,,,,,,,,,,,Active,ELC,
4516918000005584939,2024-08-23 13:40:33,2026-08-02 15:09:41,TAPE-2," Duct Tape 2""x13Y 1x144",IQD 2500,Sales,true,EPSILON,,0,0,0,0,cm,kg,,,,,,,,goods,2,,,Active,pcs,Pieces,EPS1342,6294015648324,,,EPS1342,IQD 1095.9864,Cost of Goods Sold," Duct Tape 2""x13Y 1x144",Inventory Asset,fifo,,Western International LLC,,,,39,false,Inventory,true,true,true,TAPE-2," Duct Tape 2""x13Y 1x144",,,,,,,,,,,,,Active,ELC,
4516918000005584952,2024-08-23 13:40:33,2026-08-03 08:46:25,TAPE-3,"White Paper Tape 2""x25Y 1x144",IQD 2500,Sales,true,EPSILON,,0,0,0,0,cm,kg,,,,,,,,goods,2,,,Active,pcs,Pieces,EPS1345,6294015648355,,,EPS1345,IQD 1048.5564,Cost of Goods Sold,"White Paper Tape 2""x25Y 1x144",Inventory Asset,fifo,,Western International LLC,,,,82,false,Inventory,true,true,true,TAPE-3,"White Paper Tape 2""x25Y 1x144",,,,,,,,,,,,,Active,ELC,
4516918000005711001,2024-09-03 14:24:41,2026-03-28 11:00:56,EXTENSION SOCKET-5,4 Way Extension Board VDE Plug,IQD 11500,Sales,true,GEEPAS,,0,0,0,0,cm,kg,,,,,,,,goods,1,,,Active,pcs,Pieces,GES4003-VDE,6294001726456,,,GES4003-VDE,IQD 6570,Cost of Goods Sold,4 Way Extension Board VDE Plug,Inventory Asset,fifo,,Western International LLC,,,,0,false,Inventory,true,true,true,EXTENSION SOCKET-5,4 Way Extension Board VDE Plug,,,,,,,,,,,,,Clearance,LHH,
4516918000005711022,2024-09-03 14:30:20,2026-07-28 14:53:17,PEELER-11,"tainless Steel Fish Peeler with PP Handle,",IQD 3500,Sales,true,DELCASA,,0,0,0,0,cm,kg,,,,,,,,goods,1,,,Active,pcs,Pieces,DC1931,6294016309309,,,DC1931,IQD 1295.341415,Cost of Goods Sold,"tainless Steel Fish Peeler with PP Handle,",Inventory Asset,fifo,,Western International LLC,,,,448,false,Inventory,true,true,true,PEELER-11,"tainless Steel Fish Peeler with PP Handle,",,,,,,,,,,,,,Active,ELC,
4516918000007342185,2024-11-24 18:55:07,2026-08-10 13:33:53,IRON-5,Steam Iron 3100W -1x6,IQD 64000,Sales,true,GEEPAS,,0,0,0,0,cm,kg,,,,,,,,goods,2,,,Active,pcs,Pieces,GSI24026,6294015563924,0,0,GSI24026,IQD 30511.40509,Cost of Goods Sold,Steam Iron 3100W -1x6,Inventory Asset,fifo,,Western International LLC,,,,156,false,Inventory,true,true,true,IRON-5,Steam Iron 3100W -1x6,,,,,,,,,,,,,Active,ELC,
4516918000007342198,2024-11-24 18:55:07,2026-08-10 08:54:31,IRON-6,Steam Station Iron 2400W-1X1,IQD 110000,Sales,true,GEEPAS,,0,0,0,0,cm,kg,,,,,,,,goods,2,,,Active,pcs,Pieces,GSI24032UK,6294015568424,0,0,GSI24032UK,IQD 59713.18688,Cost of Goods Sold,Steam Station Iron 2400W-1X1,Inventory Asset,fifo,,Western International LLC,,,,11,false,Inventory,true,true,true,IRON-6,Steam Station Iron 2400W-1X1,,,,,,,,,,,,,Active,ELC,
4516918000007342211,2024-11-24 18:55:07,2026-08-10 13:33:53,IRON-7,"1800W Multifunctional Steam Iron 120 ML - 1x12
",IQD 25000,Sales,true,GEEPAS,,0,0,0,0,cm,kg,,,,,,,,goods,2,,,Active,pcs,Pieces,GSI7783,6294010887902,0,0,GSI7783,IQD 10614.30427,Cost of Goods Sold,"1800W Multifunctional Steam Iron 120 ML - 1x12
",Inventory Asset,fifo,,Western International LLC,,,,37,false,Inventory,true,true,true,IRON-7,"1800W Multifunctional Steam Iron 120 ML - 1x12
",,,,,,,,,,,,,Active,ELC,
4516918000007342224,2024-11-24 18:55:07,2026-04-19 10:48:18,IRON-8,Automatic Dry Iron 1200W-1X6,IQD 28000,Sales,true,GEEPAS,,0,0,0,0,cm,kg,,,,,,,,goods,2,,,Active,pcs,Pieces,GDI2780,6294001713067,0,0,GDI2780,IQD 13680,Cost of Goods Sold,Automatic Dry Iron 1200W-1X6,Inventory Asset,fifo,,Western International LLC,,,,10,false,Inventory,true,true,true,IRON-8,Automatic Dry Iron 1200W-1X6,,,,,,,,,,,,,Clearance,LHH,
4516918000007342237,2024-11-24 18:55:07,2026-08-10 13:39:03,VACUUM CLEANER-10,Stick and Handheld Vacuum Cleaner - 1X4,IQD 79000,Sales,true,GEEPAS,,0,0,0,0,cm,kg,,,,,,,,goods,2,,,Active,pcs,Pieces,GVC19036,6294015562934,0,0,GVC19036,IQD 38115.84333,Cost of Goods Sold,Stick and Handheld Vacuum Cleaner - 1X4,Inventory Asset,fifo,,Western International LLC,,,,39,false,Inventory,true,true,true,VACUUM CLEANER-10,Stick and Handheld Vacuum Cleaner - 1X4,,,,,,,,,,,,,Active,ELC,
4516918000007342250,2024-11-24 18:55:07,2026-07-18 09:24:59,WATER DISPENSER-3,Water Dispenser Desktop Type- 1x2,IQD 146000,Sales,true,GEEPAS,,0,0,0,0,cm,kg,,,,,,,,goods,2,,,Active,pcs,Pieces,GWD17022,6294015567717,0,0,GWD17022,IQD 91465.34514,Cost of Goods Sold,Water Dispenser Desktop Type- 1x2,Inventory Asset,fifo,,Western International LLC,,,,13,false,Inventory,true,true,true,WATER DISPENSER-3,Water Dispenser Desktop Type- 1x2,,,,,,,,,,,,,Active,ELC,
4516918000007342263,2024-11-24 18:55:07,2026-08-12 11:00:19,BUG KILLER-2,Insect Killer - 6W -1X20,IQD 24000,Sales,true,GEEPAS,,0,0,0,0,cm,kg,,,,,,,,goods,2,,,Active,pcs,Pieces,GBK1149,6294010888138,0,0,GBK1149,IQD 10674,Cost of Goods Sold,Insect Killer - 6W -1X20,Inventory Asset,fifo,,Western International LLC,,,,46,false,Inventory,true,true,true,BUG KILLER-2,Insect Killer - 6W -1X20,,,,,,,,,,,,,Active,ELC,
4516918000007342276,2024-11-24 18:55:07,2026-08-12 11:00:19,JUICE EXTRACTOR-4,SS Citrus Juicer - 1x12,IQD 69000,Sales,true,GEEPAS,,0,0,0,0,cm,kg,,,,,,,,goods,2,,,Active,pcs,Pieces,GCJ46018,6294015551358,0,0,GCJ46018,IQD 33935.94308,Cost of Goods Sold,SS Citrus Juicer - 1x12,Inventory Asset,fifo,,Western International LLC,,,,67,false,Inventory,true,true,true,JUICE EXTRACTOR-4,SS Citrus Juicer - 1x12,,,,,,,,,,,,,Active,ELC,
4516918000007342289,2024-11-24 18:55:07,2026-07-28 11:41:10,COFFEE MAKER-6,Electric Coffee Maker 1x6,IQD 29000,Sales,true,GEEPAS,,0,0,0,0,cm,kg,,,,,,,,goods,2,,,Active,pcs,Pieces,GCM41508,6294015528862,0,0,GCM41508,IQD 16349.05556,Cost of Goods Sold,Electric Coffee Maker 1x6,Inventory Asset,fifo,,Western International LLC,,,,7,false,Inventory,true,true,true,COFFEE MAKER-6,Electric Coffee Maker 1x6,,,,,,,,,,,,,Active,ELC,
4516918000007342302,2024-11-24 18:55:07,2026-07-22 09:20:54,BLENDER-8,Blender 400W-4in1 -1x8,IQD 36000,Sales,true,GEEPAS,,0,0,0,0,cm,kg,,,,,,,,goods,2,,,Active,pcs,Pieces,GHB43023,6294015517903,0,0,GHB43023,IQD 19890,Cost of Goods Sold,Blender 400W-4in1 -1x8,Inventory Asset,fifo,,Western International LLC,,,,14,false,Inventory,true,true,true,BLENDER-8,Blender 400W-4in1 -1x8,,,,,,,,,,,,,Clearance,LHH,
4516918000007342315,2024-11-24 18:55:07,2026-05-12 10:43:30,HAND BLENDER-6,Hand Blender 200W-1X16,IQD 19000,Sales,true,GEEPAS,,0,0,0,0,cm,kg,,,,,,,,goods,2,,,Active,pcs,Pieces,GHB5467,6294010888145,0,0,GHB5467,IQD 8715,Cost of Goods Sold,Hand Blender 200W-1X16,Inventory Asset,fifo,,Western International LLC,,,,18,false,Inventory,true,true,true,HAND BLENDER-6,Hand Blender 200W-1X16,,,,,,,,,,,,,Clearance,LHH,
4516918000007342328,2024-11-24 18:55:07,2026-08-11 11:58:46,BLENDER-9,Stainless Steel Blender-2in1 - 1.5 L 700W -1x6,IQD 69000,Sales,true,GEEPAS,,0,0,0,0,cm,kg,,,,,,,,goods,2,,,Active,pcs,Pieces,GSB44076UK,6294015530025,0,0,GSB44076UK,IQD 34629.99667,Cost of Goods Sold,Stainless Steel Blender-2in1 - 1.5 L 700W -1x6,Inventory Asset,fifo,,Western International LLC,,,,46,false,Inventory,true,true,true,BLENDER-9,Stainless Steel Blender-2in1 - 1.5 L 700W -1x6,,,,,,,,,,,,,Active,ELC,
4516918000007342341,2024-11-24 18:55:07,2026-08-10 08:54:31,DOUGH MIXER-1,Dough Mixer 2000W -1x1,IQD 218000,Sales,true,GEEPAS,,0,0,0,0,cm,kg,,,,,,,,goods,2,,,Active,pcs,Pieces,GSM43041,6294015530438,0,0,GSM43041,IQD 143968.3267,Cost of Goods Sold,Dough Mixer 2000W -1x1,Inventory Asset,fifo,,Western International LLC,,,,16,false,Inventory,true,true,true,DOUGH MIXER-1,Dough Mixer 2000W -1x1,,,,,,,,,,,,,Active,ELC,
4516918000007342354,2024-11-24 18:55:07,2026-08-06 18:48:39,PROFESSIONAL SPEAKER-6,Rechargeable Professional Speaker-1x1,IQD 348000,Sales,true,GEEPAS,,0,0,0,0,cm,kg,,,,,,,,goods,2,,,Active,pcs,Pieces,GMS11170,6294015535150,0,0,GMS11170,IQD 228727.2,Cost of Goods Sold,Rechargeable Professional Speaker-1x1,Inventory Asset,fifo,,Western International LLC,,,,16,false,Inventory,true,true,true,PROFESSIONAL SPEAKER-6,Rechargeable Professional Speaker-1x1,,,,,,,,,,,,,Clearance,LHH,
4516918000007342761,2024-11-24 21:22:47,2026-08-09 15:51:44,PEELER-12,SS Triangle Peeler-1X144,IQD 4000,Sales,true,DELCASA,,0,0,0,0,cm,kg,,,,,,,,goods,2,,,Active,pcs,Pieces,DC2418,6294016314198,,,DC2418,IQD 1510.73651,Cost of Goods Sold,SS Triangle Peeler-1X144,Inventory Asset,fifo,,Western International LLC,,,,212,false,Inventory,true,true,true,PEELER-12,SS Triangle Peeler-1X144,,,,,,,,,,,,,Active,ELC,
4516918000007342774,2024-11-24 21:22:47,2026-05-08 19:17:28,KNIFE-27,SS Knife Sharpener-1X72,IQD 5500,Sales,true,DELCASA,,0,0,0,0,cm,kg,,,,,,,,goods,2,,,Active,pcs,Pieces,DC2500,6294016315010,,,DC2500,IQD 2383.362794,Cost of Goods Sold,SS Knife Sharpener-1X72,Inventory Asset,fifo,,Western International LLC,,,,12,false,Inventory,true,true,true,KNIFE-27,SS Knife Sharpener-1X72,,,,,,,,,,,,,Active,ELC,
4516918000007342787,2024-11-24 21:22:47,2026-08-09 15:51:44,GRATER-5,SS Grater-1X72,IQD 6750,Sales,true,DELCASA,,0,0,0,0,cm,kg,,,,,,,,goods,2,,,Active,pcs,Pieces,DC1660,6294016306599,,,DC1660,IQD 2722.471995,Cost of Goods Sold,SS Grater-1X72,Inventory Asset,fifo,,Western International LLC,,,,382,false,Inventory,true,true,true,GRATER-5,SS Grater-1X72,,,,,,,,,,,,,Active,ELC,
4516918000007342800,2024-11-24 21:22:47,2026-08-10 08:54:31,TURNER-13,Nylon Slotted Turner-1x72,IQD 2750,Sales,true,DELCASA,,0,0,0,0,cm,kg,,,,,,,,goods,2,,,Active,pcs,Pieces,DC1675,6294016306742,,,DC1675,IQD 1146.448889,Cost of Goods Sold,Nylon Slotted Turner-1x72,Inventory Asset,fifo,,Western International LLC,,,,32,false,Inventory,true,true,true,TURNER-13,Nylon Slotted Turner-1x72,,,,,,,,,,,,,Active,ELC,
4516918000007342813,2024-11-24 21:22:47,2026-07-24 22:04:21,BOTTLE OPENER-3,SS Bottle Opener-1X144,IQD 3500,Sales,true,DELCASA,,0,0,0,0,cm,kg,,,,,,,,goods,2,,,Active,pcs,Pieces,DC1923,6294016309224,,,DC1923,IQD 1504.498889,Cost of Goods Sold,SS Bottle Opener-1X144,Inventory Asset,fifo,,Western International LLC,,,,69,false,Inventory,true,true,true,BOTTLE OPENER-3,SS Bottle Opener-1X144,,,,,,,,,,,,,Active,ELC,
4516918000007342826,2024-11-24 21:22:47,2026-08-02 15:09:41,GRATER-6,"SS Grater,26.5X6CM-1x144",IQD 3750,Sales,true,DELCASA,,0,0,0,0,cm,kg,,,,,,,,goods,2,,,Active,pcs,Pieces,DC1930,6294016309293,,,DC1930,IQD 1387.022404,Cost of Goods Sold,"SS Grater,26.5X6CM-1x144",Inventory Asset,fifo,,Western International LLC,,,,188,false,Inventory,true,true,true,GRATER-6,"SS Grater,26.5X6CM-1x144",,,,,,,,,,,,,Active,ELC,
4516918000007342839,2024-11-24 21:22:47,2026-08-09 15:51:44,SAUCE BRUSH-2,Silicon Spatula And Brush-1X72,IQD 5750,Sales,true,DELCASA,,0,0,0,0,cm,kg,,,,,,,,goods,2,,,Active,pcs,Pieces,DC2077,6294016310787,,,DC2077,IQD 2212.151308,Cost of Goods Sold,Silicon Spatula And Brush-1X72,Inventory Asset,fifo,,Western International LLC,,,,120,false,Inventory,true,true,true,SAUCE BRUSH-2,Silicon Spatula And Brush-1X72,,,,,,,,,,,,,Active,ELC,
4516918000007342852,2024-11-24 21:22:47,2026-07-30 15:24:28,SAUCE BRUSH-3,"Nylon Brush, SS with PP Handle-1X144",IQD 3750,Sales,true,DELCASA,,0,0,0,0,cm,kg,,,,,,,,goods,2,,,Active,pcs,Pieces,DC1924,6294016309231,,,DC1924,IQD 1345.047975,Cost of Goods Sold,"Nylon Brush, SS with PP Handle-1X144",Inventory Asset,fifo,,Western International LLC,,,,132,false,Inventory,true,true,true,SAUCE BRUSH-3,"Nylon Brush, SS with PP Handle-1X144",,,,,,,,,,,,,Active,ELC,
4516918000007342865,2024-11-24 21:22:47,2026-08-01 09:11:03,TONG-5,9-inch Nylon Tong-1x144,IQD 4500,Sales,true,DELCASA,,0,0,0,0,cm,kg,,,,,,,,goods,2,,,Active,pcs,Pieces,DC2078,6294016310794,,,DC2078,IQD 1759.269312,Cost of Goods Sold,9-inch Nylon Tong-1x144,Inventory Asset,fifo,,Western International LLC,,,,297,false,Inventory,true,true,true,TONG-5,9-inch Nylon Tong-1x144,,,,,,,,,,,,,Active,ELC,
4516918000007342878,2024-11-24 21:22:47,2026-06-28 10:40:46,KNIFE-28," 3.5"" Paring Knife , SS Blade-1X96",IQD 6000,Sales,true,DELCASA,,0,0,0,0,cm,kg,,,,,,,,goods,2,,,Active,pcs,Pieces,DC3192,6294016321936,,,DC3192,IQD 2625.544202,Cost of Goods Sold," 3.5"" Paring Knife , SS Blade-1X96",Inventory Asset,fifo,,Western International LLC,,,,95,false,Inventory,true,true,true,KNIFE-28," 3.5"" Paring Knife , SS Blade-1X96",,,,,,,,,,,,,Active,ELC,
4516918000007342891,2024-11-24 21:22:47,2026-05-08 19:17:29,KNIFE-29,"5"" Utility Knife, SS Blade-1X96",IQD 6500,Sales,true,DELCASA,,0,0,0,0,cm,kg,,,,,,,,goods,2,,,Active,pcs,Pieces,DC3193,6294016321943,,,DC3193,IQD 2836.244789,Cost of Goods Sold,"5"" Utility Knife, SS Blade-1X96",Inventory Asset,fifo,,Western International LLC,,,,54,false,Inventory,true,true,true,KNIFE-29,"5"" Utility Knife, SS Blade-1X96",,,,,,,,,,,,,Active,ELC,
4516918000007342904,2024-11-24 21:22:47,2026-07-23 12:51:08,KNIFE-30,"7"" Santoku Knife SS Blade-1x72",IQD 9500,Sales,true,DELCASA,,0,0,0,0,cm,kg,,,,,,,,goods,2,,,Active,pcs,Pieces,DC3194,6294016321950,,,DC3194,IQD 4208.698153,Cost of Goods Sold,"7"" Santoku Knife SS Blade-1x72",Inventory Asset,fifo,,Western International LLC,,,,143,false,Inventory,true,true,true,KNIFE-30,"7"" Santoku Knife SS Blade-1x72",,,,,,,,,,,,,Active,ELC,
4516918000007342917,2024-11-24 21:22:48,2026-07-23 12:51:08,KNIFE-31," 8"" Slicer Knife  SS Blade-1x72",IQD 8000,Sales,true,DELCASA,,0,0,0,0,cm,kg,,,,,,,,goods,2,,,Active,pcs,Pieces,DC3195,6294016321967,,,DC3195,IQD 3664.825537,Cost of Goods Sold," 8"" Slicer Knife  SS Blade-1x72",Inventory Asset,fifo,,Western International LLC,,,,170,false,Inventory,true,true,true,KNIFE-31," 8"" Slicer Knife  SS Blade-1x72",,,,,,,,,,,,,Active,ELC,
4516918000007342930,2024-11-24 21:22:48,2026-08-09 13:01:54,KNIFE-32," 8"" Chef Knife  SS Blade-1x72",IQD 9250,Sales,true,DELCASA,,0,0,0,0,cm,kg,,,,,,,,goods,2,,,Active,pcs,Pieces,DC3196,6294016321974,,,DC3196,IQD 4208.698153,Cost of Goods Sold," 8"" Chef Knife  SS Blade-1x72",Inventory Asset,fifo,,Western International LLC,,,,258,false,Inventory,true,true,true,KNIFE-32," 8"" Chef Knife  SS Blade-1x72",,,,,,,,,,,,,Active,ELC,
4516918000007342943,2024-11-24 21:22:48,2026-06-21 11:44:19,MOPS-6,45cm Floor Wiper-1X50,IQD 3750,Sales,true,DELCASA,,0,0,0,0,cm,kg,,,,,,,,goods,2,,,Active,pcs,Pieces,DC3046,6294016320472,,,DC3046,IQD 1889.488949,Cost of Goods Sold,45cm Floor Wiper-1X50,Inventory Asset,fifo,,Western International LLC,,,,2,false,Inventory,true,true,true,MOPS-6,45cm Floor Wiper-1X50,,,,,,,,,,,,,Active,ELC,
4516918000007349124,2024-11-25 01:59:31,2026-06-27 09:07:40,Adaptor-1,Adaptor 13 Amp - 3 Way-1x120,IQD 3500,Sales,true,EPSILON,,0,0,0,0,cm,kg,,,,,,,,goods,1,,,Active,pcs,Pieces,ES1362,6294015648522,,,ES1362,IQD 1458.820769,Cost of Goods Sold,Adaptor 13 Amp - 3 Way-1x120,Inventory Asset,fifo,,Western International LLC,,,,18,false,Inventory,true,true,true,Adaptor-1,Adaptor 13 Amp - 3 Way-1x120,,,,,,,,,,,,,Active,ELC,
4516918000008599151,2025-01-21 13:38:03,2026-08-10 22:35:35,VACUUM CLEANER-11,2200W Cyclonic Vacuum Cleaner 1.5L-1X1,IQD 75000,Sales,true,GEEPAS,,0,0,0,0,cm,kg,,,,,,,,goods,2,,,Active,pcs,Pieces,GVC19035,6294015561067,0,0,GVC19035,IQD 44604.14774,Cost of Goods Sold,2200W Cyclonic Vacuum Cleaner 1.5L-1X1,Inventory Asset,fifo,,Western International LLC,,,,7,false,Inventory,true,true,true,VACUUM CLEANER-11,2200W Cyclonic Vacuum Cleaner 1.5L-1X1,,,,,,,,,,,,,Active,ELC,
4516918000008599164,2025-01-21 13:38:03,2026-08-10 13:33:53,GARMENT STEAMER-3,Handheld Garment Steamer-1950W 170 ml,IQD 49000,Sales,true,GEEPAS,,0,0,0,0,cm,kg,,,,,,,,goods,2,,,Active,pcs,Pieces,GGS25019,6294015568547,0,0,GGS25019,IQD 19941,Cost of Goods Sold,Handheld Garment Steamer-1950W 170 ml,Inventory Asset,fifo,,Western International LLC,,,,20,false,Inventory,true,true,true,GARMENT STEAMER-3,Handheld Garment Steamer-1950W 170 ml,,,,,,,,,,,,,Active,ELC,
4516918000008599177,2025-01-21 13:38:03,2026-08-10 13:33:53,BREAD TOASTER-3,900W 'Bread Toaster,IQD 43000,Sales,true,GEEPAS,,0,0,0,0,cm,kg,,,,,,,,goods,2,,,Active,pcs,Pieces,GBT36554UK-BK,6294015565140,0,0,GBT36554UK-BK,IQD 19711.61701,Cost of Goods Sold,900W 'Bread Toaster,Inventory Asset,fifo,,Western International LLC,,,,38,false,Inventory,true,true,true,BREAD TOASTER-3,900W 'Bread Toaster,,,,,,,,,,,,,Active,ELC,
4516918000008599190,2025-01-21 13:38:03,2026-05-23 19:56:59,ELECTRIC KETTLE-13,1.8L Electric Kettle - 2200W Cordless,IQD 19500,Sales,true,GEEPAS,,0,0,0,0,cm,kg,,,,,,,,goods,2,,,Active,pcs,Pieces,GK6123,6294015500103,0,0,GK6123,IQD 10650.18468,Cost of Goods Sold,1.8L Electric Kettle - 2200W Cordless,Inventory Asset,fifo,,Western International LLC,,,,11,false,Inventory,true,true,true,ELECTRIC KETTLE-13,1.8L Electric Kettle - 2200W Cordless,,,,,,,,,,,,,Active,ELC,
4516918000008599203,2025-01-21 13:38:03,2026-07-28 09:24:00,COFFEE MAKER-7,Coffee Machine20 Bar,IQD 225000,Sales,true,GEEPAS,,0,0,0,0,cm,kg,,,,,,,,goods,2,,,Active,pcs,Pieces,GCM1215SA,6294015556308,0,0,GCM1215SA,IQD 141027.4563,Cost of Goods Sold,Coffee Machine20 Bar,Inventory Asset,fifo,,Western International LLC,,,,1,false,Inventory,true,true,true,COFFEE MAKER-7,Coffee Machine20 Bar,,,,,,,,,,,,,Active,ELC,
4516918000008599216,2025-01-21 13:38:04,2026-08-10 11:22:38,COFFEE GRINDER-4,Coffee Grinder 450W- 1x12,IQD 49000,Sales,true,GEEPAS,,0,0,0,0,cm,kg,,,,,,,,goods,2,,,Active,pcs,Pieces,GCG6105,6294010889906,0,0,GCG6105,IQD 27103.08507,Cost of Goods Sold,Coffee Grinder 450W- 1x12,Inventory Asset,fifo,,Western International LLC,,,,16,false,Inventory,true,true,true,COFFEE GRINDER-4,Coffee Grinder 450W- 1x12,,,,,,,,,,,,,Active,ELC,
4516918000008599229,2025-01-21 13:38:04,2026-04-14 08:22:30,DOUGH MIXER-2,"3-In-1 Stand Mixer 600W,5L ",IQD 148000,Sales,true,GEEPAS,,0,0,0,0,cm,kg,,,,,,,,goods,2,,,Active,pcs,Pieces,GSM43013,6294015507225,0,0,GSM43013,IQD 83641.536,Cost of Goods Sold,"3-In-1 Stand Mixer 600W,5L ",Inventory Asset,fifo,,Western International LLC,,,,6,false,Inventory,true,true,true,DOUGH MIXER-2,"3-In-1 Stand Mixer 600W,5L ",,,,,,,,,,,,,Clearance,LHH,
4516918000008599242,2025-01-21 13:38:04,2026-08-10 13:33:53,CHOPPER-2,3L Multi Chopper 500W 3Speed,IQD 49000,Sales,true,GEEPAS,,0,0,0,0,cm,kg,,,,,,,,goods,2,,,Active,pcs,Pieces,GMC42025,6294015550313,0,0,GMC42025,IQD 23609.17015,Cost of Goods Sold,3L Multi Chopper 500W 3Speed,Inventory Asset,fifo,,Western International LLC,,,,27,false,Inventory,true,true,true,CHOPPER-2,3L Multi Chopper 500W 3Speed,,,,,,,,,,,,,Active,ELC,
4516918000008599255,2025-01-21 13:38:04,2026-08-10 13:33:53,CHOPPER-3,3L Multi Chopper 500 W,IQD 49000,Sales,true,GEEPAS,,0,0,0,0,cm,kg,,,,,,,,goods,2,,,Active,pcs,Pieces,GMC42024,6294015550306,0,0,GMC42024,IQD 23984.07962,Cost of Goods Sold,3L Multi Chopper 500 W,Inventory Asset,fifo,,Western International LLC,,,,135,false,Inventory,true,true,true,CHOPPER-3,3L Multi Chopper 500 W,,,,,,,,,,,,,Active,ELC,
4516918000008599268,2025-01-21 13:38:05,2026-08-10 13:33:53,CHOPPER-4,2L Multi Chopper 500W Glass Bowl-1X12,IQD 44000,Sales,true,GEEPAS,,0,0,0,0,cm,kg,,,,,,,,goods,2,,,Active,pcs,Pieces,GMC42026,6294015551471,0,0,GMC42026,IQD 19719,Cost of Goods Sold,2L Multi Chopper 500W Glass Bowl-1X12,Inventory Asset,fifo,,Western International LLC,,,,45,false,Inventory,true,true,true,CHOPPER-4,2L Multi Chopper 500W Glass Bowl-1X12,,,,,,,,,,,,,Active,ELC,
4516918000008601275,2025-01-21 13:59:06,2026-07-26 09:21:38,CASSEROLE-6,11Pc Granite Glass Lid Cookware Set-1X2,IQD 137500,Sales,true,DELCASA,,0,0,0,0,cm,kg,,,,,,,,goods,2,,,Active,pcs,Pieces,DC2878,6294016318790,0,0,DC2878,IQD 87211.00864,Cost of Goods Sold,11Pc Granite Glass Lid Cookware Set-1X2,Inventory Asset,fifo,,Western International LLC,,,,20,false,Inventory,true,true,true,CASSEROLE-6,11Pc Granite Glass Lid Cookware Set-1X2,,,,,,,,,,,,,Active,ELC,
4516918000008601288,2025-01-21 13:59:06,2026-06-28 10:40:46,CASSEROLE-7,24CM  Non Stick Al Casserole -1x6,IQD 23000,Sales,true,DELCASA,,0,0,0,0,cm,kg,,,,,,,,goods,2,,,Active,pcs,Pieces,DC1572,6294016305714,0,0,DC1572,IQD 14453.10475,Cost of Goods Sold,24CM  Non Stick Al Casserole -1x6,Inventory Asset,fifo,,Western International LLC,,,,4,false,Inventory,true,true,true,CASSEROLE-7,24CM  Non Stick Al Casserole -1x6,,,,,,,,,,,,,Active,ELC,
4516918000008601301,2025-01-21 13:59:06,2026-05-08 19:17:31,CASSEROLE-8,24CM Granite Coated Casserole/Glass Lid-1X4,IQD 32000,Sales,true,DELCASA,,0,0,0,0,cm,kg,,,,,,,,goods,2,,,Active,pcs,Pieces,DC1900,6294016308999,0,0,DC1900,IQD 17151.28028,Cost of Goods Sold,24CM Granite Coated Casserole/Glass Lid-1X4,Inventory Asset,fifo,,Western International LLC,,,,12,false,Inventory,true,true,true,CASSEROLE-8,24CM Granite Coated Casserole/Glass Lid-1X4,,,,,,,,,,,,,Active,ELC,
4516918000008601314,2025-01-21 13:59:07,2026-08-09 13:12:00,PAN-21,26CM Granite Smart Frypan/Beige-1X12,IQD 21750,Sales,true,ROYALFORD,,0,0,0,0,cm,kg,,,,,,,,goods,2,,,Active,pcs,Pieces,RF9464BGE,6294016413938,0,0,RF9464BGE,IQD 9603.261278,Cost of Goods Sold,26CM Granite Smart Frypan/Beige-1X12,Inventory Asset,fifo,,Western International LLC,,,,50,false,Inventory,true,true,true,PAN-21,26CM Granite Smart Frypan/Beige-1X12,,,,,,,,,,,,,Active,ELC,
4516918000008601327,2025-01-21 13:59:07,2026-07-27 08:34:29,PAN-22,30CM Granite Smart Frypan/Beige-1X12,IQD 27500,Sales,true,ROYALFORD,,0,0,0,0,cm,kg,,,,,,,,goods,2,,,Active,pcs,Pieces,RF9466BGE,6294016413952,0,0,RF9466BGE,IQD 11900.80896,Cost of Goods Sold,30CM Granite Smart Frypan/Beige-1X12,Inventory Asset,fifo,,Western International LLC,,,,98,false,Inventory,true,true,true,PAN-22,30CM Granite Smart Frypan/Beige-1X12,,,,,,,,,,,,,Active,ELC,
4516918000008601340,2025-01-21 13:59:07,2026-07-27 08:34:29,PAN-23,22CM Nonstick Frypan-1X24,IQD 12000,Sales,true,DELCASA,,0,0,0,0,cm,kg,,,,,,,,goods,2,,,Active,pcs,Pieces,DC2906,6294016319070,0,0,DC2906,IQD 5302.661217,Cost of Goods Sold,22CM Nonstick Frypan-1X24,Inventory Asset,fifo,,Western International LLC,,,,21,false,Inventory,true,true,true,PAN-23,22CM Nonstick Frypan-1X24,,,,,,,,,,,,,Active,ELC,
4516918000008601353,2025-01-21 13:59:07,2026-06-13 15:27:27,COFFEE WARMER-6,S/S Coffee Warmer-1X30,IQD 7750,Sales,true,DELCASA,,0,0,0,0,cm,kg,,,,,,,,goods,2,,,Active,pcs,Pieces,DC1452,6294016304519,0,0,DC1452,IQD 3394.382682,Cost of Goods Sold,S/S Coffee Warmer-1X30,Inventory Asset,fifo,,Western International LLC,,,,13,false,Inventory,true,true,true,COFFEE WARMER-6,S/S Coffee Warmer-1X30,,,,,,,,,,,,,Active,ELC,
4516918000008601366,2025-01-21 13:59:07,2026-07-22 09:20:54,COFFEE WARMER-7,"430 ML,Granite Smart Coffee Warmer/Gray-1X36",IQD 11250,Sales,true,ROYALFORD,,0,0,0,0,cm,kg,,,,,,,,goods,2,,,Active,pcs,Pieces,RF10188,6294016417288,0,0,RF10188,IQD 4901.828524,Cost of Goods Sold,"430 ML,Granite Smart Coffee Warmer/Gray-1X36",Inventory Asset,fifo,,Western International LLC,,,,37,false,Inventory,true,true,true,COFFEE WARMER-7,"430 ML,Granite Smart Coffee Warmer/Gray-1X36",,,,,,,,,,,,,Active,ELC,
4516918000008601379,2025-01-21 13:59:07,2026-08-09 15:51:44,COFFEE WARMER-8,"600 ML,Granite Smart Coffee Warmer/Gray-1X36",IQD 12250,Sales,true,ROYALFORD,,0,0,0,0,cm,kg,,,,,,,,goods,2,,,Active,pcs,Pieces,RF10189,6294016417295,0,0,RF10189,IQD 5470.692494,Cost of Goods Sold,"600 ML,Granite Smart Coffee Warmer/Gray-1X36",Inventory Asset,fifo,,Western International LLC,,,,66,false,Inventory,true,true,true,COFFEE WARMER-8,"600 ML,Granite Smart Coffee Warmer/Gray-1X36",,,,,,,,,,,,,Active,ELC,
4516918000008601392,2025-01-21 13:59:07,2026-07-22 09:20:54,COFFEE WARMER-9,"750 ML,Granite Smart Coffee Warmer/Gray-1X36",IQD 13500,Sales,true,ROYALFORD,,0,0,0,0,cm,kg,,,,,,,,goods,2,,,Active,pcs,Pieces,RF10190,6294016417301,0,0,RF10190,IQD 5918.051538,Cost of Goods Sold,"750 ML,Granite Smart Coffee Warmer/Gray-1X36",Inventory Asset,fifo,,Western International LLC,,,,25,false,Inventory,true,true,true,COFFEE WARMER-9,"750 ML,Granite Smart Coffee Warmer/Gray-1X36",,,,,,,,,,,,,Active,ELC,
4516918000008601405,2025-01-21 13:59:07,2026-07-22 09:20:54,COFFEE WARMER-10,"430ML,Granite Coffee  Warmer/Beige-1X36",IQD 11250,Sales,true,ROYALFORD,,0,0,0,0,cm,kg,,,,,,,,goods,2,,,Active,pcs,Pieces,RF10191,6294016417318,0,0,RF10191,IQD 4901.828524,Cost of Goods Sold,"430ML,Granite Coffee  Warmer/Beige-1X36",Inventory Asset,fifo,,Western International LLC,,,,32,false,Inventory,true,true,true,COFFEE WARMER-10,"430ML,Granite Coffee  Warmer/Beige-1X36",,,,,,,,,,,,,Active,ELC,
4516918000008601418,2025-01-21 13:59:07,2026-08-10 10:26:37,COFFEE WARMER-11,"600 ML,Granite Coffee Warmer/Beige-1X36",IQD 12250,Sales,true,ROYALFORD,,0,0,0,0,cm,kg,,,,,,,,goods,2,,,Active,pcs,Pieces,RF10192,6294016417325,0,0,RF10192,IQD 5470.692494,Cost of Goods Sold,"600 ML,Granite Coffee Warmer/Beige-1X36",Inventory Asset,fifo,,Western International LLC,,,,90,false,Inventory,true,true,true,COFFEE WARMER-11,"600 ML,Granite Coffee Warmer/Beige-1X36",,,,,,,,,,,,,Active,ELC,
4516918000008601431,2025-01-21 13:59:07,2026-08-09 15:51:44,COFFEE WARMER-12,"750 ML,Granite Coffee Warmer/Beige-1X36",IQD 13500,Sales,true,ROYALFORD,,0,0,0,0,cm,kg,,,,,,,,goods,2,,,Active,pcs,Pieces,RF10193,6294016417332,0,0,RF10193,IQD 5918.051538,Cost of Goods Sold,"750 ML,Granite Coffee Warmer/Beige-1X36",Inventory Asset,fifo,,Western International LLC,,,,78,false,Inventory,true,true,true,COFFEE WARMER-12,"750 ML,Granite Coffee Warmer/Beige-1X36",,,,,,,,,,,,,Active,ELC,
4516918000008601444,2025-01-21 13:59:08,2026-05-08 19:17:33,SAUCE BRUSH-4,Silicone Oil Brush-Blue-1X100,IQD 3500,Sales,true,ROYALFORD,,0,0,0,0,cm,kg,,,,,,,,goods,2,,,Active,pcs,Pieces,RF10646,6294016422060,0,0,RF10646,IQD 1493.283984,Cost of Goods Sold,Silicone Oil Brush-Blue-1X100,Inventory Asset,fifo,,Western International LLC,,,,21,false,Inventory,true,true,true,SAUCE BRUSH-4,Silicone Oil Brush-Blue-1X100,,,,,,,,,,,,,Active,ELC,
4516918000008601457,2025-01-21 13:59:08,2026-07-14 08:37:13,SPOON-22,SS Serving Spoon 32X7.3CM-1x144,IQD 4500,Sales,true,DELCASA,,0,0,0,0,cm,kg,,,,,,,,goods,2,,,Active,pcs,Pieces,DC1934,6294016309330,0,0,DC1934,IQD 1936.00375,Cost of Goods Sold,SS Serving Spoon 32X7.3CM-1x144,Inventory Asset,fifo,,Western International LLC,,,,371,false,Inventory,true,true,true,SPOON-22,SS Serving Spoon 32X7.3CM-1x144,,,,,,,,,,,,,Active,ELC,
4516918000008601470,2025-01-21 13:59:08,2026-07-14 08:37:13,TURNER-14,SS Turner 33X9.2CM-1x144,IQD 5000,Sales,true,DELCASA,,0,0,0,0,cm,kg,,,,,,,,goods,2,,,Active,pcs,Pieces,DC1937,6294016309361,0,0,DC1937,IQD 2063.031626,Cost of Goods Sold,SS Turner 33X9.2CM-1x144,Inventory Asset,fifo,,Western International LLC,,,,367,false,Inventory,true,true,true,TURNER-14,SS Turner 33X9.2CM-1x144,,,,,,,,,,,,,Active,ELC,
4516918000008601483,2025-01-21 13:59:08,2026-06-21 11:44:19,SPOON-20,6Pc SS Tea Spoon-1x72,IQD 4250,Sales,true,DELCASA,,0,0,0,0,cm,kg,,,,,,,,goods,2,,,Active,pcs,Pieces,DC1944,6294016309439,0,0,DC1944,IQD 1978.798889,Cost of Goods Sold,6Pc SS Tea Spoon-1x72,Inventory Asset,fifo,,Western International LLC,,,,0,false,Inventory,true,true,true,SPOON-20,6Pc SS Tea Spoon-1x72,,,,,,,,,,,,,Active,ELC,
4516918000008601496,2025-01-21 13:59:08,2026-07-23 12:51:08,SPOON-21,6Pc SS Table Spoon-1X48,IQD 4000,Sales,true,DELCASA,,0,0,0,0,cm,kg,,,,,,,,goods,2,,,Active,pcs,Pieces,DC1945,6294016309446,0,0,DC1945,IQD 2415.533984,Cost of Goods Sold,6Pc SS Table Spoon-1X48,Inventory Asset,fifo,,Western International LLC,,,,63,false,Inventory,true,true,true,SPOON-21,6Pc SS Table Spoon-1X48,,,,,,,,,,,,,Active,ELC,
4516918000008601509,2025-01-21 13:59:08,2026-07-24 22:04:21,KNIFE-33,6Pc SS Table Knife-1X48,IQD 8500,Sales,true,DELCASA,,0,0,0,0,cm,kg,,,,,,,,goods,2,,,Active,pcs,Pieces,DC1947,6294016309460,0,0,DC1947,IQD 3844.378889,Cost of Goods Sold,6Pc SS Table Knife-1X48,Inventory Asset,fifo,,Western International LLC,,,,98,false,Inventory,true,true,true,KNIFE-33,6Pc SS Table Knife-1X48,,,,,,,,,,,,,Active,ELC,
4516918000008601522,2025-01-21 13:59:08,2026-07-06 13:35:13,HANGER-6,Metal Cloth Dryer(159X62X102)CM-1X8,IQD 39750,Sales,true,ROYALFORD,,0,0,0,0,cm,kg,,,,,,,,goods,2,,,Active,pcs,Pieces,RF9458,6294016407456,0,0,RF9458,IQD 24196.42446,Cost of Goods Sold,Metal Cloth Dryer(159X62X102)CM-1X8,Inventory Asset,fifo,,Western International LLC,,,,53,false,Inventory,true,true,true,HANGER-6,Metal Cloth Dryer(159X62X102)CM-1X8,,,,,,,,,,,,,Active,ELC,
4516918000008601535,2025-01-21 13:59:08,2026-07-12 11:48:22,IRON BOARD-3,Ironing Board-Turkey 124X38CM-1X2,IQD 62000,Sales,true,DELCASA,,0,0,0,0,cm,kg,,,,,,,,goods,2,,,Active,pcs,Pieces,DC1979,6294016309781,0,0,DC1979,IQD 37506.62125,Cost of Goods Sold,Ironing Board-Turkey 124X38CM-1X2,Inventory Asset,fifo,,Western International LLC,,,,8,false,Inventory,true,true,true,IRON BOARD-3,Ironing Board-Turkey 124X38CM-1X2,,,,,,,,,,,,,Active,ELC,
4516918000008601548,2025-01-21 13:59:08,2026-05-08 19:17:34,IRON BOARD-4,Mesh Ironing Board 31X117X82CM-1X4,IQD 46000,Sales,true,ROYALFORD,,0,0,0,0,cm,kg,,,,,,,,goods,2,,,Active,pcs,Pieces,RF10249,6294016417899,0,0,RF10249,IQD 27953.07889,Cost of Goods Sold,Mesh Ironing Board 31X117X82CM-1X4,Inventory Asset,fifo,,Western International LLC,,,,4,false,Inventory,true,true,true,IRON BOARD-4,Mesh Ironing Board 31X117X82CM-1X4,,,,,,,,,,,,,Active,ELC,
4516918000008601561,2025-01-21 13:59:09,2026-08-09 13:16:51,CLEANING GLOVE-1,2pc Cleaning Glove-Latex Long Sleeve-1X200,IQD 4750,Sales,true,ROYALFORD,,0,0,0,0,cm,kg,,,,,,,,goods,2,,,Active,pcs,Pieces,RF10491,6294016420493,0,0,RF10491,IQD 2212.151308,Cost of Goods Sold,2pc Cleaning Glove-Latex Long Sleeve-1X200,Inventory Asset,fifo,,Western International LLC,,,,148,false,Inventory,true,true,true,CLEANING GLOVE-1,2pc Cleaning Glove-Latex Long Sleeve-1X200,,,,,,,,,,,,,Active,ELC,
4516918000008601574,2025-01-21 13:59:09,2026-05-09 14:16:04,MOPS-7,Floor Wiper-45CM Yellow+Black-1X24,IQD 6000,Sales,true,ROYALFORD,,0,0,0,0,cm,kg,,,,,,,,goods,2,,,Active,pcs,Pieces,RF12000,6294016436067,0,0,RF12000,IQD 3032.518922,Cost of Goods Sold,Floor Wiper-45CM Yellow+Black-1X24,Inventory Asset,fifo,,Western International LLC,,,,0,false,Inventory,true,true,true,MOPS-7,Floor Wiper-45CM Yellow+Black-1X24,,,,,,,,,,,,,Active,ELC,
4516918000008601587,2025-01-21 13:59:09,2026-06-17 19:15:48,CLOTH-7,Hand Wiper(Red)-1X48,IQD 2750,Sales,true,ROYALFORD,,0,0,0,0,cm,kg,,,,,,,,goods,2,,,Active,pcs,Pieces,RF8836,6294016401232,0,0,RF8836,IQD 1327.419925,Cost of Goods Sold,Hand Wiper(Red)-1X48,Inventory Asset,fifo,,Western International LLC,,,,16,false,Inventory,true,true,true,CLOTH-7,Hand Wiper(Red)-1X48,,,,,,,,,,,,,Active,ELC,
4516918000008601600,2025-01-21 13:59:09,2026-06-17 15:11:21,BIN-3,26X28CM Mesh Trash Bin-1X24,IQD 7000,Sales,true,ROYALFORD,,0,0,0,0,cm,kg,,,,,,,,goods,2,,,Active,pcs,Pieces,RF9956,6294016414928,0,0,RF9956,IQD 3233.160929,Cost of Goods Sold,26X28CM Mesh Trash Bin-1X24,Inventory Asset,fifo,,Western International LLC,,,,12,false,Inventory,true,true,true,BIN-3,26X28CM Mesh Trash Bin-1X24,,,,,,,,,,,,,Active,ELC,
4516918000008601613,2025-01-21 13:59:09,2026-07-28 14:53:17,BIN-4,Plastic Dust Bin 40L(Trash Box)-1X5,IQD 26500,Sales,true,ROYALFORD,,0,0,0,0,cm,kg,,,,,,,,goods,2,,,Active,pcs,Pieces,RF12399,6294016442495,0,0,RF12399,IQD 14803.98181,Cost of Goods Sold,Plastic Dust Bin 40L(Trash Box)-1X5,Inventory Asset,fifo,,Western International LLC,,,,4,false,Inventory,true,true,true,BIN-4,Plastic Dust Bin 40L(Trash Box)-1X5,,,,,,,,,,,,,Active,ELC,
4516918000008601667,2025-01-21 14:04:02,2026-08-09 13:01:54,HAMMER-1,Fibre Handle Rip Hammer1X36,IQD 11500,Sales,true,GEEPAS TOOLZ,,0,0,0,0,cm,kg,,,,,,,,goods,2,,,Active,pcs,Pieces,GT59251,6294015532487,0,0,GT59251,IQD 4935.2682,Cost of Goods Sold,Fibre Handle Rip Hammer1X36,Inventory Asset,fifo,,Western International LLC,,,,39,false,Inventory,true,true,true,HAMMER-1,Fibre Handle Rip Hammer1X36,,,,,,,,,,,,,Active,ELC,
4516918000008601680,2025-01-21 14:04:02,2026-07-28 14:53:17,UTILITY KNIFE-2,UTILITY KNIFE 1X100,IQD 3500,Sales,true,GEEPAS TOOLZ,,0,0,0,0,cm,kg,,,,,,,,goods,2,,,Active,pcs,Pieces,GT59241,6294015528602,0,0,GT59241,IQD 1583.5482,Cost of Goods Sold,UTILITY KNIFE 1X100,Inventory Asset,fifo,,Western International LLC,,,,35,false,Inventory,true,true,true,UTILITY KNIFE-2,UTILITY KNIFE 1X100,,,,,,,,,,,,,Active,ELC,
4516918000008601693,2025-01-21 14:04:02,2026-07-25 10:42:07,VOLTAGE TESTER-1,Voltage Tester 3x140mm-basic 1x600,IQD 1750,Sales,true,GEEPAS TOOLZ,,0,0,0,0,cm,kg,,,,,,,,goods,2,,,Active,pcs,Pieces,GT59240,6294016356099,0,0,GT59240,IQD 761.4282,Cost of Goods Sold,Voltage Tester 3x140mm-basic 1x600,Inventory Asset,fifo,,Western International LLC,,,,385,false,Inventory,true,true,true,VOLTAGE TESTER-1,Voltage Tester 3x140mm-basic 1x600,,,,,,,,,,,,,Active,ELC,
4516918000010954202,2025-03-02 10:36:02,2026-06-09 14:36:10,COFFEE MAKER-8,Expresso Coffee Macine  1x2,IQD 189000,Sales,true,GEEPAS,,0,0,0,0,cm,kg,,,,,,,,goods,2,,,Active,pcs,Pieces,GCM41520,6294015563900,0,0,GCM41520,IQD 113408.3333,Cost of Goods Sold,Expresso Coffee Macine  1x2,Inventory Asset,fifo,,Western International LLC,,,,1,false,Inventory,true,true,true,COFFEE MAKER-8,Expresso Coffee Macine  1x2,,,,,,,,,,,,,Active,ELC,
4516918000010954215,2025-03-02 10:36:02,2026-08-11 11:51:51,GRILL MAKER-4,Grill Maker 2000W- 1x3,IQD 98000,Sales,true,GEEPAS,,0,0,0,0,cm,kg,,,,,,,,goods,2,,,Active,pcs,Pieces,GGM36557,6294015562804,0,0,GGM36557,IQD 59054.24917,Cost of Goods Sold,Grill Maker 2000W- 1x3,Inventory Asset,fifo,,Western International LLC,,,,46,false,Inventory,true,true,true,GRILL MAKER-4,Grill Maker 2000W- 1x3,,,,,,,,,,,,,Active,ELC,
4516918000010954228,2025-03-02 10:36:02,2026-08-10 13:33:53,ELECTRIC KETTLE-14,Kettle 1.7L  1800W- 1x8,IQD 58000,Sales,true,GEEPAS,,0,0,0,0,cm,kg,,,,,,,,goods,2,,,Active,pcs,Pieces,GK38052,6294015534238,0,0,GK38052,IQD 25041.25189,Cost of Goods Sold,Kettle 1.7L  1800W- 1x8,Inventory Asset,fifo,,Western International LLC,,,,97,false,Inventory,true,true,true,ELECTRIC KETTLE-14,Kettle 1.7L  1800W- 1x8,,,,,,,,,,,,,Active,ELC,
4516918000010954241,2025-03-02 10:36:02,2026-08-11 11:51:51,CHOPPER-5,"Chopper 3L,500W-  1x8",IQD 52000,Sales,true,GEEPAS,,0,0,0,0,cm,kg,,,,,,,,goods,2,,,Active,pcs,Pieces,GMC42029,6294015568820,0,0,GMC42029,IQD 24221,Cost of Goods Sold,"Chopper 3L,500W-  1x8",Inventory Asset,fifo,,Western International LLC,,,,11,false,Inventory,true,true,true,CHOPPER-5,"Chopper 3L,500W-  1x8",,,,,,,,,,,,,Active,ELC,
4516918000010954254,2025-03-02 10:36:02,2026-08-10 22:25:38,SCREW DRIVER-13,SCREW DRIVER-1x60,IQD 2750,Sales,true,GEEPAS TOOLZ,,0,0,0,0,cm,kg,,,,,,,,goods,2,,,Active,pcs,Pieces,GT7641,6294015502640,0,0,GT7641,IQD 1564.590736,Cost of Goods Sold,SCREW DRIVER-1x60,Inventory Asset,fifo,,Western International LLC,,,,10,false,Inventory,true,true,true,SCREW DRIVER-13,SCREW DRIVER-1x60,,,,,,,,,,,,,Clearance,LHH,
4516918000010954267,2025-03-02 10:36:03,2026-07-22 09:20:54,COFFEE WARMER-13,350ml S/S Coffee Warmer 1X30,IQD 6250,Sales,true,DELCASA,,0,0,0,0,cm,kg,,,,,,,,goods,2,,,Active,pcs,Pieces,DC1453,6294016304526,0,0,DC1453,IQD 2526.959524,Cost of Goods Sold,350ml S/S Coffee Warmer 1X30,Inventory Asset,fifo,,Western International LLC,,,,1,false,Inventory,true,true,true,COFFEE WARMER-13,350ml S/S Coffee Warmer 1X30,,,,,,,,,,,,,Active,ELC,
4516918000010954280,2025-03-02 10:36:03,2026-07-22 09:20:54,SPOON-23,6Pc SS Mocca Spoon-1x72,IQD 3500,Sales,true,DELCASA,,0,0,0,0,cm,kg,,,,,,,,goods,2,,,Active,pcs,Pieces,DC1943,6294016309422,0,0,DC1943,IQD 1425.448889,Cost of Goods Sold,6Pc SS Mocca Spoon-1x72,Inventory Asset,fifo,,Western International LLC,,,,125,false,Inventory,true,true,true,SPOON-23,6Pc SS Mocca Spoon-1x72,,,,,,,,,,,,,Active,ELC,
4516918000010954293,2025-03-02 10:36:03,2026-07-18 11:56:56,OVEN-5,"Microwave Oven 45L,1500W- 1x1",IQD 224000,Sales,true,GEEPAS,,0,0,0,0,cm,kg,,,,,,,,goods,2,,,Active,pcs,Pieces,GMO1898,6294010881382,0,0,GMO1898,IQD 138918,Cost of Goods Sold,"Microwave Oven 45L,1500W- 1x1",Inventory Asset,fifo,,Western International LLC,,,,1,false,Inventory,true,true,true,OVEN-5,"Microwave Oven 45L,1500W- 1x1",,,,,,,,,,,,,Clearance,LHH,
4516918000010954306,2025-03-02 10:36:03,2026-07-30 15:24:28,COFFEE MAKER-9,"Coffee Maker 1.25L, 1140W -1x8",IQD 136000,Sales,true,GEEPAS,,0,0,0,0,cm,kg,,,,,,,,goods,2,,,Active,pcs,Pieces,GCM41507,6294015517392,0,0,GCM41507,IQD 81605.57111,Cost of Goods Sold,"Coffee Maker 1.25L, 1140W -1x8",Inventory Asset,fifo,,Western International LLC,,,,2,false,Inventory,true,true,true,COFFEE MAKER-9,"Coffee Maker 1.25L, 1140W -1x8",,,,,,,,,,,,,Active,ELC,
4516918000010954319,2025-03-02 10:36:03,2025-11-27 14:21:20,OVEN-6,48L Oven-1x1,IQD 148000,Sales,true,GEEPAS,,0,0,0,0,cm,kg,,,,,,,,goods,2,,,Active,pcs,Pieces,GO4451,6294010881184,0,0,GO4451,IQD 91150.8,Cost of Goods Sold,48L Oven-1x1,Inventory Asset,fifo,,Western International LLC,,,,1,false,Inventory,true,true,true,OVEN-6,48L Oven-1x1,,,,,,,,,,,,,Clearance,LHH,
4516918000010954332,2025-03-02 10:36:03,2026-07-18 11:56:56,REFRIGERATOR-1,Refregirator 110L - 1x1,IQD 258000,Sales,true,GEEPAS,,0,0,0,0,cm,kg,,,,,,,,goods,2,,,Active,pcs,Pieces,GRF119SPE,6294015522600,0,0,GRF119SPE,IQD 175099.4127,Cost of Goods Sold,Refregirator 110L - 1x1,Inventory Asset,fifo,,Western International LLC,,,,17,false,Inventory,true,true,true,REFRIGERATOR-1,Refregirator 110L - 1x1,,,,,,,,,,,,,Active,ELC,
4516918000010954345,2025-03-02 10:36:03,2026-07-13 15:01:32,REFRIGERATOR-2,Showcase Chiller 120L- 1x1,IQD 330000,Sales,true,GEEPAS,,0,0,0,0,cm,kg,,,,,,,,goods,2,,,Active,pcs,Pieces,GSC1223,6294015556193,0,0,GSC1223,IQD 230550.9325,Cost of Goods Sold,Showcase Chiller 120L- 1x1,Inventory Asset,fifo,,Western International LLC,,,,2,false,Inventory,true,true,true,REFRIGERATOR-2,Showcase Chiller 120L- 1x1,,,,,,,,,,,,,Active,ELC,
4516918000010954358,2025-03-02 10:36:03,2026-08-08 13:23:18,OVEN-7,60L Oven - 1x1,IQD 228000,Sales,true,GEEPAS,,0,0,0,0,cm,kg,,,,,,,,goods,2,,,Active,pcs,Pieces,GO34012,6294015506525,0,0,GO34012,IQD 108622.8081,Cost of Goods Sold,60L Oven - 1x1,Inventory Asset,fifo,,Western International LLC,,,,30,false,Inventory,true,true,true,OVEN-7,60L Oven - 1x1,,,,,,,,,,,,,Active,ELC,
4516918000010954371,2025-03-02 10:36:03,2026-06-03 15:26:57,COFFEE MAKER-10,Coffee Machine Expresso- 1x1,IQD 429000,Sales,true,GEEPAS,,0,0,0,0,cm,kg,,,,,,,,goods,2,,,Active,pcs,Pieces,GCMG1325S,6294015559798,0,0,GCMG1325S,IQD 237327.9056,Cost of Goods Sold,Coffee Machine Expresso- 1x1,Inventory Asset,fifo,,Western International LLC,,,,0,false,Inventory,true,true,true,COFFEE MAKER-10,Coffee Machine Expresso- 1x1,,,,,,,,,,,,,Active,ELC,
4516918000010954384,2025-03-02 10:36:03,2026-08-09 08:29:19,OVEN-8,20L Microwave Oven- 1x1,IQD 114000,Sales,true,GEEPAS,,0,0,0,0,cm,kg,,,,,,,,goods,2,,,Active,pcs,Pieces,GMO1895,6294010881351,0,0,GMO1895,IQD 79361.54859,Cost of Goods Sold,20L Microwave Oven- 1x1,Inventory Asset,fifo,,Western International LLC,,,,35,false,Inventory,true,true,true,OVEN-8,20L Microwave Oven- 1x1,,,,,,,,,,,,,Active,ELC,
4516918000019564740,2025-07-26 08:59:08,2026-08-09 08:28:29,BLENDER-10,4In1Blender&JuiceExtr/S/sHousing/800W1X4,IQD 108000,Sales,true,GEEPAS,,0,0,0,0,cm,kg,,,,,,,,goods,2,,,Active,pcs,Pieces,GSB44016,6294015507584,,,GSB44016,IQD 75365.19528,Cost of Goods Sold,4In1Blender&JuiceExtr/S/sHousing/800W1X4,Inventory Asset,fifo,,Western International LLC,,,,7,false,Inventory,true,true,true,BLENDER-10,4In1Blender&JuiceExtr/S/sHousing/800W1X4,,,,,,,,,,,,,Active,ELC,
4516918000019564759,2025-07-26 08:59:08,2026-08-10 11:18:17,BLENDER-11,High Speed Blendr/2L Jar/10Spd/1800W 1x6,IQD 106000,Sales,true,KRYPTON,,0,0,0,0,,,,,,,,,,goods,2,,,Active,pcs,Pieces,KNB6305,6294015633795,,,KNB6305,IQD 61908.77384,Cost of Goods Sold,High Speed Blendr/2L Jar/10Spd/1800W 1x6,Inventory Asset,fifo,,Western International LLC,,,,12,false,Inventory,true,true,true,BLENDER-11,High Speed Blendr/2L Jar/10Spd/1800W 1x6,,,,,,,,,,,,,Active,ELC,
4516918000019564778,2025-07-26 08:59:08,2026-07-13 11:29:44,BLENDER-12,BLENDER 330ML 1*24,IQD 21000,Sales,true,KRYPTON,,0,0,0,0,,,,,,,,,,goods,2,,,Active,pcs,Pieces,KNB6448,6294015641325,,,KNB6448,IQD 10562.85347,Cost of Goods Sold,BLENDER 330ML 1*24,Inventory Asset,fifo,,Western International LLC,,,,-1,false,Inventory,true,true,true,BLENDER-12,BLENDER 330ML 1*24,,,,,,,,,,,,,Active,ELC,
4516918000019564797,2025-07-26 08:59:08,2026-08-10 13:33:53,BREAD TOASTER-4,S S Grill Maker/4 Slice/1400W/1X4,IQD 56000,Sales,true,GEEPAS,,0,0,0,0,cm,kg,,,,,,,,goods,2,,,Active,pcs,Pieces,GGT671,6294001700234,,,GGT671,IQD 23042,Cost of Goods Sold,S S Grill Maker/4 Slice/1400W/1X4,Inventory Asset,fifo,,Western International LLC,,,,45,false,Inventory,true,true,true,BREAD TOASTER-4,S S Grill Maker/4 Slice/1400W/1X4,,,,,,,,,,,,,Active,ELC,
4516918000019564816,2025-07-26 08:59:09,2026-07-30 15:24:28,BUG KILLER-3,Auto.pestkiller/nonplutin/2x4wUVTubs1x12,IQD 39000,Sales,true,GEEPAS,,0,0,0,0,,,,,,,,,,goods,2,,,Active,pcs,Pieces,GBK1151,6294015503562,,,GBK1151,IQD 23022.81159,Cost of Goods Sold,Auto.pestkiller/nonplutin/2x4wUVTubs1x12,Inventory Asset,fifo,,Western International LLC,,,,8,false,Inventory,true,true,true,BUG KILLER-3,Auto.pestkiller/nonplutin/2x4wUVTubs1x12,,,,,,,,,,,,,Active,ELC,
4516918000019564835,2025-07-26 08:59:09,2026-07-11 13:07:53,BUG KILLER-4,Electric Bug Killer/Auto pest killer/1X6,IQD 59000,Sales,true,GEEPAS,,0,0,0,0,,,,,,,,,,goods,2,,,Active,pcs,Pieces,GBK25604,6294015557206,,,GBK25604,IQD 32449.32274,Cost of Goods Sold,Electric Bug Killer/Auto pest killer/1X6,Inventory Asset,fifo,,Western International LLC,,,,4,false,Inventory,true,true,true,BUG KILLER-4,Electric Bug Killer/Auto pest killer/1X6,,,,,,,,,,,,,Active,ELC,
4516918000019564854,2025-07-26 08:59:09,2026-08-10 11:26:33,CHOPPER-6,Multichopper/SS4Blade/6L/1200W/1X6,IQD 74000,Sales,true,GEEPAS,,0,0,0,0,,,,,,,,,,goods,2,,,Active,pcs,Pieces,GMC42023,6294015532951,,,GMC42023,IQD 49896.65456,Cost of Goods Sold,Multichopper/SS4Blade/6L/1200W/1X6,Inventory Asset,fifo,,Western International LLC,,,,29,false,Inventory,true,true,true,CHOPPER-6,Multichopper/SS4Blade/6L/1200W/1X6,,,,,,,,,,,,,Active,ELC,
4516918000019564873,2025-07-26 08:59:09,2026-08-09 08:33:32,COFFEE GRINDER-5,Coffee Grinder/SS Blade/80g/200W/1x24,IQD 26000,Sales,true,GEEPAS,,0,0,0,0,cm,kg,,,,,,,,goods,2,,,Active,pcs,Pieces,GCG41023,6294015564167,,,GCG41023,IQD 12592,Cost of Goods Sold,Coffee Grinder/SS Blade/80g/200W/1x24,Inventory Asset,fifo,,Western International LLC,,,,11,false,Inventory,true,true,true,COFFEE GRINDER-5,Coffee Grinder/SS Blade/80g/200W/1x24,,,,,,,,,,,,,Active,ELC,
4516918000019564892,2025-07-26 08:59:09,2026-08-10 11:22:38,COFFEE MAKER-11,Coffee Maker/1.5L/1X4,IQD 47000,Sales,true,GEEPAS,,0,0,0,0,cm,kg,,,,,,,,goods,2,,,Active,pcs,Pieces,GCM6103,6294010889883,,,GCM6103,IQD 20127,Cost of Goods Sold,Coffee Maker/1.5L/1X4,Inventory Asset,fifo,,Western International LLC,,,,35,false,Inventory,true,true,true,COFFEE MAKER-11,Coffee Maker/1.5L/1X4,,,,,,,,,,,,,Active,ELC,
4516918000019564911,2025-07-26 08:59:09,2026-08-10 13:33:53,GARMENT STEAMER-4,Hand Held Garment Steamer/1500 Watt/1X12,IQD 39000,Sales,true,GEEPAS,,0,0,0,0,,,,,,,,,,goods,2,,,Active,pcs,Pieces,GGS25041,6294015571356,,,GGS25041,IQD 18534.1379,Cost of Goods Sold,Hand Held Garment Steamer/1500 Watt/1X12,Inventory Asset,fifo,,Western International LLC,,,,48,false,Inventory,true,true,true,GARMENT STEAMER-4,Hand Held Garment Steamer/1500 Watt/1X12,,,,,,,,,,,,,Active,ELC,
4516918000019564930,2025-07-26 08:59:09,2026-08-10 13:33:53,HAIR DRYER-6,Hair Dryer/2Spd-3Heat/Coolshot/Ionic1x12,IQD 39000,Sales,true,GEEPAS,,0,0,0,0,cm,kg,,,,,,,,goods,2,,,Active,pcs,Pieces,GHD86019,6294015509526,,,GHD86019,IQD 17346,Cost of Goods Sold,Hair Dryer/2Spd-3Heat/Coolshot/Ionic1x12,Inventory Asset,fifo,,Western International LLC,,,,69,false,Inventory,true,true,true,HAIR DRYER-6,Hair Dryer/2Spd-3Heat/Coolshot/Ionic1x12,,,,,,,,,,,,,Active,ELC,
4516918000019564949,2025-07-26 08:59:09,2026-08-10 13:39:03,HAIR DRYER-7,Hair Dryer/2000W/1X12,IQD 44000,Sales,true,GEEPAS,,0,0,0,0,cm,kg,,,,,,,,goods,2,,,Active,pcs,Pieces,GHD86072,6294015560992,,,GHD86072,IQD 19841,Cost of Goods Sold,Hair Dryer/2000W/1X12,Inventory Asset,fifo,,Western International LLC,,,,37,false,Inventory,true,true,true,HAIR DRYER-7,Hair Dryer/2000W/1X12,,,,,,,,,,,,,Active,ELC,
4516918000019564968,2025-07-26 08:59:09,2026-08-10 11:07:53,HAIR STRAIGHTENER-5,Hair Straightener (PTC Heater)-60W 1*40,IQD 26000,Sales,true,KRYPTON,,0,0,0,0,cm,kg,,,,,,,,goods,2,,,Active,pcs,Pieces,KNHS6605,6294015642094,,,KNHS6605,IQD 9238,Cost of Goods Sold,Hair Straightener (PTC Heater)-60W 1*40,Inventory Asset,fifo,,Western International LLC,,,,66,false,Inventory,true,true,true,HAIR STRAIGHTENER-5,Hair Straightener (PTC Heater)-60W 1*40,,,,,,,,,,,,,Active,ELC,
4516918000019564987,2025-07-26 08:59:09,2026-08-10 13:33:53,HAND BLENDER-7,Hand Mixer/3 Speed/150 W/1X24,IQD 24000,Sales,true,GEEPAS,,0,0,0,0,cm,kg,,,,,,,,goods,2,,,Active,pcs,Pieces,GHM43030,6294015575828,,,GHM43030,IQD 10189,Cost of Goods Sold,Hand Mixer/3 Speed/150 W/1X24,Inventory Asset,fifo,,Western International LLC,,,,20,false,Inventory,true,true,true,HAND BLENDER-7,Hand Mixer/3 Speed/150 W/1X24,,,,,,,,,,,,,Active,ELC,
4516918000019565006,2025-07-26 08:59:09,2026-08-10 13:33:53,HAND BLENDER-8,Hand Blender 600ml 180 w/1Speed/DetStick/SsBlade1X16,IQD 32000,Sales,true,KRYPTON,,0,0,0,0,cm,kg,,,,,,,,goods,2,,,Active,pcs,Pieces,KNHB6078,6294015605761,,,KNHB6078,IQD 11963,Cost of Goods Sold,Hand Blender 600ml 180 w/1Speed/DetStick/SsBlade1X16,Inventory Asset,fifo,,Western International LLC,,,,50,false,Inventory,true,true,true,HAND BLENDER-8,Hand Blender 600ml 180 w/1Speed/DetStick/SsBlade1X16,,,,,,,,,,,,,Active,ELC,
4516918000019565025,2025-07-26 08:59:09,2026-08-08 10:16:30,HOT PLATE-1,Doub. Hot Plate/155+155mm/2000Watts 1x4,IQD 38000,Sales,true,GEEPAS,,0,0,0,0,cm,kg,,,,,,,,goods,2,,,Active,pcs,Pieces,GHP32014,6294015521672,,,GHP32014,IQD 19287,Cost of Goods Sold,Doub. Hot Plate/155+155mm/2000Watts 1x4,Inventory Asset,fifo,,Western International LLC,,,,0,false,Inventory,true,true,true,HOT PLATE-1,Doub. Hot Plate/155+155mm/2000Watts 1x4,,,,,,,,,,,,,Active,ELC,
4516918000019565044,2025-07-26 08:59:09,2026-08-10 11:22:38,HOT PLATE-2,Electric Single Hot Plate 1x12,IQD 19500,Sales,true,GEEPAS,,0,0,0,0,cm,kg,,,,,,,,goods,2,,,Active,pcs,Pieces,GHP7577,6294001748540,,,GHP7577,IQD 8297,Cost of Goods Sold,Electric Single Hot Plate 1x12,Inventory Asset,fifo,,Western International LLC,,,,10,false,Inventory,true,true,true,HOT PLATE-2,Electric Single Hot Plate 1x12,,,,,,,,,,,,,Active,ELC,
4516918000019565063,2025-07-26 08:59:09,2026-08-10 13:33:53,KETTLE-7,SS Auto Cut Of Truck Kettle 0.5 Ltr 1x12,IQD 24000,Sales,true,GEEPAS,,0,0,0,0,,,,,,,,,,goods,2,,,Active,pcs,Pieces,GK38047,6294015533347,,,GK38047,IQD 13215.03608,Cost of Goods Sold,SS Auto Cut Of Truck Kettle 0.5 Ltr 1x12,Inventory Asset,fifo,,Western International LLC,,,,21,false,Inventory,true,true,true,KETTLE-7,SS Auto Cut Of Truck Kettle 0.5 Ltr 1x12,,,,,,,,,,,,,Active,ELC,
4516918000019565082,2025-07-26 08:59:10,2026-08-10 13:33:53,MENS SHAVER-2,Shaver/Digital/Waterproof 1.5Hrs/1X6,IQD 46000,Sales,true,GEEPAS,,0,0,0,0,cm,kg,,,,,,,,goods,2,,,Active,pcs,Pieces,GSR57520UK,6294015574333,,,GSR57520UK,IQD 19119,Cost of Goods Sold,Shaver/Digital/Waterproof 1.5Hrs/1X6,Inventory Asset,fifo,,Western International LLC,,,,12,false,Inventory,true,true,true,MENS SHAVER-2,Shaver/Digital/Waterproof 1.5Hrs/1X6,,,,,,,,,,,,,Active,ELC,
4516918000019565101,2025-07-26 08:59:10,2026-06-21 11:44:19,NON STICK KITCHEN TOOLS-1,Nylon Whisk/ SS Handle 1X72,IQD 2500,Sales,true,ROYALFORD,,0,0,0,0,,,,,,,,,,goods,2,,,Active,pcs,Pieces,DC2758,6294016317595,,,DC2758,IQD 872.098889,Cost of Goods Sold,Nylon Whisk/ SS Handle 1X72,Inventory Asset,fifo,,Western International LLC,,,,36,false,Inventory,true,true,true,NON STICK KITCHEN TOOLS-1,Nylon Whisk/ SS Handle 1X72,,,,,,,,,,,,,Active,ELC,
4516918000019565120,2025-07-26 08:59:10,2026-08-10 13:33:53,PERSONAL SCALE-6,Scale Body/Digital/180kg/Glass/1X6,IQD 32000,Sales,true,GEEPAS,,0,0,0,0,cm,kg,,,,,,,,goods,2,,,Active,pcs,Pieces,GBS46524UK,6294015563993,,,GBS46524UK,IQD 13241,Cost of Goods Sold,Scale Body/Digital/180kg/Glass/1X6,Inventory Asset,fifo,,Western International LLC,,,,41,false,Inventory,true,true,true,PERSONAL SCALE-6,Scale Body/Digital/180kg/Glass/1X6,,,,,,,,,,,,,Active,ELC,
4516918000019565139,2025-07-26 08:59:10,2026-08-10 13:33:53,PRESSURE COOKER-4,Digital Multi Cooker/6Ltr/1000 W/1X2,IQD 110000,Sales,true,GEEPAS,,0,0,0,0,,,,,,,,,,goods,2,,,Active,pcs,Pieces,GMC5326,6294010880279,,,GMC5326,IQD 68250.10634,Cost of Goods Sold,Digital Multi Cooker/6Ltr/1000 W/1X2,Inventory Asset,fifo,,Western International LLC,,,,3,false,Inventory,true,true,true,PRESSURE COOKER-4,Digital Multi Cooker/6Ltr/1000 W/1X2,,,,,,,,,,,,,Active,ELC,
4516918000019565158,2025-07-26 08:59:10,2026-07-11 13:07:53,RICE COOKER-1,S/S Rice Cooker/1.8L/N/s Innerpot 1x4,IQD 49000,Sales,true,GEEPAS,,0,0,0,0,,,,,,,,,,goods,2,,,Active,pcs,Pieces,GRC35041,6294015551389,,,GRC35041,IQD 30580.77732,Cost of Goods Sold,S/S Rice Cooker/1.8L/N/s Innerpot 1x4,Inventory Asset,fifo,,Western International LLC,,,,4,false,Inventory,true,true,true,RICE COOKER-1,S/S Rice Cooker/1.8L/N/s Innerpot 1x4,,,,,,,,,,,,,Active,ELC,
4516918000019565177,2025-07-26 08:59:10,2026-08-10 13:33:53,TRIMMER-15,Hair Cipper Digital 1X40,IQD 48000,Sales,true,GEEPAS,,0,0,0,0,,,,,,,,,,goods,2,,,Active,pcs,Pieces,GTR57504,6294015560954,,,GTR57504,IQD 21103.32822,Cost of Goods Sold,Hair Cipper Digital 1X40,Inventory Asset,fifo,,Western International LLC,,,,68,false,Inventory,true,true,true,TRIMMER-15,Hair Cipper Digital 1X40,,,,,,,,,,,,,Active,ELC,
4516918000019565196,2025-07-26 08:59:10,2026-08-10 08:59:13,VACUUM CLEANER-12,Rech/Cordless/Vacuum Cleaner/300W/1X4,IQD 239000,Sales,true,GEEPAS,,0,0,0,0,cm,kg,,,,,,,,goods,2,,,Active,pcs,Pieces,GVC19038,6294015562958,,,GVC19038,IQD 136177.6128,Cost of Goods Sold,Rech/Cordless/Vacuum Cleaner/300W/1X4,Inventory Asset,fifo,,Western International LLC,,,,21,false,Inventory,true,true,true,VACUUM CLEANER-12,Rech/Cordless/Vacuum Cleaner/300W/1X4,,,,,,,,,,,,,Active,ELC,
4516918000019565215,2025-07-26 08:59:10,2026-08-10 13:33:53,VACUUM CLEANER-13,Stick&Hndheld VacuumCleanr/1.2L/600W/1X6,IQD 68000,Sales,true,GEEPAS,,0,0,0,0,,,,,,,,,,goods,2,,,Active,pcs,Pieces,GVC19055-BK,6294015573374,,,GVC19055-BK,IQD 28786.14394,Cost of Goods Sold,Stick&Hndheld VacuumCleanr/1.2L/600W/1X6,Inventory Asset,fifo,,Western International LLC,,,,33,false,Inventory,true,true,true,VACUUM CLEANER-13,Stick&Hndheld VacuumCleanr/1.2L/600W/1X6,,,,,,,,,,,,,Active,ELC,
4516918000019565234,2025-07-26 08:59:10,2026-08-11 11:51:51,VACUUM CLEANER-14,Stick&handheld Vaccum Cleaner 600w 1*6,IQD 59000,Sales,true,KRYPTON,,0,0,0,0,cm,kg,,,,,,,,goods,2,,,Active,pcs,Pieces,KNVC6603,6294015642018,,,KNVC6603,IQD 24193,Cost of Goods Sold,Stick&handheld Vaccum Cleaner 600w 1*6,Inventory Asset,fifo,,Western International LLC,,,,55,false,Inventory,true,true,true,VACUUM CLEANER-14,Stick&handheld Vaccum Cleaner 600w 1*6,,,,,,,,,,,,,Active,ELC,
4516918000019795317,2025-08-02 13:48:22,2026-08-10 13:33:53,PRESSURE COOKER-5,DIGITAL Multi Cooker/8L/14Prgrms/Led Dsply /1200W/  1x2,IQD 139000,Sales,true,GEEPAS,,0,0,0,0,,,,,,,,,,goods,2,,,Active,pcs,Pieces,GMC35029,6294015530100,,,GMC35029,IQD 87922.34219,Cost of Goods Sold,DIGITAL Multi Cooker/8L/14Prgrms/Led Dsply /1200W/  1x2,Inventory Asset,fifo,,Western International LLC,,,,10,false,Inventory,true,true,true,PRESSURE COOKER-5,DIGITAL Multi Cooker/8L/14Prgrms/Led Dsply /1200W/  1x2,,,,,,,,,,,,,Active,ELC,
4516918000019795403,2025-08-02 14:01:32,2026-08-10 13:33:53,SOUND BAR-5,Portable Sound Bar System 2.0 1*4,IQD 98000,Sales,true,KRYPTON,,0,0,0,0,cm,kg,,,,,,,,goods,2,,,Active,pcs,Pieces,KNMS5482,6294015642209,,,KNMS5482,IQD 55148,Cost of Goods Sold,Portable Sound Bar System 2.0 1*4,Inventory Asset,fifo,,Western International LLC,,,,5,false,Inventory,true,true,true,SOUND BAR-5,Portable Sound Bar System 2.0 1*4,,,,,,,,,,,,,Active,ELC,
4516918000022348001,2025-09-23 08:54:04,2026-08-10 11:18:17,TEA MAKER-1,"Digital Tea Maker/Touch Cntrl/60W/1X6
",IQD 89000,Sales,true,GEEPAS,,0,0,0,0,cm,kg,,,,,,,,goods,1,,,Active,pcs,Pieces,GTM38065,6294015562996,,,GTM38065,IQD 41626.82675,Cost of Goods Sold,"Digital Tea Maker/Touch Cntrl/60W/1X6
",Inventory Asset,fifo,,Western International LLC,,,,12,false,Inventory,true,true,true,TEA MAKER-1,"Digital Tea Maker/Touch Cntrl/60W/1X6
",,,,,,,,,,,,,Active,ELC,
4516918000022348075,2025-09-23 09:06:57,2026-08-10 11:22:38,AIR FRYER-9,Dble Htng Dgtl AirFryer/2150W/9.5Ltr/1X2,IQD 189000,Sales,true,GEEPAS,,0,0,0,0,cm,kg,,,,,,,,goods,1,,,Active,pcs,Pieces,GAF37544,6294015571707,,,GAF37544,IQD 80161,Cost of Goods Sold,Dble Htng Dgtl AirFryer/2150W/9.5Ltr/1X2,Inventory Asset,fifo,,Western International LLC,,,,13,false,Inventory,true,true,true,AIR FRYER-9,Dble Htng Dgtl AirFryer/2150W/9.5Ltr/1X2,,,,,,,,,,,,,Active,ELC,
4516918000022348119,2025-09-23 09:18:56,2026-08-10 13:33:53,AIR FRYER-10,Dble Htng Dgtl AirFryer/2150W/7.5Ltr/1X4,IQD 179000,Sales,true,GEEPAS,,0,0,0,0,cm,kg,,,,,,,,goods,1,,,Active,pcs,Pieces,GAF37543,6294015571691,,,GAF37543,IQD 79655,Cost of Goods Sold,Dble Htng Dgtl AirFryer/2150W/7.5Ltr/1X4,Inventory Asset,fifo,,Western International LLC,,,,83,false,Inventory,true,true,true,AIR FRYER-10,Dble Htng Dgtl AirFryer/2150W/7.5Ltr/1X4,,,,,,,,,,,,,Active,ELC,
4516918000023670050,2025-10-30 09:38:57,2026-07-23 12:51:08,TURNER-21,Stainless Steel Slotted Turner with PP Handle,IQD 5250,Sales,true,DELCASA,,0,0,0,0,cm,kg,,,,,,,,goods,2,,,Active,pcs,Pieces,DC3357,6294016323589,,,DC3357,IQD 2022.437935,Cost of Goods Sold,Stainless Steel Slotted Turner with PP Handle,Inventory Asset,fifo,,Western International LLC,,,,87,false,Inventory,true,true,true,TURNER-21,Stainless Steel Slotted Turner with PP Handle,,,,,,,,,,,,,Active,ELC,
4516918000023670071,2025-10-30 09:38:57,2026-06-21 11:44:19,TURNER-20,Stainless Steel Cake Turner Innovative Design with PP Handle,IQD 3750,Sales,true,DELCASA,,0,0,0,0,cm,kg,,,,,,,,goods,2,,,Active,pcs,Pieces,DC3345,6294016323466,,,DC3345,IQD 1401.382077,Cost of Goods Sold,Stainless Steel Cake Turner Innovative Design with PP Handle,Inventory Asset,fifo,,Western International LLC,,,,10,false,Inventory,true,true,true,TURNER-20,Stainless Steel Cake Turner Innovative Design with PP Handle,,,,,,,,,,,,,Active,ELC,
4516918000023670092,2025-10-30 09:38:57,2026-06-07 13:39:17,TURNER-19,Nylon Turner| Serving Spoon with Wooden Finish PP Handle,IQD 3250,Sales,true,DELCASA,,0,0,0,0,cm,kg,,,,,,,,goods,2,,,Active,pcs,Pieces,DC2707,6294016317083,,,DC2707,IQD 1223.322131,Cost of Goods Sold,Nylon Turner| Serving Spoon with Wooden Finish PP Handle,Inventory Asset,fifo,,Western International LLC,,,,0,false,Inventory,true,true,true,TURNER-19,Nylon Turner| Serving Spoon with Wooden Finish PP Handle,,,,,,,,,,,,,Active,ELC,
4516918000023670113,2025-10-30 09:38:57,2026-08-09 15:51:44,TURNER-18,Nylon Slotted Turner Wooden Finish PP Handle,IQD 3250,Sales,true,DELCASA,,0,0,0,0,cm,kg,,,,,,,,goods,2,,,Active,pcs,Pieces,DC2706,6294016317076,,,DC2706,IQD 1223.322131,Cost of Goods Sold,Nylon Slotted Turner Wooden Finish PP Handle,Inventory Asset,fifo,,Western International LLC,,,,278,false,Inventory,true,true,true,TURNER-18,Nylon Slotted Turner Wooden Finish PP Handle,,,,,,,,,,,,,Active,ELC,
4516918000023670134,2025-10-30 09:38:57,2026-07-25 10:28:03,TURNER-17,PBT Plastic Egg Turner/ Black,IQD 2750,Sales,true,DELCASA,,0,0,0,0,cm,kg,,,,,,,,goods,2,,,Active,pcs,Pieces,DC3390,6294016323916,,,DC3390,IQD 918.897063,Cost of Goods Sold,PBT Plastic Egg Turner/ Black,Inventory Asset,fifo,,Western International LLC,,,,83,false,Inventory,true,true,true,TURNER-17,PBT Plastic Egg Turner/ Black,,,,,,,,,,,,,Active,ELC,
4516918000023670155,2025-10-30 09:38:57,2026-07-27 08:34:29,TURNER-16,PBT Plastic Solid Turner,IQD 2750,Sales,true,DELCASA,,0,0,0,0,cm,kg,,,,,,,,goods,2,,,Active,pcs,Pieces,DC3385,6294016323862,,,DC3385,IQD 918.897063,Cost of Goods Sold,PBT Plastic Solid Turner,Inventory Asset,fifo,,Western International LLC,,,,333,false,Inventory,true,true,true,TURNER-16,PBT Plastic Solid Turner,,,,,,,,,,,,,Active,ELC,
4516918000023670176,2025-10-30 09:38:57,2026-07-30 13:06:54,TURNER-15,PBT Plastic Slotted Turner Black,IQD 2500,Sales,true,DELCASA,,0,0,0,0,cm,kg,,,,,,,,goods,2,,,Active,pcs,Pieces,DC3389,6294016323909,,,DC3389,IQD 891.613685,Cost of Goods Sold,PBT Plastic Slotted Turner Black,Inventory Asset,fifo,,Western International LLC,,,,297,false,Inventory,true,true,true,TURNER-15,PBT Plastic Slotted Turner Black,,,,,,,,,,,,,Active,ELC,
4516918000023670197,2025-10-30 09:38:58,2026-08-01 13:24:43,TAPE-6,Double Side EVA Foam Tape- 1.5 MM X 18 MM X 5 M,IQD 2250,Sales,true,EPSILON,,0,0,0,0,cm,kg,,,,,,,,goods,2,,,Active,pcs,Pieces,ET1074,6294015601343,,,ET1074,IQD 1015.465175,Cost of Goods Sold,Double Side EVA Foam Tape- 1.5 MM X 18 MM X 5 M,Inventory Asset,fifo,,Western International LLC,,,,37,false,Inventory,true,true,true,TAPE-6,Double Side EVA Foam Tape- 1.5 MM X 18 MM X 5 M,,,,,,,,,,,,,Active,ELC,
4516918000023670218,2025-10-30 09:38:58,2026-08-10 08:08:26,TAPE-5,PVC Insulation Tape 0.13 MM X 18 MM X 10 M,IQD 1250,Sales,true,EPSILON,,0,0,0,0,cm,kg,,,,,,,,goods,2,,,Active,pcs,Pieces,ET1068,6294015601282,,,ET1068,IQD 515.305094,Cost of Goods Sold,PVC Insulation Tape 0.13 MM X 18 MM X 10 M,Inventory Asset,fifo,,Western International LLC,,,,31,false,Inventory,true,true,true,TAPE-5,PVC Insulation Tape 0.13 MM X 18 MM X 10 M,,,,,,,,,,,,,Active,ELC,
4516918000023670239,2025-10-30 09:38:58,2026-05-08 19:17:43,TAPE-4,OPP Packing Tape 0.045 MM X 48 MM X 100 Y,IQD 3500,Sales,true,EPSILON,,0,0,0,0,cm,kg,,,,,,,,goods,2,,,Active,pcs,Pieces,ET1063,6294015601237,,,ET1063,IQD 1500.10414,Cost of Goods Sold,OPP Packing Tape 0.045 MM X 48 MM X 100 Y,Inventory Asset,fifo,,Western International LLC,,,,8,false,Inventory,true,true,true,TAPE-4,OPP Packing Tape 0.045 MM X 48 MM X 100 Y,,,,,,,,,,,,,Active,ELC,
4516918000023670260,2025-10-30 09:38:58,2026-08-09 15:51:44,SPOON-30,Stainless Steel Serving Spoon,IQD 5250,Sales,true,DELCASA,,0,0,0,0,cm,kg,,,,,,,,goods,2,,,Active,pcs,Pieces,DC3353,6294016323541,,,DC3353,IQD 2015.976082,Cost of Goods Sold,Stainless Steel Serving Spoon,Inventory Asset,fifo,,Western International LLC,,,,349,false,Inventory,true,true,true,SPOON-30,Stainless Steel Serving Spoon,,,,,,,,,,,,,Active,ELC,
4516918000023670281,2025-10-30 09:38:58,2026-08-09 15:51:44,SPOON-29,Silicone Rice Spoon-Wooden Hand,IQD 3750,Sales,true,DELCASA,,0,0,0,0,cm,kg,,,,,,,,goods,2,,,Active,pcs,Pieces,DC3172,6294016321738,,,DC3172,IQD 1430.101423,Cost of Goods Sold,Silicone Rice Spoon-Wooden Hand,Inventory Asset,fifo,,Western International LLC,,,,192,false,Inventory,true,true,true,SPOON-29,Silicone Rice Spoon-Wooden Hand,,,,,,,,,,,,,Active,ELC,
4516918000023670302,2025-10-30 09:38:58,2026-08-09 13:12:00,SPOON-28,Silicone Spoon with Wooden Hand,IQD 3750,Sales,true,DELCASA,,0,0,0,0,cm,kg,,,,,,,,goods,2,,,Active,pcs,Pieces,DC3170,6294016321714,,,DC3170,IQD 1376.252649,Cost of Goods Sold,Silicone Spoon with Wooden Hand,Inventory Asset,fifo,,Western International LLC,,,,250,false,Inventory,true,true,true,SPOON-28,Silicone Spoon with Wooden Hand,,,,,,,,,,,,,Active,ELC,
4516918000023670323,2025-10-30 09:38:58,2026-07-22 09:20:54,SPOON-27,Nylon Serving Spoon,IQD 3500,Sales,true,DELCASA,,0,0,0,0,cm,kg,,,,,,,,goods,2,,,Active,pcs,Pieces,DC2762,6294016317632,,,DC2762,IQD 1290.094611,Cost of Goods Sold,Nylon Serving Spoon,Inventory Asset,fifo,,Western International LLC,,,,46,false,Inventory,true,true,true,SPOON-27,Nylon Serving Spoon,,,,,,,,,,,,,Active,ELC,
4516918000023670344,2025-10-30 09:38:58,2026-06-17 19:17:44,SPOON-26,Nylon Turner Serving Spoon,IQD 3500,Sales,true,DELCASA,,0,0,0,0,cm,kg,,,,,,,,goods,2,,,Active,pcs,Pieces,DC2764,6294016317656,,,DC2764,IQD 1284.709734,Cost of Goods Sold,Nylon Turner Serving Spoon,Inventory Asset,fifo,,Western International LLC,,,,6,false,Inventory,true,true,true,SPOON-26,Nylon Turner Serving Spoon,,,,,,,,,,,,,Active,ELC,
4516918000023670365,2025-10-30 09:38:58,2026-05-09 14:16:04,SPOON-25,Nylon Serving Spoon,IQD 3250,Sales,true,DELCASA,,0,0,0,0,cm,kg,,,,,,,,goods,2,,,Active,pcs,Pieces,DC2710,6294016317113,,,DC2710,IQD 1223.322131,Cost of Goods Sold,Nylon Serving Spoon,Inventory Asset,fifo,,Western International LLC,,,,6,false,Inventory,true,true,true,SPOON-25,Nylon Serving Spoon,,,,,,,,,,,,,Active,ELC,
4516918000023670386,2025-10-30 09:38:59,2026-07-27 08:34:29,SPOON-24,PBT Plastic Serving Spoon Heat Resistant/ Black,IQD 2750,Sales,true,DELCASA,,0,0,0,0,cm,kg,,,,,,,,goods,2,,,Active,pcs,Pieces,DC3387,6294016323886,,,DC3387,IQD 918.897063,Cost of Goods Sold,PBT Plastic Serving Spoon Heat Resistant/ Black,Inventory Asset,fifo,,Western International LLC,,,,259,false,Inventory,true,true,true,SPOON-24,PBT Plastic Serving Spoon Heat Resistant/ Black,,,,,,,,,,,,,Active,ELC,
4516918000023670407,2025-10-30 09:38:59,2026-05-08 19:17:45,SPANNER-10,8 Piece Combination Spanner Set,IQD 15750,Sales,true,EPSILON,,0,0,0,0,cm,kg,,,,,,,,goods,2,,,Active,pcs,Pieces,ET1049,6294015601091,,,ET1049,IQD 6777.283977,Cost of Goods Sold,8 Piece Combination Spanner Set,Inventory Asset,fifo,,Western International LLC,,,,6,false,Inventory,true,true,true,SPANNER-10,8 Piece Combination Spanner Set,,,,,,,,,,,,,Active,ELC,
4516918000023670428,2025-10-30 09:38:59,2026-07-30 14:23:20,SOUND BAR-6,120W Sound bar Speaker System,IQD 168000,Sales,true,GEEPAS,,0,0,0,0,cm,kg,,,,,,,,goods,2,,,Active,pcs,Pieces,GSRB120BT,6294015571509,,,GSRB120BT,IQD 100093.1623,Cost of Goods Sold,120W Sound bar Speaker System,Inventory Asset,fifo,,Western International LLC,,,,5,false,Inventory,true,true,true,SOUND BAR-6,120W Sound bar Speaker System,,,,,,,,,,,,,Active,ELC,
4516918000023670449,2025-10-30 09:38:59,2026-08-12 10:32:35,SOCKET-9,3250W Universal Adapter Comes with 13A Power,IQD 13250,Sales,true,EPSILON,,0,0,0,0,cm,kg,,,,,,,,goods,2,,,Active,pcs,Pieces,EPSES220,6294015653724,,,EPSES220,IQD 5722.836534,Cost of Goods Sold,3250W Universal Adapter Comes with 13A Power,Inventory Asset,fifo,,Western International LLC,,,,0,false,Inventory,true,true,true,SOCKET-9,3250W Universal Adapter Comes with 13A Power,,,,,,,,,,,,,Active,ELC,
4516918000023670470,2025-10-30 09:38:59,2026-06-27 09:52:33,SOCKET-8,2 Way Universal Adaptor Global Compatibility,IQD 1750,Sales,true,EPSILON,,0,0,0,0,cm,kg,,,,,,,,goods,2,,,Active,pcs,Pieces,ES1514,6294015652079,,,ES1514,IQD 789.300325,Cost of Goods Sold,2 Way Universal Adaptor Global Compatibility,Inventory Asset,fifo,,Western International LLC,,,,245,false,Inventory,true,true,true,SOCKET-8,2 Way Universal Adaptor Global Compatibility,,,,,,,,,,,,,Active,ELC,
4516918000023670491,2025-10-30 09:38:59,2026-07-13 11:01:59,SOCKET-7,Universal / Global Compatibility,IQD 4500,Sales,true,EPSILON,,0,0,0,0,cm,kg,,,,,,,,goods,2,,,Active,pcs,Pieces,ES1511,6294015652048,,,ES1511,IQD 1979.358227,Cost of Goods Sold,Universal / Global Compatibility,Inventory Asset,fifo,,Western International LLC,,,,45,false,Inventory,true,true,true,SOCKET-7,Universal / Global Compatibility,,,,,,,,,,,,,Active,ELC,
4516918000023670512,2025-10-30 09:38:59,2026-06-27 21:11:21,SOCKET-6,4 Way Universal Adapter,IQD 7750,Sales,true,EPSILON,,0,0,0,0,cm,kg,,,,,,,,goods,2,,,Active,pcs,Pieces,ES1093,6294015643589,,,ES1093,IQD 3147.87662,Cost of Goods Sold,4 Way Universal Adapter,Inventory Asset,fifo,,Western International LLC,,,,14,false,Inventory,true,true,true,SOCKET-6,4 Way Universal Adapter,,,,,,,,,,,,,Active,ELC,
4516918000023670533,2025-10-30 09:38:59,2026-05-08 19:17:45,SKIMMER-10,PBT Plastic Skimmer/ Black,IQD 2500,Sales,true,DELCASA,,0,0,0,0,cm,kg,,,,,,,,goods,2,,,Active,pcs,Pieces,DC3388,6294016323893,,,DC3388,IQD 891.613685,Cost of Goods Sold,PBT Plastic Skimmer/ Black,Inventory Asset,fifo,,Western International LLC,,,,84,false,Inventory,true,true,true,SKIMMER-10,PBT Plastic Skimmer/ Black,,,,,,,,,,,,,Active,ELC,
4516918000023670554,2025-10-30 09:38:59,2026-07-17 12:47:21,SILICON GUN-1,"Silicone Caulking Gun High Quality Gun, Yellow",IQD 4500,Sales,true,EPSILON,,0,0,0,0,cm,kg,,,,,,,,goods,2,,,Active,pcs,Pieces,ET1181,6294015645743,,,ET1181,IQD 2033.791741,Cost of Goods Sold,"Silicone Caulking Gun High Quality Gun, Yellow",Inventory Asset,fifo,,Western International LLC,,,,26,false,Inventory,true,true,true,SILICON GUN-1,"Silicone Caulking Gun High Quality Gun, Yellow",,,,,,,,,,,,,Active,ELC,
4516918000023670575,2025-10-30 09:39:00,2026-07-19 11:56:22,SAUCE BRUSH-5,"Oil Brush, Silicone Head with a Wooden Handle",IQD 3750,Sales,true,DELCASA,,0,0,0,0,cm,kg,,,,,,,,goods,2,,,Active,pcs,Pieces,DC3171,6294016321721,,,DC3171,IQD 1424.357554,Cost of Goods Sold,"Oil Brush, Silicone Head with a Wooden Handle",Inventory Asset,fifo,,Western International LLC,,,,96,false,Inventory,true,true,true,SAUCE BRUSH-5,"Oil Brush, Silicone Head with a Wooden Handle",,,,,,,,,,,,,Active,ELC,
4516918000023670596,2025-10-30 09:39:00,2026-05-08 19:17:46,PRESSURE COOKER-9,Stainless Steel Pressure Cooker,IQD 84000,Sales,true,ROYALFORD,,0,0,0,0,cm,kg,,,,,,,,goods,2,,,Active,pcs,Pieces,RF9650,6294016410036,,,RF9650,IQD 52053.88041,Cost of Goods Sold,Stainless Steel Pressure Cooker,Inventory Asset,fifo,,Western International LLC,,,,2,false,Inventory,true,true,true,PRESSURE COOKER-9,Stainless Steel Pressure Cooker,,,,,,,,,,,,,Active,ELC,
4516918000023670617,2025-10-30 09:39:00,2026-05-08 19:17:46,PRESSURE COOKER-8,11.0 L Aluminum Pressure Cooker,IQD 52500,Sales,true,ROYALFORD,,0,0,0,0,cm,kg,,,,,,,,goods,2,,,Active,pcs,Pieces,RF11176,6294016427461,,,RF11176,IQD 32835.01605,Cost of Goods Sold,11.0 L Aluminum Pressure Cooker,Inventory Asset,fifo,,Western International LLC,,,,2,false,Inventory,true,true,true,PRESSURE COOKER-8,11.0 L Aluminum Pressure Cooker,,,,,,,,,,,,,Active,ELC,
4516918000023670638,2025-10-30 09:39:00,2026-05-09 14:16:04,PRESSURE COOKER-7,9 L Aluminum Pressure Cooker,IQD 44000,Sales,true,ROYALFORD,,0,0,0,0,cm,kg,,,,,,,,goods,2,,,Active,pcs,Pieces,RF11175,6294016427454,,,RF11175,IQD 27476.59612,Cost of Goods Sold,9 L Aluminum Pressure Cooker,Inventory Asset,fifo,,Western International LLC,,,,2,false,Inventory,true,true,true,PRESSURE COOKER-7,9 L Aluminum Pressure Cooker,,,,,,,,,,,,,Active,ELC,
4516918000023670659,2025-10-30 09:39:00,2026-05-08 19:17:46,PRESSURE COOKER-6,7 L Aluminum Pressure Cooker,IQD 39000,Sales,true,ROYALFORD,,0,0,0,0,cm,kg,,,,,,,,goods,2,,,Active,pcs,Pieces,RF11174,6294016427447,,,RF11174,IQD 24288.99273,Cost of Goods Sold,7 L Aluminum Pressure Cooker,Inventory Asset,fifo,,Western International LLC,,,,2,false,Inventory,true,true,true,PRESSURE COOKER-6,7 L Aluminum Pressure Cooker,,,,,,,,,,,,,Active,ELC,
4516918000023670680,2025-10-30 09:39:01,2026-07-22 09:20:54,PAN-36,Aurora 6-piece Forged Aluminum Cookware Set,IQD 68000,Sales,true,ROYALFORD,,0,0,0,0,cm,kg,,,,,,,,goods,2,,,Active,pcs,Pieces,RF12628,6294016444727,,,RF12628,IQD 41040.93097,Cost of Goods Sold,Aurora 6-piece Forged Aluminum Cookware Set,Inventory Asset,fifo,,Western International LLC,,,,6,false,Inventory,true,true,true,PAN-36,Aurora 6-piece Forged Aluminum Cookware Set,,,,,,,,,,,,,Active,ELC,
4516918000023670701,2025-10-30 09:39:01,2026-08-10 13:33:53,PAN-35,Glass Gas Hob 5 Burner Glass Stove,IQD 189000,Sales,true,GEEPAS,,0,0,0,0,cm,kg,,,,,,,,goods,2,,,Active,pcs,Pieces,GGC31011,6294015509274,,,GGC31011,IQD 124892.9159,Cost of Goods Sold,Glass Gas Hob 5 Burner Glass Stove,Inventory Asset,fifo,,Western International LLC,,,,4,false,Inventory,true,true,true,PAN-35,Glass Gas Hob 5 Burner Glass Stove,,,,,,,,,,,,,Active,ELC,
4516918000023670722,2025-10-30 09:39:01,2026-07-27 08:34:29,PAN-30,Smart Fry Pan with Durable Marble Coating,IQD 22250,Sales,true,ROYALFORD,,0,0,0,0,cm,kg,,,,,,,,goods,2,,,Active,pcs,Pieces,RF9465,6294016407524,,,RF9465,IQD 10990.69396,Cost of Goods Sold,Smart Fry Pan with Durable Marble Coating,Inventory Asset,fifo,,Western International LLC,,,,46,false,Inventory,true,true,true,PAN-30,Smart Fry Pan with Durable Marble Coating,,,,,,,,,,,,,Active,ELC,
4516918000023670743,2025-10-30 09:39:01,2026-08-09 15:51:44,PAN-29,28cm Smart Fry Pan,IQD 21500,Sales,true,ROYALFORD,,0,0,0,0,cm,kg,,,,,,,,goods,2,,,Active,pcs,Pieces,RF9465BGE,6294016413945,,,RF9465BGE,IQD 10674.49289,Cost of Goods Sold,28cm Smart Fry Pan,Inventory Asset,fifo,,Western International LLC,,,,81,false,Inventory,true,true,true,PAN-29,28cm Smart Fry Pan,,,,,,,,,,,,,Active,ELC,
4516918000023670764,2025-10-30 09:39:01,2026-05-08 19:17:47,PAN-28,16 cm Stainless Steel Saucepan,IQD 24250,Sales,true,ROYALFORD,,0,0,0,0,cm,kg,,,,,,,,goods,2,,,Active,pcs,Pieces,RF11122,6294016426907,,,RF11122,IQD 10370.6001,Cost of Goods Sold,16 cm Stainless Steel Saucepan,Inventory Asset,fifo,,Western International LLC,,,,4,false,Inventory,true,true,true,PAN-28,16 cm Stainless Steel Saucepan,,,,,,,,,,,,,Active,ELC,
4516918000023670785,2025-10-30 09:39:01,2026-08-09 15:51:44,PAN-27,24cm Smart Fry Pan,IQD 17750,Sales,true,ROYALFORD,,0,0,0,0,cm,kg,,,,,,,,goods,2,,,Active,pcs,Pieces,RF9463BGE,6294016413921,,,RF9463BGE,IQD 8825.909563,Cost of Goods Sold,24cm Smart Fry Pan,Inventory Asset,fifo,,Western International LLC,,,,57,false,Inventory,true,true,true,PAN-27,24cm Smart Fry Pan,,,,,,,,,,,,,Active,ELC,
4516918000023670806,2025-10-30 09:39:01,2026-05-08 19:17:47,PAN-26,14 cm Stainless Steel Saucepan,IQD 17250,Sales,true,ROYALFORD,,0,0,0,0,cm,kg,,,,,,,,goods,2,,,Active,pcs,Pieces,RF11121,6294016426891,,,RF11121,IQD 8466.629471,Cost of Goods Sold,14 cm Stainless Steel Saucepan,Inventory Asset,fifo,,Western International LLC,,,,4,false,Inventory,true,true,true,PAN-26,14 cm Stainless Steel Saucepan,,,,,,,,,,,,,Active,ELC,
4516918000023670827,2025-10-30 09:39:01,2026-05-09 14:16:04,PAN-25,Stick Loaf Pan | 34.5 X 15.8 X 6.5 Cm,IQD 8000,Sales,true,ROYALFORD,,0,0,0,0,cm,kg,,,,,,,,goods,2,,,Active,pcs,Pieces,RF8788,6294016400754,,,RF8788,IQD 3934.428398,Cost of Goods Sold,Stick Loaf Pan | 34.5 X 15.8 X 6.5 Cm,Inventory Asset,fifo,,Western International LLC,,,,0,false,Inventory,true,true,true,PAN-25,Stick Loaf Pan | 34.5 X 15.8 X 6.5 Cm,,,,,,,,,,,,,Active,ELC,
4516918000023670848,2025-10-30 09:39:01,2026-05-09 14:16:04,PAN-24,Round Pan/Tray 27 cm,IQD 6250,Sales,true,ROYALFORD,,0,0,0,0,cm,kg,,,,,,,,goods,2,,,Active,pcs,Pieces,RF8789,6294016400761,,,RF8789,IQD 3090.079625,Cost of Goods Sold,Round Pan/Tray 27 cm,Inventory Asset,fifo,,Western International LLC,,,,0,false,Inventory,true,true,true,PAN-24,Round Pan/Tray 27 cm,,,,,,,,,,,,,Active,ELC,
4516918000023670869,2025-10-30 09:39:01,2026-08-01 09:11:03,LADLE-12,Delcasa Stainless steel Soup Ladle/ Silver and Blue,IQD 6250,Sales,true,DELCASA,,0,0,0,0,,,,,,,,,,goods,2,,,Active,pcs,Pieces,DC3354,6294016323558,,,DC3354,IQD 2521.436573,Cost of Goods Sold,Delcasa Stainless steel Soup Ladle/ Silver and Blue,Inventory Asset,fifo,,Western International LLC,,,,380,false,Inventory,true,true,true,LADLE-12,Delcasa Stainless steel Soup Ladle/ Silver and Blue,,,,,,,,,,,,,Active,ELC,
4516918000023670890,2025-10-30 09:39:02,2026-07-25 10:28:03,LADLE-11,Delcasa Nylon Ladle|Wooden Finish PP Handle| Black,IQD 3250,Sales,true,DELCASA,,0,0,0,0,,,,,,,,,,goods,2,,,Active,pcs,Pieces,DC2709,6294016317106,,,DC2709,IQD 1223.322131,Cost of Goods Sold,Delcasa Nylon Ladle|Wooden Finish PP Handle| Black,Inventory Asset,fifo,,Western International LLC,,,,98,false,Inventory,true,true,true,LADLE-11,Delcasa Nylon Ladle|Wooden Finish PP Handle| Black,,,,,,,,,,,,,Active,ELC,
4516918000023670911,2025-10-30 09:39:02,2026-08-09 13:01:54,LADLE-10,Delcasa PBT Plastic Soup Ladle Black,IQD 2500,Sales,true,DELCASA,,0,0,0,0,,,,,,,,,,goods,2,,,Active,pcs,Pieces,DC3386,6294016323879,,,DC3386,IQD 891.613685,Cost of Goods Sold,Delcasa PBT Plastic Soup Ladle Black,Inventory Asset,fifo,,Western International LLC,,,,263,false,Inventory,true,true,true,LADLE-10,Delcasa PBT Plastic Soup Ladle Black,,,,,,,,,,,,,Active,ELC,
4516918000023670932,2025-10-30 09:39:02,2026-07-22 09:20:54,JUICE EXTRACTOR-5,100W Citrus Juicer Electric  Brushed Stainless Steel Fruit Juicer,IQD 55000,Sales,true,GEEPAS,,0,0,0,0,cm,kg,,,,,,,,goods,2,,,Active,pcs,Pieces,GCJ46013UK,6294015510645,,,GCJ46013UK,IQD 29279.22313,Cost of Goods Sold,100W Citrus Juicer Electric  Brushed Stainless Steel Fruit Juicer,Inventory Asset,fifo,,Western International LLC,,,,12,false,Inventory,true,true,true,JUICE EXTRACTOR-5,100W Citrus Juicer Electric  Brushed Stainless Steel Fruit Juicer,,,,,,,,,,,,,Active,ELC,
4516918000023670953,2025-10-30 09:39:02,2026-08-10 11:22:38,IRON-9,"2300w - 220ml 2-in-1 Steam Iron, Adjustable Temperature Control",IQD 34000,Sales,true,GEEPAS,,0,0,0,0,cm,kg,,,,,,,,goods,2,,,Active,pcs,Pieces,GSI7703,6294001710547,,,GSI7703,IQD 14310,Cost of Goods Sold,"2300w - 220ml 2-in-1 Steam Iron, Adjustable Temperature Control",Inventory Asset,fifo,,Western International LLC,,,,17,false,Inventory,true,true,true,IRON-9,"2300w - 220ml 2-in-1 Steam Iron, Adjustable Temperature Control",,,,,,,,,,,,,Active,ELC,
4516918000023670974,2025-10-30 09:39:02,2026-08-10 13:33:53,IRON-11,"Handheld Garment Steamer- 380 ml, 1500 w/ Black",IQD 44000,Sales,true,KRYPTON,,0,0,0,0,cm,kg,,,,,,,,goods,2,,,Active,pcs,Pieces,KNGS6606,6294015642100,,,KNGS6606,IQD 17786,Cost of Goods Sold,"Handheld Garment Steamer- 380 ml, 1500 w/ Black",Inventory Asset,fifo,,Western International LLC,,,,10,false,Inventory,true,true,true,IRON-11,"Handheld Garment Steamer- 380 ml, 1500 w/ Black",,,,,,,,,,,,,Active,ELC,
4516918000023670995,2025-10-30 09:39:02,2026-08-10 13:33:53,IRON-10,"Ceramic Steam Iron 2200 W Power, Black",IQD 39000,Sales,true,GEEPAS,,0,0,0,0,cm,kg,,,,,,,,goods,2,,,Active,pcs,Pieces,GSI7801,6294015503265,,,GSI7801,IQD 17791,Cost of Goods Sold,"Ceramic Steam Iron 2200 W Power, Black",Inventory Asset,fifo,,Western International LLC,,,,13,false,Inventory,true,true,true,IRON-10,"Ceramic Steam Iron 2200 W Power, Black",,,,,,,,,,,,,Active,ELC,
4516918000023671016,2025-10-30 09:39:02,2026-08-09 13:26:12,HAND MIXER-5,Stainless Steel Flat Grater- Rust-Free Materia,IQD 3750,Sales,true,DELCASA,,0,0,0,0,cm,kg,,,,,,,,goods,2,,,Active,pcs,Pieces,DC3348,6294016323497,,,DC3348,IQD 1403.177036,Cost of Goods Sold,Stainless Steel Flat Grater- Rust-Free Materia,Inventory Asset,fifo,,Western International LLC,,,,303,false,Inventory,true,true,true,HAND MIXER-5,Stainless Steel Flat Grater- Rust-Free Materia,,,,,,,,,,,,,Active,ELC,
4516918000023671037,2025-10-30 09:39:02,2026-07-25 10:28:03,HAND MIXER-4,Nylon Whisk with a PP Handle,IQD 3500,Sales,true,DELCASA,,0,0,0,0,cm,kg,,,,,,,,goods,2,,,Active,pcs,Pieces,DC2711,6294016317120,,,DC2711,IQD 1279.324856,Cost of Goods Sold,Nylon Whisk with a PP Handle,Inventory Asset,fifo,,Western International LLC,,,,61,false,Inventory,true,true,true,HAND MIXER-4,Nylon Whisk with a PP Handle,,,,,,,,,,,,,Active,ELC,
4516918000023671058,2025-10-30 09:39:02,2026-06-07 13:39:17,HAND MIXER-3,Silicone Whisk with a Comfortable Wooden Handle,IQD 3500,Sales,true,DELCASA,,0,0,0,0,cm,kg,,,,,,,,goods,2,,,Active,pcs,Pieces,DC3175,6294016321769,,,DC3175,IQD 1080.084393,Cost of Goods Sold,Silicone Whisk with a Comfortable Wooden Handle,Inventory Asset,fifo,,Western International LLC,,,,85,false,Inventory,true,true,true,HAND MIXER-3,Silicone Whisk with a Comfortable Wooden Handle,,,,,,,,,,,,,Active,ELC,
4516918000023671079,2025-10-30 09:39:03,2026-08-10 11:07:53,HAIR STYLER-4,4-IN-1 Hair Style 3 Speed,IQD 39000,Sales,true,GEEPAS,,0,0,0,0,cm,kg,,,,,,,,goods,2,,,Active,pcs,Pieces,GH86067,6294015552775,,,GH86067,IQD 17483,Cost of Goods Sold,4-IN-1 Hair Style 3 Speed,Inventory Asset,fifo,,Western International LLC,,,,8,false,Inventory,true,true,true,HAIR STYLER-4,4-IN-1 Hair Style 3 Speed,,,,,,,,,,,,,Active,ELC,
4516918000023671100,2025-10-30 09:39:03,2026-07-18 09:27:33,HAIR STRAIGHTENER-6,"Professional Digital Hair Straightener, 360-Degree Swivel Cord",IQD 29000,Sales,true,GEEPAS,,0,0,0,0,cm,kg,,,,,,,,goods,2,,,Active,pcs,Pieces,GHS86076,6294015562811,,,GHS86076,IQD 14814.91037,Cost of Goods Sold,"Professional Digital Hair Straightener, 360-Degree Swivel Cord",Inventory Asset,fifo,,Western International LLC,,,,2,false,Inventory,true,true,true,HAIR STRAIGHTENER-6,"Professional Digital Hair Straightener, 360-Degree Swivel Cord",,,,,,,,,,,,,Active,ELC,
4516918000023671121,2025-10-30 09:39:03,2026-07-21 23:23:20,HAIR DRYER-9,1800 W Hair Dryer High Speed and Turbo Function,IQD 85000,Sales,true,GEEPAS,,0,0,0,0,cm,kg,,,,,,,,goods,2,,,Active,pcs,Pieces,GH86065,6294015542554,,,GH86065,IQD 46497.80616,Cost of Goods Sold,1800 W Hair Dryer High Speed and Turbo Function,Inventory Asset,fifo,,Western International LLC,,,,8,false,Inventory,true,true,true,HAIR DRYER-9,1800 W Hair Dryer High Speed and Turbo Function,,,,,,,,,,,,,Active,ELC,
4516918000023671142,2025-10-30 09:39:03,2026-08-10 13:33:53,HAIR DRYER-8,3-in-1 Hot Dryer and Straightener Brush,IQD 36000,Sales,true,GEEPAS,,0,0,0,0,cm,kg,,,,,,,,goods,2,,,Active,pcs,Pieces,GH86062,6294015541281,,,GH86062,IQD 15104,Cost of Goods Sold,3-in-1 Hot Dryer and Straightener Brush,Inventory Asset,fifo,,Western International LLC,,,,12,false,Inventory,true,true,true,HAIR DRYER-8,3-in-1 Hot Dryer and Straightener Brush,,,,,,,,,,,,,Active,ELC,
4516918000023671163,2025-10-30 09:39:03,2026-08-11 11:51:51,HAIR CLIPPER-3,Digital Hair Clipper High Performance,IQD 48000,Sales,true,GEEPAS,,0,0,0,0,cm,kg,,,,,,,,goods,2,,,Active,pcs,Pieces,GTR56032,6294015559842,,,GTR56032,IQD 23619.05376,Cost of Goods Sold,Digital Hair Clipper High Performance,Inventory Asset,fifo,,Western International LLC,,,,10,false,Inventory,true,true,true,HAIR CLIPPER-3,Digital Hair Clipper High Performance,,,,,,,,,,,,,Active,ELC,
4516918000023671184,2025-10-30 09:39:03,2026-08-11 11:58:46,HAIR CLIPPER-2,"Professional Hair Clipper, LED Display",IQD 43000,Sales,true,GEEPAS,,0,0,0,0,cm,kg,,,,,,,,goods,2,,,Active,pcs,Pieces,GTR56030,6294015551402,,,GTR56030,IQD 20902.651,Cost of Goods Sold,"Professional Hair Clipper, LED Display",Inventory Asset,fifo,,Western International LLC,,,,35,false,Inventory,true,true,true,HAIR CLIPPER-2,"Professional Hair Clipper, LED Display",,,,,,,,,,,,,Active,ELC,
4516918000023671205,2025-10-30 09:39:03,2026-07-28 20:10:45,HAIR CLIPPER-1,Professional Digital Hair Clipper,IQD 20250,Sales,true,GEEPAS,,0,0,0,0,cm,kg,,,,,,,,goods,2,,,Active,pcs,Pieces,GTR56039,6294015557404,,,GTR56039,IQD 9803.585755,Cost of Goods Sold,Professional Digital Hair Clipper,Inventory Asset,fifo,,Western International LLC,,,,7,false,Inventory,true,true,true,HAIR CLIPPER-1,Professional Digital Hair Clipper,,,,,,,,,,,,,Active,ELC,
4516918000023671226,2025-10-30 09:39:03,2026-06-07 13:39:17,HACKSAW-1,"Epsilon 6"" Mini Hacksaw| Black",IQD 5250,Sales,true,EPSILON,,0,0,0,0,,,,,,,,,,goods,2,,,Active,pcs,Pieces,ET1199,6294015645675,,,ET1199,IQD 2359.407871,Cost of Goods Sold,"Epsilon 6"" Mini Hacksaw| Black",Inventory Asset,fifo,,Western International LLC,,,,48,false,Inventory,true,true,true,HACKSAW-1,"Epsilon 6"" Mini Hacksaw| Black",,,,,,,,,,,,,Active,ELC,
4516918000023671247,2025-10-30 09:39:03,2026-08-11 11:51:51,GRILL MAKER-5,"4 Slice Grill Maker, 2000W",IQD 69000,Sales,true,KRYPTON,,0,0,0,0,cm,kg,,,,,,,,goods,2,,,Active,pcs,Pieces,KNGM6359,6294015634525,,,KNGM6359,IQD 40720.71124,Cost of Goods Sold,"4 Slice Grill Maker, 2000W",Inventory Asset,fifo,,Western International LLC,,,,9,false,Inventory,true,true,true,GRILL MAKER-5,"4 Slice Grill Maker, 2000W",,,,,,,,,,,,,Active,ELC,
4516918000023671268,2025-10-30 09:39:04,2026-08-10 13:33:53,ELECTRICAL COOKER-5,4-Burner Gas Cooker- Size 130/100/70/50 mm,IQD 134000,Sales,true,GEEPAS,,0,0,0,0,cm,kg,,,,,,,,goods,2,,,Active,pcs,Pieces,GK4410,6294001744283,,,GK4410,IQD 83634.73973,Cost of Goods Sold,4-Burner Gas Cooker- Size 130/100/70/50 mm,Inventory Asset,fifo,,Western International LLC,,,,3,false,Inventory,true,true,true,ELECTRICAL COOKER-5,4-Burner Gas Cooker- Size 130/100/70/50 mm,,,,,,,,,,,,,Active,ELC,
4516918000023671289,2025-10-30 09:39:04,2026-08-10 13:33:53,ELECTRICAL COOKER-4,"Built-In Gas Hob Stainless Steel Stove, 4 Burners",IQD 128000,Sales,true,GEEPAS,,0,0,0,0,cm,kg,,,,,,,,goods,2,,,Active,pcs,Pieces,GGC31026,6294015533088,,,GGC31026,IQD 80097.89245,Cost of Goods Sold,"Built-In Gas Hob Stainless Steel Stove, 4 Burners",Inventory Asset,fifo,,Western International LLC,,,,4,false,Inventory,true,true,true,ELECTRICAL COOKER-4,"Built-In Gas Hob Stainless Steel Stove, 4 Burners",,,,,,,,,,,,,Active,ELC,
4516918000023671310,2025-10-30 09:39:04,2026-08-10 22:32:50,CAKE MAKER-1,12Pcs Mini Cake Maker 1400W,IQD 49000,Sales,true,GEEPAS,,0,0,0,0,cm,kg,,,,,,,,goods,2,,,Active,pcs,Pieces,GCM3762,6294001728726,,,GCM3762,IQD 26503.61718,Cost of Goods Sold,12Pcs Mini Cake Maker 1400W,Inventory Asset,fifo,,Western International LLC,,,,11,false,Inventory,true,true,true,CAKE MAKER-1,12Pcs Mini Cake Maker 1400W,,,,,,,,,,,,,Active,ELC,
4516918000023671331,2025-10-30 09:39:04,2026-08-09 15:51:44,CLOTH-8,Royalford 5 Pcs Rosele Wilkin's Scouring Pad  Reusable,IQD 2000,Sales,true,ROYALFORD,,0,0,0,0,,,,,,,,,,goods,2,,,Active,pcs,Pieces,RF4860 SS,6294009933986,,,RF4860 SS,IQD 993.157087,Cost of Goods Sold,Royalford 5 Pcs Rosele Wilkin's Scouring Pad  Reusable,Inventory Asset,fifo,,Western International LLC,,,,106,false,Inventory,true,true,true,CLOTH-8,Royalford 5 Pcs Rosele Wilkin's Scouring Pad  Reusable,,,,,,,,,,,,,Active,ELC,
4516918000023671352,2025-10-30 09:39:04,2026-08-09 15:51:44,KNIFE-34,"5"" Fruit Knife-  With Extra-Sharp Stainless Steel Blades",IQD 5250,Sales,true,ROYALFORD,,0,0,0,0,cm,kg,,,,,,,,goods,2,,,Active,pcs,Pieces,RF12096,6294016437026,,,RF12096,IQD 2280.194066,Cost of Goods Sold,"5"" Fruit Knife-  With Extra-Sharp Stainless Steel Blades",Inventory Asset,fifo,,Western International LLC,,,,86,false,Inventory,true,true,true,KNIFE-34,"5"" Fruit Knife-  With Extra-Sharp Stainless Steel Blades",,,,,,,,,,,,,Active,ELC,
4516918000023671373,2025-10-30 09:39:04,2026-05-13 08:57:17,GARLIC PRESSER-4,Garlic Press Stainless Steel Head with a PP Handle,IQD 7750,Sales,true,DELCASA,,0,0,0,0,cm,kg,,,,,,,,goods,2,,,Active,pcs,Pieces,DC3350,6294016323510,,,DC3350,IQD 2957.970633,Cost of Goods Sold,Garlic Press Stainless Steel Head with a PP Handle,Inventory Asset,fifo,,Western International LLC,,,,3,false,Inventory,true,true,true,GARLIC PRESSER-4,Garlic Press Stainless Steel Head with a PP Handle,,,,,,,,,,,,,Active,ELC,
4516918000023671394,2025-10-30 09:39:04,2026-07-22 09:20:54,TRIMMER-16,"3-in-1 Grooming Kit, Rechargeable Trimmer T-Blade",IQD 34750,Sales,true,GEEPAS,,0,0,0,0,cm,kg,,,,,,,,goods,2,,,Active,pcs,Pieces,GTR56045,6294015535044,,,GTR56045,IQD 16879.31464,Cost of Goods Sold,"3-in-1 Grooming Kit, Rechargeable Trimmer T-Blade",Inventory Asset,fifo,,Western International LLC,,,,8,false,Inventory,true,true,true,TRIMMER-16,"3-in-1 Grooming Kit, Rechargeable Trimmer T-Blade",,,,,,,,,,,,,Active,ELC,
4516918000023671415,2025-10-30 09:39:04,2026-08-03 21:38:51,LADIES EPILATOR-8,Geepas Rechargeable Ladies Grooming Set | 4-in-1,IQD 46000,Sales,true,GEEPAS,,0,0,0,0,,,,,,,,,,goods,2,,,Active,pcs,Pieces,GLS86053,6294015531688,,,GLS86053,IQD 21316.02776,Cost of Goods Sold,Geepas Rechargeable Ladies Grooming Set | 4-in-1,Inventory Asset,fifo,,Western International LLC,,,,46,false,Inventory,true,true,true,LADIES EPILATOR-8,Geepas Rechargeable Ladies Grooming Set | 4-in-1,,,,,,,,,,,,,Active,ELC,
4516918000023671436,2025-10-30 09:39:05,2026-08-11 11:51:51,PERSONAL SCALE-7,"Electronic Personal Scale Human Body-Weight, 180 kg",IQD 46000,Sales,true,GEEPAS,,0,0,0,0,cm,kg,,,,,,,,goods,2,,,Active,pcs,Pieces,GBS46529,6294015565034,,,GBS46529,IQD 23046.42113,Cost of Goods Sold,"Electronic Personal Scale Human Body-Weight, 180 kg",Inventory Asset,fifo,,Western International LLC,,,,6,false,Inventory,true,true,true,PERSONAL SCALE-7,"Electronic Personal Scale Human Body-Weight, 180 kg",,,,,,,,,,,,,Active,ELC,
4516918000023671457,2025-10-30 09:39:05,2026-05-08 19:17:52,BUG KILLER-5,"20W Electric Insect Killer Automatic Pest Killing Machine, 2x10 W",IQD 45500,Sales,true,GEEPAS,,0,0,0,0,cm,kg,,,,,,,,goods,2,,,Active,pcs,Pieces,GBK25612,6294015571974,,,GBK25612,IQD 23740.09423,Cost of Goods Sold,"20W Electric Insect Killer Automatic Pest Killing Machine, 2x10 W",Inventory Asset,fifo,,Western International LLC,,,,0,false,Inventory,true,true,true,BUG KILLER-5,"20W Electric Insect Killer Automatic Pest Killing Machine, 2x10 W",,,,,,,,,,,,,Active,ELC,
4516918000023671478,2025-10-30 09:39:05,2026-08-10 13:33:53,BLENDER-13,2-liter Professional Blender 2000W,IQD 148000,Sales,true,GEEPAS,,0,0,0,0,cm,kg,,,,,,,,goods,2,,,Active,pcs,Pieces,GSB44078,6294015532241,,,GSB44078,IQD 86523.04837,Cost of Goods Sold,2-liter Professional Blender 2000W,Inventory Asset,fifo,,Western International LLC,,,,10,false,Inventory,true,true,true,BLENDER-13,2-liter Professional Blender 2000W,,,,,,,,,,,,,Active,ELC,
4516918000023671499,2025-10-30 09:39:05,2026-06-07 13:39:17,STAPLE GUN-1," Staple Gun 4 to 14 MM, High-Quality ",IQD 12250,Sales,true,GEEPAS TOOLZ,,0,0,0,0,,,,,,,,,,goods,2,,,Active,pcs,Pieces,GT59360,6294015554571,,,GT59360,IQD 5345.983568,Cost of Goods Sold," Staple Gun 4 to 14 MM, High-Quality ",Inventory Asset,fifo,,Western International LLC,,,,23,false,Inventory,true,true,true,STAPLE GUN-1," Staple Gun 4 to 14 MM, High-Quality ",,,,,,,,,,,,,Active,ELC,
4516918000023671520,2025-10-30 09:39:05,2026-07-04 09:08:10,BATTERY BOOSTER-1," Battery Booster Kit 2.5 M, 3000 Amp",IQD 21250,Sales,true,EPSILON,,0,0,0,0,cm,kg,,,,,,,,goods,2,,,Active,pcs,Pieces,EPS1255,6294015603958,,,EPS1255,IQD 9155.892398,Cost of Goods Sold," Battery Booster Kit 2.5 M, 3000 Amp",Inventory Asset,fifo,,Western International LLC,,,,54,false,Inventory,true,true,true,BATTERY BOOSTER-1," Battery Booster Kit 2.5 M, 3000 Amp",,,,,,,,,,,,,Active,ELC,
4516918000023671541,2025-10-30 09:39:05,2026-08-09 15:51:44,WINDOW MESH-1," Car Sunshade Window Mesh 2 Piece, 44x36 CM, Black",IQD 2250,Sales,true,EPSILON,,0,0,0,0,,,,,,,,,,goods,2,,,Active,pcs,Pieces,EPS1266,6294015647563,,,EPS1266,IQD 977.771034,Cost of Goods Sold," Car Sunshade Window Mesh 2 Piece, 44x36 CM, Black",Inventory Asset,fifo,,Western International LLC,,,,36,false,Inventory,true,true,true,WINDOW MESH-1," Car Sunshade Window Mesh 2 Piece, 44x36 CM, Black",,,,,,,,,,,,,Active,ELC,
4516918000023671562,2025-10-30 09:39:05,2026-08-10 10:26:37,CABLE TIES-1,"Cable Ties 4.8 X 380 MM, Pack Of 50 Pieces",IQD 1750,Sales,true,EPSILON,,0,0,0,0,cm,kg,,,,,,,,goods,2,,,Active,pcs,Pieces,EPS1273,6294015647631,,,EPS1273,IQD 741.974754,Cost of Goods Sold,"Cable Ties 4.8 X 380 MM, Pack Of 50 Pieces",Inventory Asset,fifo,,Western International LLC,,,,263,false,Inventory,true,true,true,CABLE TIES-1,"Cable Ties 4.8 X 380 MM, Pack Of 50 Pieces",,,,,,,,,,,,,Active,ELC,
4516918000023671583,2025-10-30 09:39:05,2026-08-09 15:51:44,LOCK-1,22 mm Combination Lock Red,IQD 2750,Sales,true,EPSILON,,0,0,0,0,cm,kg,,,,,,,,goods,2,,,Active,pcs,Pieces,EPSL175,6294015652840,,,EPSL175,IQD 1130.17546,Cost of Goods Sold,22 mm Combination Lock Red,Inventory Asset,fifo,,Western International LLC,,,,322,false,Inventory,true,true,true,LOCK-1,22 mm Combination Lock Red,,,,,,,,,,,,,Active,ELC,
4516918000023671604,2025-10-30 09:39:05,2026-08-09 15:51:44,VOLTAGE TESTER-2,Digital Voltage Tester 12-220 V,IQD 4750,Sales,true,EPSILON,,0,0,0,0,cm,kg,,,,,,,,goods,2,,,Active,pcs,Pieces,EPST1429,6294015649192,,,EPST1429,IQD 2198.809464,Cost of Goods Sold,Digital Voltage Tester 12-220 V,Inventory Asset,fifo,,Western International LLC,,,,156,false,Inventory,true,true,true,VOLTAGE TESTER-2,Digital Voltage Tester 12-220 V,,,,,,,,,,,,,Active,ELC,
4516918000023719172,2025-11-01 11:26:47,2026-08-10 11:07:53,EGG BOILER-2,7Pcs Egg Boiler,IQD 34000,Sales,true,GEEPAS,,0,0,0,0,cm,kg,,,,,,,,goods,1,,,Active,pcs,Pieces,GEB63019UK,6294015510058,,,GEB63019UK,IQD 18318.13276,Cost of Goods Sold,7Pcs Egg Boiler,Inventory Asset,fifo,,Western International LLC,,,,10,false,Inventory,true,true,true,EGG BOILER-2,7Pcs Egg Boiler,,,,,,,,,,,,,Active,ELC,
4516918000030082009,2026-03-02 22:54:25,2026-03-02 22:54:26,Spanner - 24*26mm,,IQD 8750,Sales,false,,,0,0,0,0,,,,,,,,,,goods,1,,,Confirmation Pending,kg,Kilograms,,,,,,IQD 0,E.99-Cost of Goods Sold(DO NOT USE),,Inventory Asset,fifo,,,,,,4,false,Inventory,true,true,true,Spanner,"Open End Spanner 24*26mm - 1PCS Double End, Open End Spanner, Brake Pipe Spanner, Ideal for Mechanic, Plumbers, Carpenter, DIYers and More DURABLE FINISH - Mirror Polished for long-lasting protection and resist corrosion. Capable to loose the hard tightened bolts easily and lasts for a longer period. HARDENED AND TEMPERED - Fully hardened, tempered, durable, and fully polished for resistance to corrosion. Made up of highly durable CRV material for long life.",Size,Text,,,,,24*26mm,,,,,,,,
4516918000030082115,2026-03-02 22:54:27,2026-07-28 19:10:16,Screw Driver 1X60 - SL 6.5 X 100 MM),,IQD 2250,Sales,false,,,0,0,0,0,,,,,,,,,,goods,1,,,Confirmation Pending,kg,Kilograms,,,,,,IQD 0,E.99-Cost of Goods Sold(DO NOT USE),,Inventory Asset,fifo,,,,,,5,false,Inventory,true,true,true,Screw Driver 1X60,"Precision Screwdriver- Slotted Screwdriver- Soft Grip Rubber Insulated Ergonomic Handle - CR-V Build, Magnetic Tip and Hanging Hole for Easy Carry - Bicolored Red/Black - (SL 6.5 X 100 MM)(Weight 0.112K)",Size,Text,,,,,SL 6.5 X 100 MM),,,,,,,,
4516918000030082263,2026-03-02 22:54:31,2026-03-02 22:54:32,VDE Screwdriver SL 2.5x75mm 1x360 - 2.5x75 MM SIZE:,,IQD 2250,Sales,false,,,0,0,0,0,,,,,,,,,,goods,1,,,Confirmation Pending,kg,Kilograms,,,,,,IQD 0,E.99-Cost of Goods Sold(DO NOT USE),,Inventory Asset,fifo,,,,,,4,false,Inventory,true,true,true,VDE Screwdriver SL 2.5x75mm 1x360,"Toolz VDE Screwdriver- / SL Type, 2.5x75 mm Size, F-5013024 Model/ IEC 60900 Certified, Light-Weight and Durable, Ideal For DIY, Home Improvement, General Repairs, Maintenance/ Red and Yellow Product weight: 0.04 kg Product colors: yellow and red.",Size,Text,,,,,2.5x75 MM SIZE:,,,,,,,,
4516918000030082357,2026-03-02 22:54:32,2026-03-02 22:54:32,VDE Screwdriver PH0x60mm 1x360 - 1x360,,IQD 2000,Sales,false,,,0,0,0,0,,,,,,,,,,goods,1,,,Confirmation Pending,kg,Kilograms,GT59432,,,,,IQD 0,E.99-Cost of Goods Sold(DO NOT USE),,Inventory Asset,fifo,,,,,,0,false,Inventory,true,true,true,VDE Screwdriver PH0x60mm 1x360,"Toolz VDE Screwdriver- PH Type, 0x60 mm Size, F-5013024 Model/ IEC 60900 Certified, Light-Weight and Durable, Ideal for Phillips Head Screws, DIY, Home Improvement, General Repairs, Maintenance/ Red and Yellow Product weight: 0.043 kg Product colors: yellow and red.",Size,Text,,,,,1x360,,,,,,,,
4516918000030082457,2026-03-02 22:54:34,2026-03-02 22:54:34,1/2'' nozzle set-4pcs 1x48 - Blue,,IQD 3750,Sales,false,,,0,0,0,0,,,,,,,,,,goods,1,,,Confirmation Pending,kg,Kilograms,EPS1334,,,,,IQD 0,E.99-Cost of Goods Sold(DO NOT USE),,Inventory Asset,fifo,,,,,,0,false,Inventory,true,true,true,1/2'' nozzle set-4pcs 1x48,"4 Piece Hose Nozzle Set- 1/2"" x 2, 1/2-3/4"" x1 Connectors, ABS Construction| Light-Weight And Durable, Ideal to Connect To Hoses and Spray Water| Blue",Color,Text,,,,,Blue,,,,,,,,
4516918000030083415,2026-03-02 22:55:20,2026-03-02 22:55:20,Rectangle Glass Airtight Container,,IQD 6500,Sales,false,,,0,0,0,0,,,,,,,,,,goods,1,,,Confirmation Pending,kg,Kilograms,,,,,,IQD 0,E.99-Cost of Goods Sold(DO NOT USE),,Inventory Asset,fifo,,,,,,4,false,Inventory,true,true,true,Rectangle Glass Airtight Container,"600ml BRS Rectangle Glass Airtight Container | Reusable, Airtight Food Storage box | Microwavable, Freezer, Oven & Dishwasher Safe| Use for Storage Food Container Bento Lunch Box",Title,Text,,,,,Default Title,,,,,,,,
4516918000030188005,2026-03-05 22:58:55,2026-03-05 22:58:55,Geepas Gift Card - IQD 50000.000,,IQD 50000,Sales,false,,,0,0,0,0,,,false,,,,,,,service,1,,,Confirmation Pending,kg,Kilograms,,,,,,IQD 0,E.99-Cost of Goods Sold(DO NOT USE),,Inventory Asset,,,,,,,,false,Sales and Purchases,true,true,false,Geepas Gift Card,"Send a Geepas Gift Card to your friends and family. This voucher can be used to purchase any product available on our store. Available values:• IQD 50,000• IQD 100,000 After purchase, the gift card code will be sent by email and can be shared with the recipient.",Denominations,Text,,,,,IQD 50000.000,,,,,,,,
4516918000030188007,2026-03-05 22:58:55,2026-03-05 22:58:55,Geepas Gift Card - IQD 100000.000,,IQD 100000,Sales,false,,,0,0,0,0,,,false,,,,,,,service,1,,,Confirmation Pending,kg,Kilograms,,,,,,IQD 0,E.99-Cost of Goods Sold(DO NOT USE),,Inventory Asset,,,,,,,,false,Sales and Purchases,true,true,false,Geepas Gift Card,"Send a Geepas Gift Card to your friends and family. This voucher can be used to purchase any product available on our store. Available values:• IQD 50,000• IQD 100,000 After purchase, the gift card code will be sent by email and can be shared with the recipient.",Denominations,Text,,,,,IQD 100000.000,,,,,,,,
4516918000033170910,2026-05-02 09:59:21,2026-08-10 11:18:17,GAS STOVE-260401,"Portable Gas Stove, Adjustable Thermostatng",IQD 34000,Sales,true,KRYPTON,,0,0,0,0,cm,kg,,,,,,,,goods,2,,,Active,pcs,Pieces,KNGC6338,6294015634266,,,KNGC6338,IQD 13922,Cost of Goods Sold,"Portable Gas Stove, Adjustable Thermostatng",Inventory Asset,fifo,,Western International LLC,,,,41,false,Inventory,true,true,true,GAS STOVE-260401,"Portable Gas Stove, Adjustable Thermostatng",,,,,,,,,,,,,Active,ELC,
4516918000033170947,2026-05-02 09:59:21,2026-08-11 11:51:51,HAIR DRYER-260401,"Hair Dryer| 2400 W, 2 Speed Control and 3 Level Heat",IQD 32000,Sales,true,KRYPTON,,0,0,0,0,cm,kg,,,,,,,,goods,2,,,Active,pcs,Pieces,KNH6109,6294015606201,,,KNH6109,IQD 13127,Cost of Goods Sold,"Hair Dryer| 2400 W, 2 Speed Control and 3 Level Heat",Inventory Asset,fifo,,Western International LLC,,,,124,false,Inventory,true,true,true,HAIR DRYER-260401,"Hair Dryer| 2400 W, 2 Speed Control and 3 Level Heat",,,,,,,,,,,,,Active,ELC,
4516918000033170984,2026-05-02 09:59:21,2026-08-12 13:32:15,BATTERY-260401,"Double Headlight, Lithium Battery, 3W LED Light | 3W Cob Lightt",IQD 9750,Sales,true,KRYPTON,,0,0,0,0,,,,,,,,,,goods,2,,,Active,pcs,Pieces,KNHL5400,6294015633375,,,KNHL5400,IQD 4603.2582,Cost of Goods Sold,"Double Headlight, Lithium Battery, 3W LED Light | 3W Cob Lightt",Inventory Asset,fifo,,Western International LLC,,,,86,false,Inventory,true,true,true,BATTERY-260401,"Double Headlight, Lithium Battery, 3W LED Light | 3W Cob Lightt",,,,,,,,,,,,,Active,ELC,
4516918000033171021,2026-05-02 09:59:21,2026-08-10 22:32:50,KETTLE-260401,Krypton 1500W Electric Glass Kettle - Boil Dry Protection,IQD 29000,Sales,true,KRYPTON,,0,0,0,0,cm,kg,,,,,,,,goods,2,,,Active,pcs,Pieces,KNK6221,6294015632118,,,KNK6221,IQD 12555,Cost of Goods Sold,Krypton 1500W Electric Glass Kettle - Boil Dry Protection,Inventory Asset,fifo,,Western International LLC,,,,93,false,Inventory,true,true,true,KETTLE-260401,Krypton 1500W Electric Glass Kettle - Boil Dry Protection,,,,,,,,,,,,,Active,ELC,
4516918000033171058,2026-05-02 09:59:21,2026-08-10 13:33:53,BEAUTY KIT-260401,6-In-1 Rechargeable Multi-Function Beauty Kit With USB Cable,IQD 42000,Sales,true,KRYPTON,,0,0,0,0,cm,kg,,,,,,,,goods,2,,,Active,pcs,Pieces,KNLS5407,6294015633481,,,KNLS5407,IQD 17588,Cost of Goods Sold,6-In-1 Rechargeable Multi-Function Beauty Kit With USB Cable,Inventory Asset,fifo,,Western International LLC,,,,83,false,Inventory,true,true,true,BEAUTY KIT-260401,6-In-1 Rechargeable Multi-Function Beauty Kit With USB Cable,,,,,,,,,,,,,Active,ELC,
4516918000033171095,2026-05-02 09:59:21,2026-08-10 13:33:53,IRON-260401,"Ceramic Steam Iron/ 300 ml Water Tank, 2200 W Power",IQD 54000,Sales,true,KRYPTON,,0,0,0,0,cm,kg,,,,,,,,goods,2,,,Active,pcs,Pieces,KNSI6557,6294015641417,,,KNSI6557,IQD 23295,Cost of Goods Sold,"Ceramic Steam Iron/ 300 ml Water Tank, 2200 W Power",Inventory Asset,fifo,,Western International LLC,,,,23,false,Inventory,true,true,true,IRON-260401,"Ceramic Steam Iron/ 300 ml Water Tank, 2200 W Power",,,,,,,,,,,,,Active,ELC,
4516918000033171132,2026-05-02 09:59:21,2026-08-08 10:21:04,FAN-260401," Portable Neck Fan/ 6 Hours Long Working Time, 3 Speed Levels",IQD 32000,Sales,true,GEEPAS,,0,0,0,0,cm,kg,,,,,,,,goods,2,,,Active,pcs,Pieces,GF21227,6294015578065,,,GF21227,IQD 14411,Cost of Goods Sold," Portable Neck Fan/ 6 Hours Long Working Time, 3 Speed Levels",Inventory Asset,fifo,,Western International LLC,,,,27,false,Inventory,true,true,true,FAN-260401," Portable Neck Fan/ 6 Hours Long Working Time, 3 Speed Levels",,,,,,,,,,,,,Active,ELC,
4516918000033171169,2026-05-02 09:59:21,2026-08-08 10:21:18,COLLAR-260401," Cool Collar/ 12 Hours Long Working Time, 3 Speed Levels",IQD 68000,Sales,true,GEEPAS,,0,0,0,0,cm,kg,,,,,,,,goods,2,,,Active,pcs,Pieces,GF21229,6294015578089,,,GF21229,IQD 30173,Cost of Goods Sold," Cool Collar/ 12 Hours Long Working Time, 3 Speed Levels",Inventory Asset,fifo,,Western International LLC,,,,0,false,Inventory,true,true,true,COLLAR-260401," Cool Collar/ 12 Hours Long Working Time, 3 Speed Levels",,,,,,,,,,,,,Active,ELC,
4516918000033171206,2026-05-02 09:59:22,2026-08-10 11:22:38,HEADPHONE-260401,"Bluetooth Headphone/ 70 Hours Playtime, Rechargeable Battery",IQD 28000,Sales,true,GEEPAS,,0,0,0,0,cm,kg,,,,,,,,goods,2,,,Active,pcs,Pieces,GHP14012,6294015578140,,,GHP14012,IQD 12055,Cost of Goods Sold,"Bluetooth Headphone/ 70 Hours Playtime, Rechargeable Battery",Inventory Asset,fifo,,Western International LLC,,,,39,false,Inventory,true,true,true,HEADPHONE-260401,"Bluetooth Headphone/ 70 Hours Playtime, Rechargeable Battery",,,,,,,,,,,,,Active,ELC,
4516918000033171243,2026-05-02 09:59:22,2026-08-10 13:33:53,BLENDER-260401,"2-in-1 Blender/ 650 W, with 2 Speed Setting and Pulse",IQD 39000,Sales,true,GEEPAS,,0,0,0,0,cm,kg,,,,,,,,goods,2,,,Active,pcs,Pieces,GSB44036,6294015580044,,,GSB44036,IQD 21777,Cost of Goods Sold,"2-in-1 Blender/ 650 W, with 2 Speed Setting and Pulse",Inventory Asset,fifo,,Western International LLC,,,,57,false,Inventory,true,true,true,BLENDER-260401,"2-in-1 Blender/ 650 W, with 2 Speed Setting and Pulse",,,,,,,,,,,,,Active,ELC,
4516918000033171280,2026-05-02 09:59:22,2026-08-08 10:22:02,SPOT CLEANER-260401,Portable Spot Cleaner/ Includes 2 Heads,IQD 128000,Sales,true,GEEPAS,,0,0,0,0,cm,kg,,,,,,,,goods,2,,,Active,pcs,Pieces,GSC19065,6294015584615,,,GSC19065,IQD 57504,Cost of Goods Sold,Portable Spot Cleaner/ Includes 2 Heads,Inventory Asset,fifo,,Western International LLC,,,,23,false,Inventory,true,true,true,SPOT CLEANER-260401,Portable Spot Cleaner/ Includes 2 Heads,,,,,,,,,,,,,Active,ELC,
4516918000033171317,2026-05-02 09:59:22,2026-08-09 15:51:44,CUTTING-260401,Organic Bamboo Cutting Board  Strong Metal Handle,IQD 8500,Sales,true,ROYALFORD,,0,0,0,0,,,,,,,,,,goods,2,,,Active,pcs,Pieces,RF10238,6294016417783,,,RF10238,IQD 2927.398889,Cost of Goods Sold,Organic Bamboo Cutting Board  Strong Metal Handle,Inventory Asset,fifo,,Western International LLC,,,,7,false,Inventory,true,true,true,CUTTING-260401,Organic Bamboo Cutting Board  Strong Metal Handle,,,,,,,,,,,,,Active,ELC,
4516918000033171354,2026-05-02 09:59:22,2026-08-09 15:51:44,FRY PAN-260401,20 CM Aluminum Fry Pan| Strong Aluminum Body,IQD 9500,Sales,true,ROYALFORD,,0,0,0,0,,,,,,,,,,goods,2,,,Active,pcs,Pieces,RF11856,6294016434629,,,RF11856,IQD 4321.227778,Cost of Goods Sold,20 CM Aluminum Fry Pan| Strong Aluminum Body,Inventory Asset,fifo,,Western International LLC,,,,20,false,Inventory,true,true,true,FRY PAN-260401,20 CM Aluminum Fry Pan| Strong Aluminum Body,,,,,,,,,,,,,Active,ELC,
4516918000033171391,2026-05-02 09:59:22,2026-08-09 15:51:44,FRY PAN-260402,28 CM Aluminum Fry Pan| Strong Aluminum Body,IQD 16000,Sales,true,ROYALFORD,,0,0,0,0,,,,,,,,,,goods,2,,,Active,pcs,Pieces,RF11860,6294016434667,,,RF11860,IQD 7311.866667,Cost of Goods Sold,28 CM Aluminum Fry Pan| Strong Aluminum Body,Inventory Asset,fifo,,Western International LLC,,,,40,false,Inventory,true,true,true,FRY PAN-260402,28 CM Aluminum Fry Pan| Strong Aluminum Body,,,,,,,,,,,,,Active,ELC,
4516918000033171428,2026-05-02 09:59:22,2026-07-30 15:24:28,EGG WHISK-260401,Nylon Egg Whisk With A Comfortable Handle,IQD 4750,Sales,true,ROYALFORD,,0,0,0,0,,,,,,,,,,goods,2,,,Active,pcs,Pieces,RF11924,6294016435879,,,RF11924,IQD 1804.888889,Cost of Goods Sold,Nylon Egg Whisk With A Comfortable Handle,Inventory Asset,fifo,,Western International LLC,,,,12,false,Inventory,true,true,true,EGG WHISK-260401,Nylon Egg Whisk With A Comfortable Handle,,,,,,,,,,,,,Active,ELC,
4516918000033171465,2026-05-02 09:59:23,2026-08-09 15:51:44,KNIFE-260401,"8"" Chef Knife With Extra-Sharp Stainless Steel Blades",IQD 8750,Sales,true,ROYALFORD,,0,0,0,0,,,,,,,,,,goods,2,,,Active,pcs,Pieces,RF12097,6294016437033,,,RF12097,IQD 3480.748889,Cost of Goods Sold,"8"" Chef Knife With Extra-Sharp Stainless Steel Blades",Inventory Asset,fifo,,Western International LLC,,,,21,false,Inventory,true,true,true,KNIFE-260401,"8"" Chef Knife With Extra-Sharp Stainless Steel Blades",,,,,,,,,,,,,Active,ELC,
4516918000033171502,2026-05-02 09:59:23,2026-06-08 12:33:12,COOKWARE-260401,9-piece Ritz Plus Cookware Set Marble Coated and Press Aluminum Body,IQD 78000,Sales,true,ROYALFORD,,0,0,0,0,,,,,,,,,,goods,2,,,Active,pcs,Pieces,RF12514,6294016443645,,,RF12514,IQD 42510.50667,Cost of Goods Sold,9-piece Ritz Plus Cookware Set Marble Coated and Press Aluminum Body,Inventory Asset,fifo,,Western International LLC,,,,12,false,Inventory,true,true,true,COOKWARE-260401,9-piece Ritz Plus Cookware Set Marble Coated and Press Aluminum Body,,,,,,,,,,,,,Active,ELC,
4516918000033171539,2026-05-02 09:59:23,2026-05-08 19:49:59,DIE CAST-260401,Die-Cast Aluminium Casserole 24 cm- Durable Marble Coating,IQD 54000,Sales,true,ROYALFORD,,0,0,0,0,,,,,,,,,,goods,2,,,Active,pcs,Pieces,RF8598,6294020021693,,,RF8598,IQD 29679.43444,Cost of Goods Sold,Die-Cast Aluminium Casserole 24 cm- Durable Marble Coating,Inventory Asset,fifo,,Western International LLC,,,,36,false,Inventory,true,true,true,DIE CAST-260401,Die-Cast Aluminium Casserole 24 cm- Durable Marble Coating,,,,,,,,,,,,,Active,ELC,
4516918000033171576,2026-05-02 09:59:23,2026-05-08 19:49:59,DIE CAST-260402,Die-Cast Aluminium Casserole 28 cm- Durable Marble Coating,IQD 68000,Sales,true,ROYALFORD,,0,0,0,0,,,,,,,,,,goods,2,,,Active,pcs,Pieces,RF8599,6294020021709,,,RF8599,IQD 37362.57778,Cost of Goods Sold,Die-Cast Aluminium Casserole 28 cm- Durable Marble Coating,Inventory Asset,fifo,,Western International LLC,,,,36,false,Inventory,true,true,true,DIE CAST-260402,Die-Cast Aluminium Casserole 28 cm- Durable Marble Coating,,,,,,,,,,,,,Active,ELC,
4516918000033171613,2026-05-02 09:59:23,2026-05-08 19:49:59,COOKWARE-260402,"Chef Art Aluminium Cookware Set, 7 Pieces, Black, Scratch Resistant",IQD 118000,Sales,true,ROYALFORD,,0,0,0,0,,,,,,,,,,goods,2,,,Active,pcs,Pieces,RF9557,6294016409108,,,RF9557,IQD 64372.15444,Cost of Goods Sold,"Chef Art Aluminium Cookware Set, 7 Pieces, Black, Scratch Resistant",Inventory Asset,fifo,,Western International LLC,,,,24,false,Inventory,true,true,true,COOKWARE-260402,"Chef Art Aluminium Cookware Set, 7 Pieces, Black, Scratch Resistant",,,,,,,,,,,,,Active,ELC,
4516918000033171650,2026-05-02 09:59:23,2026-08-09 15:51:44,KNIFE-260402,"7.5"" Chef Knife With Razor sharp Stainless Steel Blades",IQD 5750,Sales,true,DELCASA,,0,0,0,0,,,,,,,,,,goods,2,,,Active,pcs,Pieces,DC2952,6294016319537,,,DC2952,IQD 2294.998889,Cost of Goods Sold,"7.5"" Chef Knife With Razor sharp Stainless Steel Blades",Inventory Asset,fifo,,Western International LLC,,,,42,false,Inventory,true,true,true,KNIFE-260402,"7.5"" Chef Knife With Razor sharp Stainless Steel Blades",,,,,,,,,,,,,Active,ELC,
4516918000033171687,2026-05-02 09:59:23,2026-07-12 11:12:32,BRUSH-260401,Dustpan and Brush,IQD 4750,Sales,true,DELCASA,,0,0,0,0,,,,,,,,,,goods,2,,,Active,pcs,Pieces,DC3120,6294016321219,,,DC3120,IQD 2442.386667,Cost of Goods Sold,Dustpan and Brush,Inventory Asset,fifo,,Western International LLC,,,,39,false,Inventory,true,true,true,BRUSH-260401,Dustpan and Brush,,,,,,,,,,,,,Active,ELC,
4516918000033171724,2026-05-02 09:59:23,2026-07-27 08:34:29,KNIFE-260403,Stainless Steel Peeler with PP Handle / Highly Durable and Light-Weight,IQD 3500,Sales,true,DELCASA,,0,0,0,0,cm,kg,,,,,,,,goods,2,,,Active,pcs,Pieces,DC3340,6294016323411,,,DC3340,IQD 1251.538889,Cost of Goods Sold,Stainless Steel Peeler with PP Handle / Highly Durable and Light-Weight,Inventory Asset,fifo,,Western International LLC,,,,247,false,Inventory,true,true,true,KNIFE-260403,Stainless Steel Peeler with PP Handle / Highly Durable and Light-Weight,,,,,,,,,,,,,Active,ELC,
4516918000033171763,2026-05-02 09:59:24,2026-05-08 19:17:56,KHIFE-260404,"10"" Tongue and Groove Plier",IQD 9500,Sales,true,GEEPAS TOOLZ,,0,0,0,0,,,,,,,,,,goods,2,,,Active,pcs,Pieces,GT59268,6294015543773,,,GT59268,IQD 4782.2646,Cost of Goods Sold,"10"" Tongue and Groove Plier",Inventory Asset,fifo,,Western International LLC,,,,0,false,Inventory,true,true,true,KHIFE-260404,"10"" Tongue and Groove Plier",,,,,,,,,,,,,Active,ELC,
4516918000033171800,2026-05-02 09:59:24,2026-05-08 19:49:59,ROLLER-260401,"Paint Roller Set, With Sleeve",IQD 2500,Sales,true,GEEPAS TOOLZ,,0,0,0,0,,,,,,,,,,goods,2,,,Active,pcs,Pieces,GT59318,6294015551570,,,GT59318,IQD 1093.4382,Cost of Goods Sold,"Paint Roller Set, With Sleeve",Inventory Asset,fifo,,Western International LLC,,,,100,false,Inventory,true,true,true,ROLLER-260401,"Paint Roller Set, With Sleeve",,,,,,,,,,,,,Active,ELC,
4516918000033171837,2026-05-02 09:59:24,2026-07-28 12:47:40,SCRAPER-260401,Toolz Window Scraper,IQD 1750,Sales,true,GEEPAS TOOLZ,,0,0,0,0,,,,,,,,,,goods,2,,,Active,pcs,Pieces,GT59418,6294015568264,,,GT59418,IQD 745.6182,Cost of Goods Sold,Toolz Window Scraper,Inventory Asset,fifo,,Western International LLC,,,,239,false,Inventory,true,true,true,SCRAPER-260401,Toolz Window Scraper,,,,,,,,,,,,,Active,ELC,
4516918000033171874,2026-05-02 09:59:24,2026-05-08 19:17:56,BRUSH-260402,"2.5"" Paint Brush",IQD 3250,Sales,true,GEEPAS TOOLZ,,0,0,0,0,,,,,,,,,,goods,2,,,Active,pcs,Pieces,GT59474,6294015567564,,,GT59474,IQD 1477.9746,Cost of Goods Sold,"2.5"" Paint Brush",Inventory Asset,fifo,,Western International LLC,,,,0,false,Inventory,true,true,true,BRUSH-260402,"2.5"" Paint Brush",,,,,,,,,,,,,Active,ELC,
4516918000033171911,2026-05-02 09:59:24,2026-05-08 19:17:56,BRUSH-260403,"4"" Paint Brush",IQD 4750,Sales,true,GEEPAS TOOLZ,,0,0,0,0,,,,,,,,,,goods,2,,,Active,pcs,Pieces,GT59476,6294015567588,,,GT59476,IQD 2479.101,Cost of Goods Sold,"4"" Paint Brush",Inventory Asset,fifo,,Western International LLC,,,,0,false,Inventory,true,true,true,BRUSH-260403,"4"" Paint Brush",,,,,,,,,,,,,Active,ELC,
4516918000033171948,2026-05-02 09:59:24,2026-07-28 12:47:40,GLOVES-260401,"Safety Gloves Size: 10 XL, Pack of 12 Pairs",IQD 1500,Sales,true,GEEPAS TOOLZ,,0,0,0,0,cm,kg,,,,,,,,goods,2,,,Active,pcs,Pieces,GPPE59289,6294015550436,,,GPPE59289,IQD 665.845404,Cost of Goods Sold,"Safety Gloves Size: 10 XL, Pack of 12 Pairs",Inventory Asset,fifo,,Western International LLC,,,,11516,false,Inventory,true,true,true,GLOVES-260401,"Safety Gloves Size: 10 XL, Pack of 12 Pairs",,,,,,,,,,,,,Active,ELC,
4516918000036708039,2026-07-30 07:05:05,2026-07-30 07:05:05,Double Heating Digital Air Fryer - 3 Years,,IQD 178250,Sales,false,,,0,0,0,0,,,,,,,,,,goods,1,,,Confirmation Pending,kg,Kilograms,,,,,,IQD 0,E.99-Cost of Goods Sold(DO NOT USE),,Inventory Asset,,,,,,,,false,Sales and Purchases,true,true,false,Double Heating Digital Air Fryer,"Double Heating Digital Air Fryer- 7.5 L Pot with Rack, with Vortex Frying Technology/ Digital Display, 1-60 Min Timer, Temperature 50-200 Degree Celsius/ 9 Preset Programs, Window, Interior Lamp/ for Fries, Steak, Chicken, Cake, Meat, Bread, etc./ 2 Years Warranty, Black and Silver RATINGS: AC 220-240V 50Hz 1800-2150WProduct colors: black and silver.",Warranty,Text,,,,,3 Years,,,,,,,,
4516918000036731381,2026-07-31 07:07:18,2026-07-31 07:07:18,2600W Vacuum Cleaner - 3 Years,,IQD 121038,Sales,false,,,0,0,0,0,,,,,,,,,,goods,1,,,Confirmation Pending,kg,Kilograms,,,,,,IQD 0,E.99-Cost of Goods Sold(DO NOT USE),,Inventory Asset,,,,,,,,false,Sales and Purchases,true,true,false,2600W Vacuum Cleaner,"2600W Vacuum Cleaner - Powerful Motor, 3L Capacity Cloth Bag & Metal Tube | Speed Control with Low Noise | Ideal Home, Hotel, Shop, Garage & More | 2-Years Warranty Cord length: 5mHorizontal positionPedal on/off switchSpeed control functionFlexible hose with handle airflow controlAC: 220-240V, 50-60Hz, 2600W",Warranty,Text,,,,,3 Years,,,,,,,,
4516918000036731393,2026-07-31 07:07:18,2026-07-31 07:07:18,&nbsp;2200 W Cyclonic Vacuum Cleaner - 3 Years,,IQD 79063,Sales,false,,,0,0,0,0,,,,,,,,,,goods,1,,,Confirmation Pending,kg,Kilograms,,,,,,IQD 0,E.99-Cost of Goods Sold(DO NOT USE),,Inventory Asset,,,,,,,,false,Sales and Purchases,true,true,false,&nbsp;2200 W Cyclonic Vacuum Cleaner,"2200 W Cyclonic Vacuum Cleaner- 1.5 L Dust Bag Capacity, Low Noise Operation, Automatic Cord Rewinder Function, Wind Outlet Sponge Filter/ Flexible Hose, 2 Plastic Insert Tube, Floor Brush, Anti-Rust Body/ Perfect for Home, Office, Apartments/ 2 Years Warranty, Red & Black Colour: Red and blackAC: 220-240V, 50/60Hz, 2200WPRODUCT DIMENSIONS: 37.5X29X25.5 CM; WEIGHT: 4.7 KG.",Warranty,Text,,,,,3 Years,,,,,,,,
4516918000036731405,2026-07-31 07:07:19,2026-07-31 07:07:19,2200 W Vacuum Cleaner - 3 Years,,IQD 67275,Sales,false,,,0,0,0,0,,,,,,,,,,goods,1,,,Confirmation Pending,kg,Kilograms,,,,,,IQD 0,E.99-Cost of Goods Sold(DO NOT USE),,Inventory Asset,,,,,,,,false,Sales and Purchases,true,true,false,2200 W Vacuum Cleaner,"2200 W Vacuum Cleaner- 1.5 L Dust Bag Capacity with Dust Full Indicator| Powerful Suction and Low Noise| Includes Flexible Hose, Plastic Insert Tube and Plastic Floor Brush| Pedal Switch and Auto Rewinding| 2 Years Warranty| Red",Warranty,Text,,,,,3 Years,,,,,,,,
4516918000036731417,2026-07-31 07:07:19,2026-07-31 07:07:19,2300 W Vacuum Cleaner - 3 Years,,IQD 112413,Sales,false,,,0,0,0,0,,,,,,,,,,goods,1,,,Confirmation Pending,kg,Kilograms,,,,,,IQD 0,E.99-Cost of Goods Sold(DO NOT USE),,Inventory Asset,,,,,,,,false,Sales and Purchases,true,true,false,2300 W Vacuum Cleaner,"2300 W Vacuum Cleaner- 21 L Dust Bag Capacity with Dust Full Indicator, Dry and Blow Function| Adjustable Suction Power and Multi-Filtration System| Perfect for Home, Apartments, Office, Malls| 2 Years Warranty, Black",Warranty,Text,,,,,3 Years,,,,,,,,
4516918000036731429,2026-07-31 07:07:19,2026-07-31 07:07:19,Stick & Handheld Vacuum Cleaner - 3 Years,,IQD 78200,Sales,false,,,0,0,0,0,,,,,,,,,,goods,1,,,Confirmation Pending,kg,Kilograms,,,,,,IQD 0,E.99-Cost of Goods Sold(DO NOT USE),,Inventory Asset,,,,,,,,false,Sales and Purchases,true,true,false,Stick & Handheld Vacuum Cleaner,"Stick & Handheld Vacuum Cleaner, HEPA Filter | Handheld & Stick, 0.9L Dust Bag Capacity, 600W Powerful Motor, Transparent Dust Cup for Easy Check, Lightweight Body & Low Noise Dust capacity: 0.9LHandheld & stick; Transparent dust cup for easy checkSwitch on/off easy and convenient for useEasy to clean up high/low and other hard to reach positionA new and convenient design of dust collection cupLightweight body, more powerful suction and low noiseEmpty dust cup without hand contactingHEPA + stainless steel filter and prevent allergens from returning to the air",Warranty,Text,,,,,3 Years,,,,,,,,
4516918000036731441,2026-07-31 07:07:20,2026-07-31 07:07:20,Vacuum Cleaner - 3 Years,,IQD 52900,Sales,false,,,0,0,0,0,,,,,,,,,,goods,1,,,Confirmation Pending,kg,Kilograms,,,,,,IQD 0,E.99-Cost of Goods Sold(DO NOT USE),,Inventory Asset,,,,,,,,false,Sales and Purchases,true,true,false,Vacuum Cleaner,"Stick and Handheld Vacuum Cleaner -Comes with 600W Motor, HEPA Filter, Transparent Dust Cup, One-Key Release Dust / Low Noise Design, Lightweight & Portable, Hook Design for Easy Storage, for Home Use / White Color, 2 Years Warranty",Warranty,Text,,,,,3 Years,,,,,,,,
4516918000036731453,2026-07-31 07:07:20,2026-07-31 07:07:20,Stick and Handheld Vacuum Cleaner - 3 Years,,IQD 61238,Sales,false,,,0,0,0,0,,,,,,,,,,goods,1,,,Confirmation Pending,kg,Kilograms,,,,,,IQD 0,E.99-Cost of Goods Sold(DO NOT USE),,Inventory Asset,,,,,,,,false,Sales and Purchases,true,true,false,Stick and Handheld Vacuum Cleaner,"Stick and Handheld Vacuum Cleaner- - HEPA Filtration System, Perfect for Home, Office, Apartments/ 2-in-1 Design, 1.2L Dust Capacity, Transparent Dustbin/ Perfect for Cleaning Floors, Carpets, Upholstery, etc./ 2 Years Warranty, Black",Warranty,Text,,,,,3 Years,,,,,,,,
4516918000036731465,2026-07-31 07:07:21,2026-07-31 07:07:21,Rechargeable Cordless Vacuum Cleaner - 3 Years,,IQD 243225,Sales,false,,,0,0,0,0,,,,,,,,,,goods,1,,,Confirmation Pending,kg,Kilograms,,,,,,IQD 0,E.99-Cost of Goods Sold(DO NOT USE),,Inventory Asset,,,,,,,,false,Sales and Purchases,true,true,false,Rechargeable Cordless Vacuum Cleaner,"Rechargeable Cordless Vacuum Cleaner- 0.6 l Capacity, 3 Speed and LED Touch Panel Control, Sensor for Power/ Perfect for Home, Office, Apartments/ Easy to Use Stick Model, Low Noise Design, Long and Sofa Nozzle/ 2 Years Warranty, Metallic Grey Ratings: AC 110-240V, 50/60Hz 0.5 AOutput: 31V, 0.5A, 15.5 W.Product color: metallic grey",Warranty,Text,,,,,3 Years,,,,,,,,
4516918000036731480,2026-07-31 07:07:21,2026-07-31 07:07:21,1600W Multifunctional Steam Iron - 3 Years,,IQD 22713,Sales,false,,,0,0,0,0,,,,,,,,,,goods,1,,,Confirmation Pending,kg,Kilograms,,,,,,IQD 0,E.99-Cost of Goods Sold(DO NOT USE),,Inventory Asset,,,,,,,,false,Sales and Purchases,true,true,false,1600W Multifunctional Steam Iron,"Multifunctional Steam Iron for Crisp Ironed Clothes - Non-Stick Soleplate, Wet/Dry Function & with Temperature Control- Dry/Steam Burst/Steam/Vertical Steam/Spray Function - 2 Years Warranty",Warranty,Text,,,,,3 Years,,,,,,,,
4516918000036731492,2026-07-31 07:07:22,2026-07-31 07:07:22,Steam Iron - 3 Years,,IQD 49450,Sales,false,,,0,0,0,0,,,,,,,,,,goods,1,,,Confirmation Pending,kg,Kilograms,,,,,,IQD 0,E.99-Cost of Goods Sold(DO NOT USE),,Inventory Asset,,,,,,,,false,Sales and Purchases,true,true,false,Steam Iron,"Steam Iron- Ironing Box with Ceramic-Coated Soleplate and Self-Cleaning Function/ Comfortable Handle and Handy Design with Multiple Functions/ 480 ml Water Tank, Suitable for All Kinds of Fabric, 3000 W Power/ 2 Years Warranty, Purple and Black",Warranty,Text,,,,,3 Years,,,,,,,,
4516918000036731504,2026-07-31 07:07:22,2026-07-31 07:07:22,Ceramic Steam Iron - 3 Years,,IQD 67275,Sales,false,,,0,0,0,0,,,,,,,,,,goods,1,,,Confirmation Pending,kg,Kilograms,,,,,,IQD 0,E.99-Cost of Goods Sold(DO NOT USE),,Inventory Asset,,,,,,,,false,Sales and Purchases,true,true,false,Ceramic Steam Iron,"Ceramic Steam Iron- Dry Ironing Box with Ceramic-Coated Soleplate and Anti-Calc, Anti-Drip Function/ Comfortable Handle and Handy Design with Multiple Functions/ 350 ml Water Tank, Suitable for All Kinds of Fabric, 3100 W Power/ 2 Years Warranty, Red and black",Warranty,Text,,,,,3 Years,,,,,,,,
4516918000036731516,2026-07-31 07:07:23,2026-07-31 07:07:23,Garment Steamer - 3 Years,,IQD 72450,Sales,false,,,0,0,0,0,,,,,,,,,,goods,1,,,Confirmation Pending,kg,Kilograms,,,,,,IQD 0,E.99-Cost of Goods Sold(DO NOT USE),,Inventory Asset,,,,,,,,false,Sales and Purchases,true,true,false,Garment Steamer,"Garment Steamer, 2000W Vertical Steamer, Portable, Fast Heat Clothes Steamer | Dual Steam Levels | 1.5L Large Water Tank | Perfect for All Types Of Clothes Water tank:1.8LHeating time:35-45seconds; Steam flow: 30g/minAluminum pole:1.2M; Steam tube:1.3MOperation:11 positionAC220-240V 50/60Hz 2000W",Warranty,Text,,,,,3 Years,,,,,,,,
4516918000036731528,2026-07-31 07:07:23,2026-07-31 07:07:23,Handheld Garment Steamer - 3 Years,,IQD 36225,Sales,false,,,0,0,0,0,,,,,,,,,,goods,1,,,Confirmation Pending,kg,Kilograms,,,,,,IQD 0,E.99-Cost of Goods Sold(DO NOT USE),,Inventory Asset,,,,,,,,false,Sales and Purchases,true,true,false,Handheld Garment Steamer,"Handheld Garment Steamer- 1240-1470 W, Ready to Use in 30 Seconds| Suitable for All Kinds of Fabric and Safe for Delicate Fabrics| Equipped with Stainless Steel Head and 150 ML Capacity| Black and golden, 2 Years Warranty",Warranty,Text,,,,,3 Years,,,,,,,,
4516918000036731546,2026-07-31 07:07:24,2026-07-31 07:07:24,4 Digit LED Display 2000W Digital Infrared Cooker - 3 Years,,IQD 51750,Sales,false,,,0,0,0,0,,,,,,,,,,goods,1,,,Confirmation Pending,kg,Kilograms,,,,,,IQD 0,E.99-Cost of Goods Sold(DO NOT USE),,Inventory Asset,,,,,,,,false,Sales and Purchases,true,true,false,4 Digit LED Display 2000W Digital Infrared Cooker,4 Digit LED Display 2000W Digital Infrared Cooker,Warranty,Text,,,,,3 Years,,,,,,,,
4516918000036731558,2026-07-31 07:07:25,2026-07-31 07:07:25,Stainless Steel Grill Maker - 3 Years,,IQD 25875,Sales,false,,,0,0,0,0,,,,,,,,,,goods,1,,,Confirmation Pending,kg,Kilograms,,,,,,IQD 0,E.99-Cost of Goods Sold(DO NOT USE),,Inventory Asset,,,,,,,,false,Sales and Purchases,true,true,false,Stainless Steel Grill Maker,"Stainless Steel Grill Maker- Non-Stick Cooking Plates with Safety Locks| Cool Touch Handle, Power Indicators and Overheat Protection| Perfect for Grilling Vegetables, Chicken, Meat, etc| 2 Slice Capacity| Black| 2 Years Warranty",Warranty,Text,,,,,3 Years,,,,,,,,
4516918000036731570,2026-07-31 07:07:26,2026-07-31 07:07:26,1400 W 4-Slice Grill Maker - 3 Years,,IQD 50600,Sales,false,,,0,0,0,0,,,,,,,,,,goods,1,,,Confirmation Pending,kg,Kilograms,,,,,,IQD 0,E.99-Cost of Goods Sold(DO NOT USE),,Inventory Asset,,,,,,,,false,Sales and Purchases,true,true,false,1400 W 4-Slice Grill Maker,"1400 W 4-Slice Grill Maker- Non-Stick Plates for Easy Release and Quick Cleanup/ Cool Touch Handle, Overheat Protection, Perfect for Grilled Sandwiches, Fit Any Type or Size of Food, Meat, Snack/ Black, 2 Years Warranty",Warranty,Text,,,,,3 Years,,,,,,,,
4516918000036731582,2026-07-31 07:07:26,2026-07-31 07:07:26,2000 W 4-Slice Grill Maker - 3 Years,,IQD 101775,Sales,false,,,0,0,0,0,,,,,,,,,,goods,1,,,Confirmation Pending,kg,Kilograms,,,,,,IQD 0,E.99-Cost of Goods Sold(DO NOT USE),,Inventory Asset,,,,,,,,false,Sales and Purchases,true,true,false,2000 W 4-Slice Grill Maker,"2000 W 4-Slice Grill Maker- Non-Stick Plates for Easy Release and Quick Cleanup/ Digital Control Temperature with 9 Levels Manual Adjustable Height, Perfect for Grilled Sandwiches, Fit Any Type or Size of Food, Meat, Snack/ Black, 2 Years Warranty",Warranty,Text,,,,,3 Years,,,,,,,,
4516918000036731597,2026-07-31 07:07:27,2026-07-31 07:07:27,8L Digital Multi Cooker - 3 Years,,IQD 144325,Sales,false,,,0,0,0,0,,,,,,,,,,goods,1,,,Confirmation Pending,kg,Kilograms,,,,,,IQD 0,E.99-Cost of Goods Sold(DO NOT USE),,Inventory Asset,,,,,,,,false,Sales and Purchases,true,true,false,8L Digital Multi Cooker,"8L Digital Multi Cooker- Portable LED Screen with Touch Menu | 14 Programs, Auto Shut off Function |8L Capacity| Detachable Inner Lid",Warranty,Text,,,,,3 Years,,,,,,,,
4516918000036731609,2026-07-31 07:07:28,2026-07-31 07:07:28,6.0 L Digital Multi Cooker - 3 Years,,IQD 114138,Sales,false,,,0,0,0,0,,,,,,,,,,goods,1,,,Confirmation Pending,kg,Kilograms,,,,,,IQD 0,E.99-Cost of Goods Sold(DO NOT USE),,Inventory Asset,,,,,,,,false,Sales and Purchases,true,true,false,6.0 L Digital Multi Cooker,"6.0 L Digital Multi Cooker- LED Display, 14 One Touch Operation, Stainless Steamer Steamer/ Faster Cooking and Energy Efficient/ Perfect for Preparing Meat, Rice, Vegetable, Steaming, etc./ 2 Years Warranty, Black and Silver",Warranty,Text,,,,,3 Years,,,,,,,,
4516918000036731621,2026-07-31 07:07:28,2026-07-31 07:07:28,1.8 L Multifunctional Rice Cooker - 3 Years,,IQD 51750,Sales,false,,,0,0,0,0,,,,,,,,,,goods,1,,,Confirmation Pending,kg,Kilograms,,,,,,IQD 0,E.99-Cost of Goods Sold(DO NOT USE),,Inventory Asset,,,,,,,,false,Sales and Purchases,true,true,false,1.8 L Multifunctional Rice Cooker,"1.8 L Multifunctional Rice Cooker- Durable Construction with Removable and Non-Stick Inner Pot with Cool Touch Handle| Includes Cook and Keep Warm Functions, Equipped with Tempered Glass Lid, Rice Spoon, Aluminum Outer Steamer and Measuring Cup| Black and Silver, 2 Years Warranty",Warranty,Text,,,,,3 Years,,,,,,,,
4516918000036731633,2026-07-31 07:07:29,2026-07-31 07:07:29,1200W Digital Microwave Oven - 3 Years,,IQD 132538,Sales,false,,,0,0,0,0,,,,,,,,,,goods,1,,,Confirmation Pending,kg,Kilograms,,,,,,IQD 0,E.99-Cost of Goods Sold(DO NOT USE),,Inventory Asset,,,,,,,,false,Sales and Purchases,true,true,false,1200W Digital Microwave Oven,20L 1200W Digital Microwave Oven - Microwave Oven with Multiple Cooking Menus | Reheating & Defrost Function | Child Lock | Digital Controls,Warranty,Text,,,,,3 Years,,,,,,,,
4516918000036731645,2026-07-31 07:07:29,2026-07-31 07:07:29,Grill - Digital Microwave Oven - 3 Years,,IQD 196075,Sales,false,,,0,0,0,0,,,,,,,,,,goods,1,,,Confirmation Pending,kg,Kilograms,,,,,,IQD 0,E.99-Cost of Goods Sold(DO NOT USE),,Inventory Asset,,,,,,,,false,Sales and Purchases,true,true,false,Grill - Digital Microwave Oven,"Grill - Digital Microwave Oven - 30L capacity - 1500W Oven with Multiple Cooking Menus |Reheating, Defrost & Grill |Ideal Grilling, Roasting, Heating & More",Warranty,Text,,,,,3 Years,,,,,,,,
4516918000036731657,2026-07-31 07:07:30,2026-07-31 07:07:30,Desktop Water Dispenser - 3 Years,,IQD 151513,Sales,false,,,0,0,0,0,,,,,,,,,,goods,1,,,Confirmation Pending,kg,Kilograms,,,,,,IQD 0,E.99-Cost of Goods Sold(DO NOT USE),,Inventory Asset,,,,,,,,false,Sales and Purchases,true,true,false,Desktop Water Dispenser,"Desktop Water Dispenser- Normal, Hot and Cold Function, and 3 Taps, Stainless Steel Tank/ with Child Safety Button, Compressor Cooling, Perfect for Home, School, Apartments, Office, etc./ White and black, 2 Year Warranty",Warranty,Text,,,,,3 Years,,,,,,,,
4516918000036731669,2026-07-31 07:07:30,2026-07-31 07:07:30,110L Direct Cool Single Door Refrigerator - 3 Years,,IQD 267375,Sales,false,,,0,0,0,0,,,,,,,,,,goods,1,,,Confirmation Pending,kg,Kilograms,,,,,,IQD 0,E.99-Cost of Goods Sold(DO NOT USE),,Inventory Asset,,,,,,,,false,Sales and Purchases,true,true,false,110L Direct Cool Single Door Refrigerator,"110L Direct Cool Single Door Refrigerator- Free Standing Durable Double Door Refrigerator, Quick Cooling & Long-lasting Freshness, Low Noise, Low Energy Consumption, Defrost Refrigerator | 1 Year Warranty",Warranty,Text,,,,,3 Years,,,,,,,,
4516918000036731681,2026-07-31 07:07:31,2026-07-31 07:07:31,Bread Toaster - 3 Years,,IQD 38813,Sales,false,,,0,0,0,0,,,,,,,,,,goods,1,,,Confirmation Pending,kg,Kilograms,,,,,,IQD 0,E.99-Cost of Goods Sold(DO NOT USE),,Inventory Asset,,,,,,,,false,Sales and Purchases,true,true,false,Bread Toaster,"Bread Toaster- -900W, 2 Slice Slot, with 7 Adjustable Browning Control and Removable Crumb Tray, Reheat, Defrost and Stop Buttons/ Perfect for Toasting Different Types Breads/ 2 Years Warranty, Black",Warranty,Text,,,,,3 Years,,,,,,,,
4516918000036731693,2026-07-31 07:07:31,2026-07-31 07:07:31,1.8L Electric Kettle - 3 Years,,IQD 19550,Sales,false,,,0,0,0,0,,,,,,,,,,goods,1,,,Confirmation Pending,kg,Kilograms,,,,,,IQD 0,E.99-Cost of Goods Sold(DO NOT USE),,Inventory Asset,,,,,,,,false,Sales and Purchases,true,true,false,1.8L Electric Kettle,"1.8L Electric Kettle - Stainless Steel Body| Auto Shut-Off & Boil-Dry Protection | Heats up Quickly & Easily | Boil for Water, Tea & Coffee Maker",Warranty,Text,,,,,3 Years,,,,,,,,
4516918000036731705,2026-07-31 07:07:32,2026-07-31 07:07:32,1.8 liter Electric Glass Kettle - 3 Years,,IQD 25875,Sales,false,,,0,0,0,0,,,,,,,,,,goods,1,,,Confirmation Pending,kg,Kilograms,,,,,,IQD 0,E.99-Cost of Goods Sold(DO NOT USE),,Inventory Asset,,,,,,,,false,Sales and Purchases,true,true,false,1.8 liter Electric Glass Kettle,"1.8 liter Electric Glass Kettle- Boil Dry Protection and Automatic Cut-Off/ Perfect for Boiling Water, Milk, Tea/ 1500 W, Cool Touch Handle, Rotational Base, and Easy Clean Wide Opening/ 2 Years Warranty, Black",Warranty,Text,,,,,3 Years,,,,,,,,
4516918000036731720,2026-07-31 07:07:32,2026-07-31 07:07:32,1.7L Digital Display Kettle - 3 Years,,IQD 51175,Sales,false,,,0,0,0,0,,,,,,,,,,goods,1,,,Confirmation Pending,kg,Kilograms,,,,,,IQD 0,E.99-Cost of Goods Sold(DO NOT USE),,Inventory Asset,,,,,,,,false,Sales and Purchases,true,true,false,1.7L Digital Display Kettle,"1.7L Digital Display Kettle-Dry Boiling Protecction /Quick Boil Water, Tea and Coffee Maker-2200 Watts/ 5 Temperature Settings, 360 Cordless Design, Dual Wall Construction with Digital Screen Display/ Keep Warm Feature, Large Easy Fill Flip Lid/ Black Color, 2 Years Warranty",Warranty,Text,,,,,3 Years,,,,,,,,
4516918000036731732,2026-07-31 07:07:33,2026-07-31 07:07:33,Double Layer Glass Kettle - 3 Years,,IQD 38813,Sales,false,,,0,0,0,0,,,,,,,,,,goods,1,,,Confirmation Pending,kg,Kilograms,,,,,,IQD 0,E.99-Cost of Goods Sold(DO NOT USE),,Inventory Asset,,,,,,,,false,Sales and Purchases,true,true,false,Double Layer Glass Kettle,"Double Layer Glass Kettle, 1.7 Ltr Capacity, GK38049 | Auto Shutoff & Boil-Dry Protection | Cordless With Blue LED Light | 360 Degree Cordless Base",Warranty,Text,,,,,3 Years,,,,,,,,
4516918000036731744,2026-07-31 07:07:33,2026-07-31 07:07:33,Stainless Steel Truck Kettle with 0.5L Capacity - 3 Years,,IQD 25875,Sales,false,,,0,0,0,0,,,,,,,,,,goods,1,,,Confirmation Pending,kg,Kilograms,,,,,,IQD 0,E.99-Cost of Goods Sold(DO NOT USE),,Inventory Asset,,,,,,,,false,Sales and Purchases,true,true,false,Stainless Steel Truck Kettle with 0.5L Capacity,Stainless Steel Truck Kettle with 0.5L Capacity Concealed Heating Element | Dry Boil & Overheating Protection | Indicator Light | Auto-Turn Off,Warranty,Text,,,,,3 Years,,,,,,,,
4516918000036731756,2026-07-31 07:07:34,2026-07-31 07:07:34,Electric Turkish Coffee Maker - 3 Years,,IQD 19550,Sales,false,,,0,0,0,0,,,,,,,,,,goods,1,,,Confirmation Pending,kg,Kilograms,,,,,,IQD 0,E.99-Cost of Goods Sold(DO NOT USE),,Inventory Asset,,,,,,,,false,Sales and Purchases,true,true,false,Electric Turkish Coffee Maker,"0.8 L Electric Turkish Coffee Maker- Stainless Steel Kettle with 360-Degrees Rotation, Non Automatic Power Off/ Perfect for Boiling Water, Milk, Tea/ 2 Years Warranty, Silver",Warranty,Text,,,,,3 Years,,,,,,,,
4516918000036731768,2026-07-31 07:07:34,2026-07-31 07:07:34,Turkish Coffee Maker - 3 Years,,IQD 50887,Sales,false,,,0,0,0,0,,,,,,,,,,goods,1,,,Confirmation Pending,kg,Kilograms,,,,,,IQD 0,E.99-Cost of Goods Sold(DO NOT USE),,Inventory Asset,,,,,,,,false,Sales and Purchases,true,true,false,Turkish Coffee Maker,"Turkish Coffee Maker, 4 Cups Brewing Capacity,400W, Plastic Materials with Stainless Steel Heat Plate | Overflow Prevention | Sound Alarm System | Auto-Shut Off",Warranty,Text,,,,,3 Years,,,,,,,,
4516918000036731780,2026-07-31 07:07:35,2026-07-31 07:07:35,Coffee Maker - 3 Years,,IQD 41113,Sales,false,,,0,0,0,0,,,,,,,,,,goods,1,,,Confirmation Pending,kg,Kilograms,,,,,,IQD 0,E.99-Cost of Goods Sold(DO NOT USE),,Inventory Asset,,,,,,,,false,Sales and Purchases,true,true,false,Coffee Maker,"Coffee Maker, 1.5L Filter Coffee Machine, High Temperature Glass Carafe | Keep Warm & Anti-Drip Function | Reusable Filter | On/ Off Switch with Indicator Light",Warranty,Text,,,,,3 Years,,,,,,,,
4516918000036731792,2026-07-31 07:07:36,2026-07-31 07:07:36,Citrus Juicer - 3 Years,,IQD 22713,Sales,false,,,0,0,0,0,,,,,,,,,,goods,1,,,Confirmation Pending,kg,Kilograms,,,,,,IQD 0,E.99-Cost of Goods Sold(DO NOT USE),,Inventory Asset,,,,,,,,false,Sales and Purchases,true,true,false,Citrus Juicer,"1 L Citrus Juicer- Set includes 2 Cones, Jar and a Transparent Lid| Automatic Juicer for making Orange Juice, Lemon, and so on| Plastic Body with Non-Slip Feet| 25 W| 2 Years Warranty",Warranty,Text,,,,,3 Years,,,,,,,,
4516918000036731804,2026-07-31 07:07:37,2026-07-31 07:07:37,Stainless Steel Citrus Juicer - 3 Years,,IQD 62100,Sales,false,,,0,0,0,0,,,,,,,,,,goods,1,,,Confirmation Pending,kg,Kilograms,,,,,,IQD 0,E.99-Cost of Goods Sold(DO NOT USE),,Inventory Asset,,,,,,,,false,Sales and Purchases,true,true,false,Stainless Steel Citrus Juicer,"Stainless Steel Citrus Juicer- Juicer for Orange Juice, Lemon, and so on| Deluxe Stainless Steel Body with Aluminum Die-Casting Handle| Detachable Caps and Cones for Easy Cleaning| Metallic Silver, 2 Years Warranty",Warranty,Text,,,,,3 Years,,,,,,,,
4516918000036731816,2026-07-31 07:07:37,2026-07-31 07:07:37,Stainless Steel Blender and Juice Extractor - 3 Years,,IQD 132538,Sales,false,,,0,0,0,0,,,,,,,,,,goods,1,,,Confirmation Pending,kg,Kilograms,,,,,,IQD 0,E.99-Cost of Goods Sold(DO NOT USE),,Inventory Asset,,,,,,,,false,Sales and Purchases,true,true,false,Stainless Steel Blender and Juice Extractor,"4-IN-1 Stainless Steel Blender and Juice Extractor- 800 W Powerful Motor with 2 Speed Setting and Pulse| 2 L Pulp Container, 1.1 L Juice Cup, 1.5 L Blender Jar| Stainless Steel Filter and Blade, Perfect for Extracting Juices from Fruits and Vegetables| 2 Years Warranty| Black",Warranty,Text,,,,,3 Years,,,,,,,,
4516918000036731828,2026-07-31 07:07:38,2026-07-31 07:07:38,Hand Blender - 3 Years,,IQD 21563,Sales,false,,,0,0,0,0,,,,,,,,,,goods,1,,,Confirmation Pending,kg,Kilograms,,,,,,IQD 0,E.99-Cost of Goods Sold(DO NOT USE),,Inventory Asset,,,,,,,,false,Sales and Purchases,true,true,false,Hand Blender,"Hand Blender 200W, 2 Speed, Stainless Steel Blade, | Low Noise DC Motor | Detachable Stick | Ideal for Making Smoothies, Milk Shakes, Baby Food | Anti-Splash Blade Guard",Warranty,Text,,,,,3 Years,,,,,,,,
4516918000036731840,2026-07-31 07:07:38,2026-07-31 07:07:38,Powerful Hand Blender - 3 Years,,IQD 31050,Sales,false,,,0,0,0,0,,,,,,,,,,goods,1,,,Confirmation Pending,kg,Kilograms,,,,,,IQD 0,E.99-Cost of Goods Sold(DO NOT USE),,Inventory Asset,,,,,,,,false,Sales and Purchases,true,true,false,Powerful Hand Blender,200W Powerful Hand Blender,Warranty,Text,,,,,3 Years,,,,,,,,
4516918000036731852,2026-07-31 07:07:39,2026-07-31 07:07:39,Multi Chopper - 3 Years,,IQD 45138,Sales,false,,,0,0,0,0,,,,,,,,,,goods,1,,,Confirmation Pending,kg,Kilograms,,,,,,IQD 0,E.99-Cost of Goods Sold(DO NOT USE),,Inventory Asset,,,,,,,,false,Sales and Purchases,true,true,false,Multi Chopper,"3 L Multi Chopper- 500 W, Compact Multi Chopper /3-Speed Levels, and Double Blade Assembly, Suitable for Chopping Vegetables, Fruits, Meat/ Stainless Steel Blade Set for Fast and Effective Chopping, Anti-Slip Ring/ Copper Motor 2-Year Warranty",Warranty,Text,,,,,3 Years,,,,,,,,
4516918000036731873,2026-07-31 07:07:40,2026-07-31 07:07:40,Blender - 3 Years,,IQD 54912,Sales,false,,,0,0,0,0,,,,,,,,,,goods,1,,,Confirmation Pending,kg,Kilograms,,,,,,IQD 0,E.99-Cost of Goods Sold(DO NOT USE),,Inventory Asset,,,,,,,,false,Sales and Purchases,true,true,false,Blender,"3-in-1 Blender- 600 W, Powerful Motor with 3 Speed Setting and Pulse/ Transparent Jars with Stainless Steel Blade, Grinder, Chopper Attachment/ For making Smoothies, Milkshakes, etc. Grinding Beans, Coconut, Nuts, etc. Ice Crushing/ White and Grey, 2 Years Warranty",Warranty,Text,,,,,3 Years,,,,,,,,
4516918000036731885,2026-07-31 07:07:41,2026-07-31 07:07:41,Glass Jug Blender - 3 Years,,IQD 65550,Sales,false,,,0,0,0,0,,,,,,,,,,goods,1,,,Confirmation Pending,kg,Kilograms,,,,,,IQD 0,E.99-Cost of Goods Sold(DO NOT USE),,Inventory Asset,,,,,,,,false,Sales and Purchases,true,true,false,Glass Jug Blender,"1.5 liter Glass Jug Blender- 700W Powerful Motor with 2 Speed Setting and Pulse, Ice Crush Function/ Transparent and Unbreakable Jar with Stainless Steel Blades/ with Spill Proof Pouring Spout, Perfect for Crushing and making Smoothies, Milkshakes, etc./ 2 Years Warranty, Black",Warranty,Text,,,,,3 Years,,,,,,,,
4516918000036731897,2026-07-31 07:07:42,2026-07-31 07:07:42,Digital Kitchen Scale - 3 Years,,IQD 16100,Sales,false,,,0,0,0,0,,,,,,,,,,goods,1,,,Confirmation Pending,kg,Kilograms,,,,,,IQD 0,E.99-Cost of Goods Sold(DO NOT USE),,Inventory Asset,,,,,,,,false,Sales and Purchases,true,true,false,Digital Kitchen Scale,"Digital Kitchen Scale- with LED Screen and Overload and Low Battery Indicator/ Capacity: 10 kg; Power: 2*1.5 V AAA Batteries (not included)/ Auto ON-OFF, Tare Function, Perfect for Baking, Package Weighing, etc./ Silver, 2 Years Warranty",Warranty,Text,,,,,3 Years,,,,,,,,
4516918000036731909,2026-07-31 07:07:43,2026-07-31 07:07:43,Hair Dryer - 3 Years,,IQD 25875,Sales,false,,,0,0,0,0,,,,,,,,,,goods,1,,,Confirmation Pending,kg,Kilograms,,,,,,IQD 0,E.99-Cost of Goods Sold(DO NOT USE),,Inventory Asset,,,,,,,,false,Sales and Purchases,true,true,false,Hair Dryer,Hair Dryer - 2-Speed & 3 Temperature Settings 2200W | Cool Shot Function For Frizz Free Shine Detachable Cap- 2 Years Warranty,Warranty,Text,,,,,3 Years,,,,,,,,
4516918000036731921,2026-07-31 07:07:43,2026-07-31 07:07:43,Mini Hair Dryer - 3 Years,,IQD 19550,Sales,false,,,0,0,0,0,,,,,,,,,,goods,1,,,Confirmation Pending,kg,Kilograms,,,,,,IQD 0,E.99-Cost of Goods Sold(DO NOT USE),,Inventory Asset,,,,,,,,false,Sales and Purchases,true,true,false,Mini Hair Dryer,1600W Mini Hair Dryer with Foldable Handle - 2-Speed & 2 Temperature Settings | Cool Shot Function |Ideal for All Types Of Hairs | 2 Years Warranty,Warranty,Text,,,,,3 Years,,,,,,,,
4516918000036731933,2026-07-31 07:07:44,2026-07-31 07:07:44,Professional Hair Dryer - 3 Years,,IQD 59800,Sales,false,,,0,0,0,0,,,,,,,,,,goods,1,,,Confirmation Pending,kg,Kilograms,,,,,,IQD 0,E.99-Cost of Goods Sold(DO NOT USE),,Inventory Asset,,,,,,,,false,Sales and Purchases,true,true,false,Professional Hair Dryer,"2200 W Professional Hair Dryer- Ionic Function, 2 Speed and 3 Heat Settings/ with Concentrator for Quick Drying, Hang Up Hook for Easy Storage/ Perfect for Salon and at Home Styling/ 2 Years Warranty, Black",Warranty,Text,,,,,3 Years,,,,,,,,
4516918000036731951,2026-07-31 07:07:45,2026-07-31 07:07:45,Rotating Hot Hair Styler - 3 Years,,IQD 41975,Sales,false,,,0,0,0,0,,,,,,,,,,goods,1,,,Confirmation Pending,kg,Kilograms,,,,,,IQD 0,E.99-Cost of Goods Sold(DO NOT USE),,Inventory Asset,,,,,,,,false,Sales and Purchases,true,true,false,Rotating Hot Hair Styler,"2-IN-1 Rotating Hot Hair Styler- Adjustable Temperature Control with 2 Settings/ 360-Degree Swivel Cord and 40 & 50 MM Ceramic Coating Tong and Brush Cover/ Perfect for Salon and At Home Styling/ 2 Years Warranty, Black and Purple",Warranty,Text,,,,,3 Years,,,,,,,,
4516918000036731963,2026-07-31 07:07:46,2026-07-31 07:07:46,Digital Hair Straightener - 3 Years,,IQD 34500,Sales,false,,,0,0,0,0,,,,,,,,,,goods,1,,,Confirmation Pending,kg,Kilograms,,,,,,IQD 0,E.99-Cost of Goods Sold(DO NOT USE),,Inventory Asset,,,,,,,,false,Sales and Purchases,true,true,false,Digital Hair Straightener,"Professional Digital Hair Straightener- Slim Design With LED Display And Ceramic Coated Plate| Lockable Handle, Adjustable Temperature Control, 360-Degree Swivel Cord, ON/OFF Switch| Perfect For Salon And At Home Styling With A Hanging Loop| Black",Warranty,Text,,,,,3 Years,,,,,,,,
4516918000036731978,2026-07-31 07:07:47,2026-07-31 07:07:47,Stubble Trimmer - 3 Years,,IQD 19550,Sales,false,,,0,0,0,0,,,,,,,,,,goods,1,,,Confirmation Pending,kg,Kilograms,,,,,,IQD 0,E.99-Cost of Goods Sold(DO NOT USE),,Inventory Asset,,,,,,,,false,Sales and Purchases,true,true,false,Stubble Trimmer,"Stubble Trimmer, 20 Length Setting Trimmer | Rechargeable Cordless Grooming Detailed Kit for Men | Ideal for Edging Beards, Mustaches, Hair, Stubble, Ear, Nose & Body",Warranty,Text,,,,,3 Years,,,,,,,,
4516918000036731990,2026-07-31 07:07:47,2026-07-31 07:07:47,Professional Digital Hair Clipper - 3 Years,,IQD 47437,Sales,false,,,0,0,0,0,,,,,,,,,,goods,1,,,Confirmation Pending,kg,Kilograms,,,,,,IQD 0,E.99-Cost of Goods Sold(DO NOT USE),,Inventory Asset,,,,,,,,false,Sales and Purchases,true,true,false,Professional Digital Hair Clipper,"Professional Digital Hair Clipper- with High-Capacity Battery and Fast USB Charging/ 4 Adjustable Cutting Blades and 8 Different Length Limit Combs/ LCD Display, Perfect for Home and Saloon Styling/ 2 Years Warranty, Golden",Warranty,Text,,,,,3 Years,,,,,,,,
4516918000036774002,2026-07-31 07:07:47,2026-07-31 07:07:47,Nose & Ear Trimmer - 3 Years,,IQD 8050,Sales,false,,,0,0,0,0,,,,,,,,,,goods,1,,,Confirmation Pending,kg,Kilograms,,,,,,IQD 0,E.99-Cost of Goods Sold(DO NOT USE),,Inventory Asset,,,,,,,,false,Sales and Purchases,true,true,false,Nose & Ear Trimmer,Nose & Ear Trimmer - Professional 2 in 1 Eyebrow & Facial Hair Trimmer for Men |Cleaning Brush - Electric Nostril Nasal Hair Painless Clipper,Warranty,Text,,,,,3 Years,,,,,,,,
4516918000036774014,2026-07-31 07:07:48,2026-07-31 07:07:48,Beard Trimmer - 3 Years,,IQD 16100,Sales,false,,,0,0,0,0,,,,,,,,,,goods,1,,,Confirmation Pending,kg,Kilograms,,,,,,IQD 0,E.99-Cost of Goods Sold(DO NOT USE),,Inventory Asset,,,,,,,,false,Sales and Purchases,true,true,false,Beard Trimmer,"Professional Beard Trimmer- With Pro Shield 1.0 Technology, Beard Trimmer with High Capacity Battery and Waterproof Design| LED Light and Dual Turbo Boast, Perfect for Home and Saloon Styling| 2 Years Warranty, Black",Warranty,Text,,,,,3 Years,,,,,,,,
4516918000036774026,2026-07-31 07:07:48,2026-07-31 07:07:48,Hair Clipper - 3 Years,,IQD 30475,Sales,false,,,0,0,0,0,,,,,,,,,,goods,1,,,Confirmation Pending,kg,Kilograms,,,,,,IQD 0,E.99-Cost of Goods Sold(DO NOT USE),,Inventory Asset,,,,,,,,false,Sales and Purchases,true,true,false,Hair Clipper,"Professional Hair Clipper | Magnetic Motor | Powerful magnetic power, With 4 Detachable Comb Attachments |Prefect for Home and Professional Styling",Warranty,Text,,,,,3 Years,,,,,,,,
4516918000036774038,2026-07-31 07:07:49,2026-07-31 07:07:49,Rechargeable Hair and Beard Trimmer - 3 Years,,IQD 41113,Sales,false,,,0,0,0,0,,,,,,,,,,goods,1,,,Confirmation Pending,kg,Kilograms,,,,,,IQD 0,E.99-Cost of Goods Sold(DO NOT USE),,Inventory Asset,,,,,,,,false,Sales and Purchases,true,true,false,Rechargeable Hair and Beard Trimmer,"Rechargeable Hair and Beard Trimmer- with High-Capacity Li-ion Battery and 180 min Working Time/ Detachable Blades and Waterproof IPX7/ LED Display, Cordless, Perfect for Home and Saloon Styling/ 2 Years Warranty, Silver",Warranty,Text,,,,,3 Years,,,,,,,,
4516918000036774050,2026-07-31 07:07:50,2026-07-31 07:07:50,Digital Body Scale - 3 Years,,IQD 30187,Sales,false,,,0,0,0,0,,,,,,,,,,goods,1,,,Confirmation Pending,kg,Kilograms,,,,,,IQD 0,E.99-Cost of Goods Sold(DO NOT USE),,Inventory Asset,,,,,,,,false,Sales and Purchases,true,true,false,Digital Body Scale,"Digital Body Scale- Multi-Purpose Weighing Machine with High Precision Gauge Sensor System/ for Human Body-Weight, 180 kg Capacity, Tempered Glass Top and ABS Base/ Black, 2 Years Warranty",Warranty,Text,,,,,3 Years,,,,,,,,
4516918000036774062,2026-07-31 07:07:50,2026-07-31 07:07:50,Smart Body Fat Scale - 3 Years,,IQD 33063,Sales,false,,,0,0,0,0,,,,,,,,,,goods,1,,,Confirmation Pending,kg,Kilograms,,,,,,IQD 0,E.99-Cost of Goods Sold(DO NOT USE),,Inventory Asset,,,,,,,,false,Sales and Purchases,true,true,false,Smart Body Fat Scale,"Smart Body Fat ScaleI ncludes Weight, Visceral Fate, Body Fat Rate, BMR, BMI, Body Water, Protein, Body Age, Etc| Connects with Android and IOS| Tempered Glass Platform and Anti Slip Feet| Black",Warranty,Text,,,,,3 Years,,,,,,,,
4516918000036774074,2026-07-31 07:07:51,2026-07-31 07:07:51,Digital Personal Scale - 3 Years,,IQD 19550,Sales,false,,,0,0,0,0,,,,,,,,,,goods,1,,,Confirmation Pending,kg,Kilograms,,,,,,IQD 0,E.99-Cost of Goods Sold(DO NOT USE),,Inventory Asset,,,,,,,,false,Sales and Purchases,true,true,false,Digital Personal Scale,"Digital Personal Scale- Multi-Purpose Weighing Machine with High Precision, LED Display, Human Body-Weight Machine/ 150 KG Capacity, Perfect for Home, Bathroom, Gym, etc. with Step-On Technology/ Black and White, 2 Years Warranty",Warranty,Text,,,,,3 Years,,,,,,,,
4516918000036774086,2026-07-31 07:07:51,2026-07-31 07:07:51,Professional Speaker - 3 Years,,IQD 180550,Sales,false,,,0,0,0,0,,,,,,,,,,goods,1,,,Confirmation Pending,kg,Kilograms,,,,,,IQD 0,E.99-Cost of Goods Sold(DO NOT USE),,Inventory Asset,,,,,,,,false,Sales and Purchases,true,true,false,Professional Speaker,"Rechargeable Professional Speaker, 40000W PMPO, | TWS Connection, BT/FM/USB/TF Card | LED Display | Wireless Microphone | 7.4V/3000mAh Lithium Battery",Warranty,Text,,,,,3 Years,,,,,,,,
4516918000036774098,2026-07-31 07:07:52,2026-07-31 07:07:52,Portable Soundbar System - 3 Years,,IQD 101775,Sales,false,,,0,0,0,0,,,,,,,,,,goods,1,,,Confirmation Pending,kg,Kilograms,,,,,,IQD 0,E.99-Cost of Goods Sold(DO NOT USE),,Inventory Asset,,,,,,,,false,Sales and Purchases,true,true,false,Portable Soundbar System,"Portable Soundbar System - HDMI, USB, MP3, AUX, Bluetooth 5.3, 3D EQ Presets and Inbuilt 2.0CH Amplifier/ with Remote Control, Perfect for TVs, Gaming Consoles, Smartphones, Tablets, Laptops/ Black, 2 Years Warranty",Warranty,Text,,,,,3 Years,,,,,,,,
4516918000036774119,2026-07-31 07:07:54,2026-07-31 07:07:54,Glass Gas Hob - 3 Years,,IQD 199525,Sales,false,,,0,0,0,0,,,,,,,,,,goods,1,,,Confirmation Pending,kg,Kilograms,,,,,,IQD 0,E.99-Cost of Goods Sold(DO NOT USE),,Inventory Asset,,,,,,,,false,Sales and Purchases,true,true,false,Glass Gas Hob,"Glass Gas Hob- 5 Burner Glass Stove, Cast Iron Pan Support, Auto Ignition, Metal Knob / comes with Stylish Design and High Efficiency, Metal Knob ,8 MM Thickness Glass/ Black Color, 2 Years Warranty",Warranty,Text,,,,,3 Years,,,,,,,,
4516918000036774131,2026-07-31 07:07:54,2026-07-31 07:07:54,Built-In Gas Hob - 3 Years,,IQD 134838,Sales,false,,,0,0,0,0,,,,,,,,,,goods,1,,,Confirmation Pending,kg,Kilograms,,,,,,IQD 0,E.99-Cost of Goods Sold(DO NOT USE),,Inventory Asset,,,,,,,,false,Sales and Purchases,true,true,false,Built-In Gas Hob,"Built-In Gas Hob - Stainless Steel Stove, Metal Knob Control, Cast Iron Pan Support, Auto Ignition / 4 Burners, High Durability, Modern Kitchen Appliance, Ideal for All Cooking Needs, Low Fuel Consumption and Improved Flow for Efficient Heating/ Black and Silver, 2 Years Warranty",Warranty,Text,,,,,3 Years,,,,,,,,
4516918000036774143,2026-07-31 07:07:55,2026-07-31 07:07:55,Burner Glass Gas Hob - 3 Years,,IQD 140588,Sales,false,,,0,0,0,0,,,,,,,,,,goods,1,,,Confirmation Pending,kg,Kilograms,,,,,,IQD 0,E.99-Cost of Goods Sold(DO NOT USE),,Inventory Asset,,,,,,,,false,Sales and Purchases,true,true,false,Burner Glass Gas Hob,"8mm Tempered 4 Burner Glass Gas Hob- Sleek Design ,Automatic Ignition , Low Gas Consumption / Heavy-Duty, Long-lasting, Perfect Addition to Stylish Kitchens, Safe and Efficient Cooking/ Black Color, 2 Years Warranty.",Warranty,Text,,,,,3 Years,,,,,,,,
4516918000036774155,2026-07-31 07:07:55,2026-07-31 07:07:55,4 Slice Grill Maker - 3 Years,,IQD 74175,Sales,false,,,0,0,0,0,,,,,,,,,,goods,1,,,Confirmation Pending,kg,Kilograms,,,,,,IQD 0,E.99-Cost of Goods Sold(DO NOT USE),,Inventory Asset,,,,,,,,false,Sales and Purchases,true,true,false,4 Slice Grill Maker,"4 Slice Grill Maker, 2000W Power- 180 Open Design, Temperature Control, Overheat Protection, Cool Touch Safe Handle, Floating Hinge System",Warranty,Text,,,,,3 Years,,,,,,,,
4516918000036774179,2026-07-31 07:07:57,2026-07-31 07:07:57,Hot Dryer and Straightener Brush - 3 Years,,IQD 34500,Sales,false,,,0,0,0,0,,,,,,,,,,goods,1,,,Confirmation Pending,kg,Kilograms,,,,,,IQD 0,E.99-Cost of Goods Sold(DO NOT USE),,Inventory Asset,,,,,,,,false,Sales and Purchases,true,true,false,Hot Dryer and Straightener Brush,"3-in-1 Hot Dryer and Straightener Brush- 2 Speed Heat Setting and Cool Function with In-Built Comb| Quick Heat-up, Perfect for Salon and At Home Styling| 2 Years Warranty, Black and orange",Warranty,Text,,,,,3 Years,,,,,,,,
4516918000036774191,2026-07-31 07:07:58,2026-07-31 07:07:58,Hair Styler - 3 Years,,IQD 38525,Sales,false,,,0,0,0,0,,,,,,,,,,goods,1,,,Confirmation Pending,kg,Kilograms,,,,,,IQD 0,E.99-Cost of Goods Sold(DO NOT USE),,Inventory Asset,,,,,,,,false,Sales and Purchases,true,true,false,Hair Styler,"4-IN-1 Hair Styler- 3 Speed, 3 Heat Settings| 360-Degree Swivel Cord and Hanging Function| Perfect for Salon and At Home Styling, Three Interchangeable Heads| 2 Years Warranty, Black and Rose Gold",Warranty,Text,,,,,3 Years,,,,,,,,
4516918000036774203,2026-07-31 07:07:59,2026-07-31 07:07:59,Professional Digital Hair Straightener - 3 Years,,IQD 31337,Sales,false,,,0,0,0,0,,,,,,,,,,goods,1,,,Confirmation Pending,kg,Kilograms,,,,,,IQD 0,E.99-Cost of Goods Sold(DO NOT USE),,Inventory Asset,,,,,,,,false,Sales and Purchases,true,true,false,Professional Digital Hair Straightener,"Professional Digital Hair Straightener- Slim Design with Display and Ceramic Coated Plate/ Lockable Handle, Adjustable Temperature Control, 360-Degree Swivel Cord/ Perfect for Salon and at Home Styling/ Blue",Warranty,Text,,,,,3 Years,,,,,,,,
4516918000036774215,2026-07-31 07:07:59,2026-07-31 07:07:59,Rechargeable Ladies Grooming Set - 3 Years,,IQD 41975,Sales,false,,,0,0,0,0,,,,,,,,,,goods,1,,,Confirmation Pending,kg,Kilograms,,,,,,IQD 0,E.99-Cost of Goods Sold(DO NOT USE),,Inventory Asset,,,,,,,,false,Sales and Purchases,true,true,false,Rechargeable Ladies Grooming Set,Rechargeable Ladies Grooming Set | 4-in-1 | Electric Hair Remover | Detachable Shaving Head| On/Off Switch| LED Indicator Light| Ideal to Remove Unwanted Hair,Warranty,Text,,,,,3 Years,,,,,,,,
4516918000036774227,2026-07-31 07:07:59,2026-07-31 07:07:59,Professional Hair Clipper - 3 Years,,IQD 46288,Sales,false,,,0,0,0,0,,,,,,,,,,goods,1,,,Confirmation Pending,kg,Kilograms,,,,,,IQD 0,E.99-Cost of Goods Sold(DO NOT USE),,Inventory Asset,,,,,,,,false,Sales and Purchases,true,true,false,Professional Hair Clipper,"Professional Hair Clipper- Hair and Beard Clipper with High Capacity Li-ion Battery and Fast Charging, Operating Time: 200 Minutes| 6 Separate Comb Attachments and 1 Protection Cap| LED Display, Perfect for Home and Saloon Styling| 2 Years Warranty, Golden",Warranty,Text,,,,,3 Years,,,,,,,,
4516918000036774239,2026-07-31 07:08:00,2026-07-31 07:08:00,Digital Hair Clipper - 3 Years,,IQD 51750,Sales,false,,,0,0,0,0,,,,,,,,,,goods,1,,,Confirmation Pending,kg,Kilograms,,,,,,IQD 0,E.99-Cost of Goods Sold(DO NOT USE),,Inventory Asset,,,,,,,,false,Sales and Purchases,true,true,false,Digital Hair Clipper,"Digital Hair Clipper- Hair Clipper with High Capacity Battery| High Performance Blade with Titanium Coating for Efficient Operation, Does not Hurt Scalp| Digital Display, Perfect for Home and Saloon Styling| 2 Years Warranty, Black",Warranty,Text,,,,,3 Years,,,,,,,,
4516918000036774254,2026-07-31 07:08:01,2026-07-31 07:08:01,Rechargeable Trimmer - 3 Years,,IQD 37663,Sales,false,,,0,0,0,0,,,,,,,,,,goods,1,,,Confirmation Pending,kg,Kilograms,,,,,,IQD 0,E.99-Cost of Goods Sold(DO NOT USE),,Inventory Asset,,,,,,,,false,Sales and Purchases,true,true,false,Rechargeable Trimmer,"3-in-1 Grooming Kit, Rechargeable Trimmer, | T-Blade, Nose Trimmer And Carver Blade | 1300mah Lithium Battery | 180 Minutes Working Time",Warranty,Text,,,,,3 Years,,,,,,,,
4516918000036774266,2026-07-31 07:08:01,2026-07-31 07:08:01,Soundbar Speaker System - 3 Years,,IQD 174800,Sales,false,,,0,0,0,0,,,,,,,,,,goods,1,,,Confirmation Pending,kg,Kilograms,,,,,,IQD 0,E.99-Cost of Goods Sold(DO NOT USE),,Inventory Asset,,,,,,,,false,Sales and Purchases,true,true,false,Soundbar Speaker System,"120W Soundbar Speaker System- MP3, MP4, CD/DVD Movies and Digital Playback, Perfect for Home Entertainment, Music Playback, Bluetooth 5.0 Wireless Streaming, Gaming/ Touch Control Panel, Front Gill/ Black, 2 Years Warranty",Warranty,Text,,,,,3 Years,,,,,,,,
4516918000036774278,2026-07-31 07:08:02,2026-07-31 07:08:02,Aluminum Pressure Cooker - 3 Years,,IQD 41975,Sales,false,,,0,0,0,0,,,,,,,,,,goods,1,,,Confirmation Pending,kg,Kilograms,,,,,,IQD 0,E.99-Cost of Goods Sold(DO NOT USE),,Inventory Asset,,,,,,,,false,Sales and Purchases,true,true,false,Aluminum Pressure Cooker,"7 L Aluminum Pressure Cooker- Multi-safety device | Unique Pressure Indicator| Durable Aluminum Alloy Construction with Firm Handles| Compatible with Gas, Ceramic and Halogen Cooktops| Silver",Warranty,Text,,,,,3 Years,,,,,,,,
4516918000036774296,2026-07-31 07:08:03,2026-07-31 07:08:03,Stainless Steel Pressure Cooker - 3 Years,,IQD 89988,Sales,false,,,0,0,0,0,,,,,,,,,,goods,1,,,Confirmation Pending,kg,Kilograms,,,,,,IQD 0,E.99-Cost of Goods Sold(DO NOT USE),,Inventory Asset,,,,,,,,false,Sales and Purchases,true,true,false,Stainless Steel Pressure Cooker,"Stainless Steel Pressure Cooker - Lightweight & Home Kitchen Pressure Cooker with Lid, Multi-Safety Device with Cool Touch Handles and Safety Valves - for Gas and Solid Hotplates (7L)",Warranty,Text,,,,,3 Years,,,,,,,,
4516918000036774308,2026-07-31 07:08:15,2026-07-31 07:08:15,Personal Blender - 3 Years,,IQD 49450,Sales,false,,,0,0,0,0,,,,,,,,,,goods,1,,,Confirmation Pending,kg,Kilograms,,,,,,IQD 0,E.99-Cost of Goods Sold(DO NOT USE),,Inventory Asset,,,,,,,,false,Sales and Purchases,true,true,false,Personal Blender,"Personal Blender- 500W Powerful Motor with 2 Plastic Sport Bottles, 570 ML & 400 ML| Transparent and Unbreakable Bottles with Stainless Steel Blade| Perfect for making Smoothies, Milkshakes, Protein Shakes, etc| 2 Years Warranty, Black & Silver",Warranty,Text,,,,,3 Years,,,,,,,,
